fetch_timestamp,park_name,land,ride_id,ride_name,wait_time,is_open,last_updated
2026-04-10 11:19,Disneyland,Adventureland,12428,Adventureland Treehouse inspired by Walt Disney’s Swiss Family Robinson,0,True,2026-04-10T18:15:41.000Z
2026-04-10 11:19,Disneyland,Adventureland,326,Indiana Jones™ Adventure,55,True,2026-04-10T18:15:41.000Z
2026-04-10 11:19,Disneyland,Adventureland,296,Jungle Cruise,0,False,2026-04-10T18:15:41.000Z
2026-04-10 11:19,Disneyland,Adventureland,288,Walt Disney's Enchanted Tiki Room,0,True,2026-04-10T18:15:41.000Z
2026-04-10 11:19,Disneyland,Bayou Country,304,Davy Crockett's Explorer Canoes,20,True,2026-04-10T18:15:41.000Z
2026-04-10 11:19,Disneyland,Bayou Country,306,The Many Adventures of Winnie the Pooh,40,True,2026-04-10T18:15:41.000Z
2026-04-10 11:19,Disneyland,Bayou Country,14168,Tiana's Bayou Adventure,60,True,2026-04-10T18:15:41.000Z
2026-04-10 11:19,Disneyland,Bayou Country,14326,Tiana's Bayou Adventure Single Rider,0,True,2026-04-10T18:15:41.000Z
2026-04-10 11:19,Disneyland,Fantasyland,307,"""it's a small world""",30,True,2026-04-10T18:15:41.000Z
2026-04-10 11:19,Disneyland,Fantasyland,285,Alice in Wonderland,30,True,2026-04-10T18:15:41.000Z
2026-04-10 11:19,Disneyland,Fantasyland,303,Casey Jr. Circus Train,15,True,2026-04-10T18:15:41.000Z
2026-04-10 11:19,Disneyland,Fantasyland,275,Dumbo the Flying Elephant,40,True,2026-04-10T18:15:41.000Z
2026-04-10 11:19,Disneyland,Fantasyland,277,King Arthur Carrousel,15,True,2026-04-10T18:15:41.000Z
2026-04-10 11:19,Disneyland,Fantasyland,278,Mad Tea Party,0,False,2026-04-10T18:15:41.000Z
2026-04-10 11:19,Disneyland,Fantasyland,279,Matterhorn Bobsleds,45,True,2026-04-10T18:15:41.000Z
2026-04-10 11:19,Disneyland,Fantasyland,6711,Meet Disney Princesses at Royal Hall,45,True,2026-04-10T18:15:41.000Z
2026-04-10 11:19,Disneyland,Fantasyland,280,Mr. Toad's Wild Ride,30,True,2026-04-10T18:15:41.000Z
2026-04-10 11:19,Disneyland,Fantasyland,281,Peter Pan's Flight,0,False,2026-04-10T18:15:41.000Z
2026-04-10 11:19,Disneyland,Fantasyland,282,Pinocchio's Daring Journey,20,True,2026-04-10T18:15:41.000Z
2026-04-10 11:19,Disneyland,Fantasyland,687,Sleeping Beauty Castle Walkthrough,0,False,2026-04-10T18:15:41.000Z
2026-04-10 11:19,Disneyland,Fantasyland,283,Snow White's Enchanted Wish,30,True,2026-04-10T18:15:41.000Z
2026-04-10 11:19,Disneyland,Fantasyland,305,Storybook Land Canal Boats,25,True,2026-04-10T18:15:41.000Z
2026-04-10 11:19,Disneyland,Frontierland,323,Big Thunder Mountain Railroad,0,False,2026-04-10T18:15:41.000Z
2026-04-10 11:19,Disneyland,Frontierland,679,Frontierland Shootin' Exposition,0,True,2026-04-10T18:15:41.000Z
2026-04-10 11:19,Disneyland,Frontierland,456,Mark Twain Riverboat,10,True,2026-04-10T18:15:41.000Z
2026-04-10 11:19,Disneyland,Frontierland,331,Pirate's Lair on Tom Sawyer Island,5,True,2026-04-10T18:15:41.000Z
2026-04-10 11:19,Disneyland,Frontierland,328,Sailing Ship Columbia,0,False,2026-04-10T18:15:41.000Z
2026-04-10 11:19,Disneyland,Main Street U.S.A,674,Disneyland Railroad,5,True,2026-04-10T18:15:41.000Z
2026-04-10 11:19,Disneyland,Main Street U.S.A,690,Great Moments with Mr. Lincoln,0,True,2026-04-10T18:15:41.000Z
2026-04-10 11:19,Disneyland,Main Street U.S.A,686,Main Street Cinema,0,True,2026-04-10T18:15:41.000Z
2026-04-10 11:19,Disneyland,Main Street U.S.A,691,Main Street Vehicles,0,True,2026-04-10T18:15:41.000Z
2026-04-10 11:19,Disneyland,Main Street U.S.A,14915,Opera House - Walt Disney - A Magical Life,0,True,2026-04-10T18:15:41.000Z
2026-04-10 11:19,Disneyland,Main Street U.S.A,695,The Disney Gallery,0,True,2026-04-10T18:15:41.000Z
2026-04-10 11:19,Disneyland,Main Street U.S.A,14923,Walt Disney - A Magical Life,0,False,2026-04-10T18:15:41.000Z
2026-04-10 11:19,Disneyland,Mickey's Toontown,324,Chip 'n' Dale's GADGETcoaster,30,True,2026-04-10T18:15:41.000Z
2026-04-10 11:19,Disneyland,Mickey's Toontown,13814,Donald's Duck Pond,0,True,2026-04-10T18:15:41.000Z
2026-04-10 11:19,Disneyland,Mickey's Toontown,11980,Goofy's How-to-Play Yard,0,True,2026-04-10T18:15:41.000Z
2026-04-10 11:19,Disneyland,Mickey's Toontown,11526,Mickey & Minnie's Runaway Railway,45,True,2026-04-10T18:15:41.000Z
2026-04-10 11:19,Disneyland,Mickey's Toontown,709,Mickey's House and Meet Mickey Mouse,30,True,2026-04-10T18:15:41.000Z
2026-04-10 11:19,Disneyland,Mickey's Toontown,327,Mickey's House and Meet Mickey Mouse,0,False,2026-04-10T18:15:41.000Z
2026-04-10 11:19,Disneyland,Mickey's Toontown,684,Minnie's House,0,True,2026-04-10T18:15:41.000Z
2026-04-10 11:19,Disneyland,Mickey's Toontown,332,Roger Rabbit's Car Toon Spin,0,False,2026-04-10T18:15:41.000Z
2026-04-10 11:19,Disneyland,New Orleans Square,13958,Haunted Mansion,50,True,2026-04-10T18:15:41.000Z
2026-04-10 11:19,Disneyland,New Orleans Square,289,Pirates of the Caribbean,50,True,2026-04-10T18:15:41.000Z
2026-04-10 11:19,Disneyland,Star Wars: Galaxy's Edge,6339,Millennium Falcon: Smugglers Run,65,True,2026-04-10T18:15:41.000Z
2026-04-10 11:19,Disneyland,Star Wars: Galaxy's Edge,10903,Millennium Falcon: Smugglers Run Single Rider,0,True,2026-04-10T18:15:41.000Z
2026-04-10 11:19,Disneyland,Star Wars: Galaxy's Edge,6340,Star Wars: Rise of the Resistance,85,True,2026-04-10T18:15:41.000Z
2026-04-10 11:19,Disneyland,Tomorrowland,287,Astro Orbitor,40,True,2026-04-10T18:15:41.000Z
2026-04-10 11:19,Disneyland,Tomorrowland,317,Autopia,25,True,2026-04-10T18:15:41.000Z
2026-04-10 11:19,Disneyland,Tomorrowland,273,Buzz Lightyear Astro Blasters,35,True,2026-04-10T18:15:41.000Z
2026-04-10 11:19,Disneyland,Tomorrowland,274,Disneyland Monorail,0,False,2026-04-10T18:15:41.000Z
2026-04-10 11:19,Disneyland,Tomorrowland,276,Finding Nemo Submarine Voyage,25,True,2026-04-10T18:15:41.000Z
2026-04-10 11:19,Disneyland,Tomorrowland,284,Space Mountain,95,True,2026-04-10T18:15:41.000Z
2026-04-10 11:19,Disneyland,Tomorrowland,286,Star Tours - The Adventures Continue,60,True,2026-04-10T18:15:41.000Z
2026-04-10 11:19,Disney California Adventure,Avengers Campus,329,Guardians of the Galaxy - Mission: BREAKOUT!,70,True,2026-04-10T18:15:41.000Z
2026-04-10 11:19,Disney California Adventure,Avengers Campus,8843,WEB SLINGERS: A Spider-Man Adventure,60,True,2026-04-10T18:15:41.000Z
2026-04-10 11:19,Disney California Adventure,Avengers Campus,10907,WEB SLINGERS: A Spider-Man Adventure Single Rider,0,True,2026-04-10T18:15:41.000Z
2026-04-10 11:19,Disney California Adventure,Cars Land,13961,Luigi's Rollickin' Roadsters,0,False,2026-04-10T18:15:41.000Z
2026-04-10 11:19,Disney California Adventure,Cars Land,315,Mater's Junkyard Jamboree,45,True,2026-04-10T18:15:41.000Z
2026-04-10 11:19,Disney California Adventure,Cars Land,295,Radiator Springs Racers,90,True,2026-04-10T18:15:41.000Z
2026-04-10 11:19,Disney California Adventure,Cars Land,10904,Radiator Springs Racers Single Rider,0,True,2026-04-10T18:15:41.000Z
2026-04-10 11:19,Disney California Adventure,Grizzly Peak,302,Grizzly River Run,60,True,2026-04-10T18:15:41.000Z
2026-04-10 11:19,Disney California Adventure,Grizzly Peak,293,Redwood Creek Challenge Trail,0,True,2026-04-10T18:15:41.000Z
2026-04-10 11:19,Disney California Adventure,Grizzly Peak,312,Soarin' Over California,65,True,2026-04-10T18:15:41.000Z
2026-04-10 11:19,Disney California Adventure,Hollywood Land,321,Animation Academy,0,True,2026-04-10T18:15:41.000Z
2026-04-10 11:19,Disney California Adventure,Hollywood Land,6440,Mickey's PhilharMagic,10,True,2026-04-10T18:15:41.000Z
2026-04-10 11:19,Disney California Adventure,Hollywood Land,291,"Monsters, Inc. Mike & Sulley to the Rescue!",50,True,2026-04-10T18:15:41.000Z
2026-04-10 11:19,Disney California Adventure,Hollywood Land,868,Sorcerer's Workshop,0,True,2026-04-10T18:15:41.000Z
2026-04-10 11:19,Disney California Adventure,Hollywood Land,294,Turtle Talk with Crush,0,True,2026-04-10T18:15:41.000Z
2026-04-10 11:19,Disney California Adventure,Paradise Gardens Park,298,Golden Zephyr,0,False,2026-04-10T18:15:41.000Z
2026-04-10 11:19,Disney California Adventure,Paradise Gardens Park,319,Goofy's Sky School,50,True,2026-04-10T18:15:41.000Z
2026-04-10 11:19,Disney California Adventure,Paradise Gardens Park,301,Silly Symphony Swings,15,True,2026-04-10T18:15:41.000Z
2026-04-10 11:19,Disney California Adventure,Paradise Gardens Park,10905,Silly Symphony Swings Single Rider,0,True,2026-04-10T18:15:41.000Z
2026-04-10 11:19,Disney California Adventure,Paradise Gardens Park,316,The Little Mermaid - Ariel's Undersea Adventure,20,True,2026-04-10T18:15:41.000Z
2026-04-10 11:19,Disney California Adventure,Paradise Gardens Park,14742,World of Color Happiness!,0,True,2026-04-10T18:15:41.000Z
2026-04-10 11:19,Disney California Adventure,Pixar Pier,13960,Games of Pixar Pier,0,True,2026-04-10T18:15:41.000Z
2026-04-10 11:19,Disney California Adventure,Pixar Pier,322,Incredicoaster,35,True,2026-04-10T18:15:41.000Z
2026-04-10 11:19,Disney California Adventure,Pixar Pier,10906,Incredicoaster Single Rider,0,True,2026-04-10T18:15:41.000Z
2026-04-10 11:19,Disney California Adventure,Pixar Pier,6643,Inside Out Emotional Whirlwind,0,False,2026-04-10T18:15:41.000Z
2026-04-10 11:19,Disney California Adventure,Pixar Pier,310,Jessie's Critter Carousel,5,True,2026-04-10T18:15:41.000Z
2026-04-10 11:19,Disney California Adventure,Pixar Pier,300,Jumpin' Jellyfish,25,True,2026-04-10T18:15:41.000Z
2026-04-10 11:19,Disney California Adventure,Pixar Pier,311,Pixar Pal-A-Round - Swinging,45,True,2026-04-10T18:15:41.000Z
2026-04-10 11:19,Disney California Adventure,Pixar Pier,5557,Pixar Pal-A-Round – Non-Swinging,30,True,2026-04-10T18:15:41.000Z
2026-04-10 11:19,Disney California Adventure,Pixar Pier,313,Toy Story Midway Mania!,0,False,2026-04-10T18:15:41.000Z
2026-04-10 11:19,Disney California Adventure,San Fransokyo Square,13959,The Bakery Tour,0,True,2026-04-10T18:15:41.000Z
2026-04-10 11:32:48,Disneyland,Adventureland,12428,Adventureland Treehouse inspired by Walt Disney’s Swiss Family Robinson,0,True,2026-04-10T18:30:35.000Z
2026-04-10 11:32:48,Disneyland,Adventureland,326,Indiana Jones™ Adventure,55,True,2026-04-10T18:30:35.000Z
2026-04-10 11:32:48,Disneyland,Adventureland,296,Jungle Cruise,0,False,2026-04-10T18:30:35.000Z
2026-04-10 11:32:48,Disneyland,Adventureland,288,Walt Disney's Enchanted Tiki Room,0,True,2026-04-10T18:30:35.000Z
2026-04-10 11:32:48,Disneyland,Bayou Country,304,Davy Crockett's Explorer Canoes,20,True,2026-04-10T18:30:35.000Z
2026-04-10 11:32:48,Disneyland,Bayou Country,306,The Many Adventures of Winnie the Pooh,10,True,2026-04-10T18:30:35.000Z
2026-04-10 11:32:48,Disneyland,Bayou Country,14168,Tiana's Bayou Adventure,60,True,2026-04-10T18:30:35.000Z
2026-04-10 11:32:48,Disneyland,Bayou Country,14326,Tiana's Bayou Adventure Single Rider,0,True,2026-04-10T18:30:35.000Z
2026-04-10 11:32:48,Disneyland,Fantasyland,307,"""it's a small world""",30,True,2026-04-10T18:30:35.000Z
2026-04-10 11:32:48,Disneyland,Fantasyland,285,Alice in Wonderland,30,True,2026-04-10T18:30:35.000Z
2026-04-10 11:32:48,Disneyland,Fantasyland,303,Casey Jr. Circus Train,15,True,2026-04-10T18:30:35.000Z
2026-04-10 11:32:48,Disneyland,Fantasyland,275,Dumbo the Flying Elephant,40,True,2026-04-10T18:30:35.000Z
2026-04-10 11:32:48,Disneyland,Fantasyland,277,King Arthur Carrousel,10,True,2026-04-10T18:30:35.000Z
2026-04-10 11:32:48,Disneyland,Fantasyland,278,Mad Tea Party,0,False,2026-04-10T18:30:35.000Z
2026-04-10 11:32:48,Disneyland,Fantasyland,279,Matterhorn Bobsleds,55,True,2026-04-10T18:30:35.000Z
2026-04-10 11:32:48,Disneyland,Fantasyland,6711,Meet Disney Princesses at Royal Hall,60,True,2026-04-10T18:30:35.000Z
2026-04-10 11:32:48,Disneyland,Fantasyland,280,Mr. Toad's Wild Ride,30,True,2026-04-10T18:30:35.000Z
2026-04-10 11:32:48,Disneyland,Fantasyland,281,Peter Pan's Flight,30,True,2026-04-10T18:30:35.000Z
2026-04-10 11:32:48,Disneyland,Fantasyland,282,Pinocchio's Daring Journey,20,True,2026-04-10T18:30:35.000Z
2026-04-10 11:32:48,Disneyland,Fantasyland,687,Sleeping Beauty Castle Walkthrough,0,False,2026-04-10T18:30:35.000Z
2026-04-10 11:32:48,Disneyland,Fantasyland,283,Snow White's Enchanted Wish,30,True,2026-04-10T18:30:35.000Z
2026-04-10 11:32:48,Disneyland,Fantasyland,305,Storybook Land Canal Boats,35,True,2026-04-10T18:30:35.000Z
2026-04-10 11:32:48,Disneyland,Frontierland,323,Big Thunder Mountain Railroad,0,False,2026-04-10T18:30:35.000Z
2026-04-10 11:32:48,Disneyland,Frontierland,679,Frontierland Shootin' Exposition,0,True,2026-04-10T18:30:35.000Z
2026-04-10 11:32:48,Disneyland,Frontierland,456,Mark Twain Riverboat,10,True,2026-04-10T18:30:35.000Z
2026-04-10 11:32:48,Disneyland,Frontierland,331,Pirate's Lair on Tom Sawyer Island,5,True,2026-04-10T18:30:35.000Z
2026-04-10 11:32:48,Disneyland,Frontierland,328,Sailing Ship Columbia,0,False,2026-04-10T18:30:35.000Z
2026-04-10 11:32:48,Disneyland,Main Street U.S.A,674,Disneyland Railroad,5,True,2026-04-10T18:30:35.000Z
2026-04-10 11:32:48,Disneyland,Main Street U.S.A,690,Great Moments with Mr. Lincoln,0,True,2026-04-10T18:30:35.000Z
2026-04-10 11:32:48,Disneyland,Main Street U.S.A,686,Main Street Cinema,0,True,2026-04-10T18:30:35.000Z
2026-04-10 11:32:48,Disneyland,Main Street U.S.A,691,Main Street Vehicles,0,True,2026-04-10T18:30:35.000Z
2026-04-10 11:32:48,Disneyland,Main Street U.S.A,14915,Opera House - Walt Disney - A Magical Life,0,True,2026-04-10T18:30:35.000Z
2026-04-10 11:32:48,Disneyland,Main Street U.S.A,695,The Disney Gallery,0,True,2026-04-10T18:30:35.000Z
2026-04-10 11:32:48,Disneyland,Main Street U.S.A,14923,Walt Disney - A Magical Life,0,False,2026-04-10T18:30:35.000Z
2026-04-10 11:32:48,Disneyland,Mickey's Toontown,324,Chip 'n' Dale's GADGETcoaster,45,True,2026-04-10T18:30:35.000Z
2026-04-10 11:32:48,Disneyland,Mickey's Toontown,13814,Donald's Duck Pond,0,True,2026-04-10T18:30:35.000Z
2026-04-10 11:32:48,Disneyland,Mickey's Toontown,11980,Goofy's How-to-Play Yard,0,True,2026-04-10T18:30:35.000Z
2026-04-10 11:32:48,Disneyland,Mickey's Toontown,11526,Mickey & Minnie's Runaway Railway,65,True,2026-04-10T18:30:35.000Z
2026-04-10 11:32:48,Disneyland,Mickey's Toontown,709,Mickey's House and Meet Mickey Mouse,30,True,2026-04-10T18:30:35.000Z
2026-04-10 11:32:48,Disneyland,Mickey's Toontown,327,Mickey's House and Meet Mickey Mouse,0,False,2026-04-10T18:30:35.000Z
2026-04-10 11:32:48,Disneyland,Mickey's Toontown,684,Minnie's House,0,True,2026-04-10T18:30:35.000Z
2026-04-10 11:32:48,Disneyland,Mickey's Toontown,332,Roger Rabbit's Car Toon Spin,0,False,2026-04-10T18:30:35.000Z
2026-04-10 11:32:48,Disneyland,New Orleans Square,13958,Haunted Mansion,50,True,2026-04-10T18:30:35.000Z
2026-04-10 11:32:48,Disneyland,New Orleans Square,289,Pirates of the Caribbean,25,True,2026-04-10T18:30:35.000Z
2026-04-10 11:32:48,Disneyland,Star Wars: Galaxy's Edge,6339,Millennium Falcon: Smugglers Run,65,True,2026-04-10T18:30:35.000Z
2026-04-10 11:32:48,Disneyland,Star Wars: Galaxy's Edge,10903,Millennium Falcon: Smugglers Run Single Rider,0,True,2026-04-10T18:30:35.000Z
2026-04-10 11:32:48,Disneyland,Star Wars: Galaxy's Edge,6340,Star Wars: Rise of the Resistance,85,True,2026-04-10T18:30:35.000Z
2026-04-10 11:32:48,Disneyland,Tomorrowland,287,Astro Orbitor,40,True,2026-04-10T18:30:35.000Z
2026-04-10 11:32:48,Disneyland,Tomorrowland,317,Autopia,35,True,2026-04-10T18:30:35.000Z
2026-04-10 11:32:48,Disneyland,Tomorrowland,273,Buzz Lightyear Astro Blasters,40,True,2026-04-10T18:30:35.000Z
2026-04-10 11:32:48,Disneyland,Tomorrowland,274,Disneyland Monorail,0,False,2026-04-10T18:30:35.000Z
2026-04-10 11:32:48,Disneyland,Tomorrowland,276,Finding Nemo Submarine Voyage,35,True,2026-04-10T18:30:35.000Z
2026-04-10 11:32:48,Disneyland,Tomorrowland,284,Space Mountain,95,True,2026-04-10T18:30:35.000Z
2026-04-10 11:32:48,Disneyland,Tomorrowland,286,Star Tours - The Adventures Continue,60,True,2026-04-10T18:30:35.000Z
2026-04-10 11:32:48,Disney California Adventure,Avengers Campus,329,Guardians of the Galaxy - Mission: BREAKOUT!,90,True,2026-04-10T18:30:50.000Z
2026-04-10 11:32:48,Disney California Adventure,Avengers Campus,8843,WEB SLINGERS: A Spider-Man Adventure,60,True,2026-04-10T18:30:50.000Z
2026-04-10 11:32:48,Disney California Adventure,Avengers Campus,10907,WEB SLINGERS: A Spider-Man Adventure Single Rider,0,True,2026-04-10T18:30:50.000Z
2026-04-10 11:32:48,Disney California Adventure,Cars Land,13961,Luigi's Rollickin' Roadsters,40,True,2026-04-10T18:30:50.000Z
2026-04-10 11:32:48,Disney California Adventure,Cars Land,315,Mater's Junkyard Jamboree,30,True,2026-04-10T18:30:50.000Z
2026-04-10 11:32:48,Disney California Adventure,Cars Land,295,Radiator Springs Racers,90,True,2026-04-10T18:30:50.000Z
2026-04-10 11:32:48,Disney California Adventure,Cars Land,10904,Radiator Springs Racers Single Rider,0,True,2026-04-10T18:30:50.000Z
2026-04-10 11:32:48,Disney California Adventure,Grizzly Peak,302,Grizzly River Run,45,True,2026-04-10T18:30:50.000Z
2026-04-10 11:32:48,Disney California Adventure,Grizzly Peak,293,Redwood Creek Challenge Trail,0,True,2026-04-10T18:30:50.000Z
2026-04-10 11:32:48,Disney California Adventure,Grizzly Peak,312,Soarin' Over California,65,True,2026-04-10T18:30:50.000Z
2026-04-10 11:32:48,Disney California Adventure,Hollywood Land,321,Animation Academy,0,True,2026-04-10T18:30:50.000Z
2026-04-10 11:32:48,Disney California Adventure,Hollywood Land,6440,Mickey's PhilharMagic,10,True,2026-04-10T18:30:50.000Z
2026-04-10 11:32:48,Disney California Adventure,Hollywood Land,291,"Monsters, Inc. Mike & Sulley to the Rescue!",50,True,2026-04-10T18:30:50.000Z
2026-04-10 11:32:48,Disney California Adventure,Hollywood Land,868,Sorcerer's Workshop,0,True,2026-04-10T18:30:50.000Z
2026-04-10 11:32:48,Disney California Adventure,Hollywood Land,294,Turtle Talk with Crush,0,True,2026-04-10T18:30:50.000Z
2026-04-10 11:32:48,Disney California Adventure,Paradise Gardens Park,298,Golden Zephyr,0,False,2026-04-10T18:30:50.000Z
2026-04-10 11:32:48,Disney California Adventure,Paradise Gardens Park,319,Goofy's Sky School,50,True,2026-04-10T18:30:50.000Z
2026-04-10 11:32:48,Disney California Adventure,Paradise Gardens Park,301,Silly Symphony Swings,20,True,2026-04-10T18:30:50.000Z
2026-04-10 11:32:48,Disney California Adventure,Paradise Gardens Park,10905,Silly Symphony Swings Single Rider,0,True,2026-04-10T18:30:50.000Z
2026-04-10 11:32:48,Disney California Adventure,Paradise Gardens Park,316,The Little Mermaid - Ariel's Undersea Adventure,45,True,2026-04-10T18:30:50.000Z
2026-04-10 11:32:48,Disney California Adventure,Paradise Gardens Park,14742,World of Color Happiness!,0,True,2026-04-10T18:30:50.000Z
2026-04-10 11:32:48,Disney California Adventure,Pixar Pier,13960,Games of Pixar Pier,0,True,2026-04-10T18:30:50.000Z
2026-04-10 11:32:48,Disney California Adventure,Pixar Pier,322,Incredicoaster,45,True,2026-04-10T18:30:50.000Z
2026-04-10 11:32:48,Disney California Adventure,Pixar Pier,10906,Incredicoaster Single Rider,0,True,2026-04-10T18:30:50.000Z
2026-04-10 11:32:48,Disney California Adventure,Pixar Pier,6643,Inside Out Emotional Whirlwind,0,False,2026-04-10T18:30:50.000Z
2026-04-10 11:32:48,Disney California Adventure,Pixar Pier,310,Jessie's Critter Carousel,10,True,2026-04-10T18:30:50.000Z
2026-04-10 11:32:48,Disney California Adventure,Pixar Pier,300,Jumpin' Jellyfish,25,True,2026-04-10T18:30:50.000Z
2026-04-10 11:32:48,Disney California Adventure,Pixar Pier,311,Pixar Pal-A-Round - Swinging,45,True,2026-04-10T18:30:50.000Z
2026-04-10 11:32:48,Disney California Adventure,Pixar Pier,5557,Pixar Pal-A-Round – Non-Swinging,30,True,2026-04-10T18:30:50.000Z
2026-04-10 11:32:48,Disney California Adventure,Pixar Pier,313,Toy Story Midway Mania!,0,False,2026-04-10T18:30:50.000Z
2026-04-10 11:32:48,Disney California Adventure,San Fransokyo Square,13959,The Bakery Tour,0,True,2026-04-10T18:30:50.000Z
2026-04-10 12:07:45,Disneyland,Adventureland,12428,Adventureland Treehouse inspired by Walt Disney’s Swiss Family Robinson,0,True,2026-04-10T19:05:41.000Z
2026-04-10 12:07:45,Disneyland,Adventureland,326,Indiana Jones™ Adventure,65,True,2026-04-10T19:05:41.000Z
2026-04-10 12:07:45,Disneyland,Adventureland,296,Jungle Cruise,0,False,2026-04-10T19:05:41.000Z
2026-04-10 12:07:45,Disneyland,Adventureland,288,Walt Disney's Enchanted Tiki Room,0,True,2026-04-10T19:05:41.000Z
2026-04-10 12:07:45,Disneyland,Bayou Country,304,Davy Crockett's Explorer Canoes,15,True,2026-04-10T19:05:41.000Z
2026-04-10 12:07:45,Disneyland,Bayou Country,306,The Many Adventures of Winnie the Pooh,25,True,2026-04-10T19:05:41.000Z
2026-04-10 12:07:45,Disneyland,Bayou Country,14168,Tiana's Bayou Adventure,60,True,2026-04-10T19:05:41.000Z
2026-04-10 12:07:45,Disneyland,Bayou Country,14326,Tiana's Bayou Adventure Single Rider,0,True,2026-04-10T19:05:41.000Z
2026-04-10 12:07:45,Disneyland,Fantasyland,307,"""it's a small world""",40,True,2026-04-10T19:05:41.000Z
2026-04-10 12:07:45,Disneyland,Fantasyland,285,Alice in Wonderland,40,True,2026-04-10T19:05:41.000Z
2026-04-10 12:07:45,Disneyland,Fantasyland,303,Casey Jr. Circus Train,15,True,2026-04-10T19:05:41.000Z
2026-04-10 12:07:45,Disneyland,Fantasyland,275,Dumbo the Flying Elephant,40,True,2026-04-10T19:05:41.000Z
2026-04-10 12:07:45,Disneyland,Fantasyland,277,King Arthur Carrousel,15,True,2026-04-10T19:05:41.000Z
2026-04-10 12:07:45,Disneyland,Fantasyland,278,Mad Tea Party,0,False,2026-04-10T19:05:41.000Z
2026-04-10 12:07:45,Disneyland,Fantasyland,279,Matterhorn Bobsleds,55,True,2026-04-10T19:05:41.000Z
2026-04-10 12:07:45,Disneyland,Fantasyland,6711,Meet Disney Princesses at Royal Hall,45,True,2026-04-10T19:05:41.000Z
2026-04-10 12:07:45,Disneyland,Fantasyland,280,Mr. Toad's Wild Ride,25,True,2026-04-10T19:05:41.000Z
2026-04-10 12:07:45,Disneyland,Fantasyland,281,Peter Pan's Flight,50,True,2026-04-10T19:05:41.000Z
2026-04-10 12:07:45,Disneyland,Fantasyland,282,Pinocchio's Daring Journey,20,True,2026-04-10T19:05:41.000Z
2026-04-10 12:07:45,Disneyland,Fantasyland,687,Sleeping Beauty Castle Walkthrough,0,False,2026-04-10T19:05:41.000Z
2026-04-10 12:07:45,Disneyland,Fantasyland,283,Snow White's Enchanted Wish,25,True,2026-04-10T19:05:41.000Z
2026-04-10 12:07:45,Disneyland,Fantasyland,305,Storybook Land Canal Boats,15,True,2026-04-10T19:05:41.000Z
2026-04-10 12:07:45,Disneyland,Frontierland,323,Big Thunder Mountain Railroad,20,True,2026-04-10T19:05:41.000Z
2026-04-10 12:07:45,Disneyland,Frontierland,679,Frontierland Shootin' Exposition,0,True,2026-04-10T19:05:41.000Z
2026-04-10 12:07:45,Disneyland,Frontierland,456,Mark Twain Riverboat,10,True,2026-04-10T19:05:41.000Z
2026-04-10 12:07:45,Disneyland,Frontierland,331,Pirate's Lair on Tom Sawyer Island,5,True,2026-04-10T19:05:41.000Z
2026-04-10 12:07:45,Disneyland,Frontierland,328,Sailing Ship Columbia,10,True,2026-04-10T19:05:41.000Z
2026-04-10 12:07:45,Disneyland,Main Street U.S.A,674,Disneyland Railroad,5,True,2026-04-10T19:05:41.000Z
2026-04-10 12:07:45,Disneyland,Main Street U.S.A,690,Great Moments with Mr. Lincoln,0,True,2026-04-10T19:05:41.000Z
2026-04-10 12:07:45,Disneyland,Main Street U.S.A,686,Main Street Cinema,0,True,2026-04-10T19:05:41.000Z
2026-04-10 12:07:45,Disneyland,Main Street U.S.A,691,Main Street Vehicles,0,True,2026-04-10T19:05:41.000Z
2026-04-10 12:07:45,Disneyland,Main Street U.S.A,14915,Opera House - Walt Disney - A Magical Life,0,True,2026-04-10T19:05:41.000Z
2026-04-10 12:07:45,Disneyland,Main Street U.S.A,695,The Disney Gallery,0,True,2026-04-10T19:05:41.000Z
2026-04-10 12:07:45,Disneyland,Main Street U.S.A,14923,Walt Disney - A Magical Life,0,False,2026-04-10T19:05:41.000Z
2026-04-10 12:07:45,Disneyland,Mickey's Toontown,324,Chip 'n' Dale's GADGETcoaster,35,True,2026-04-10T19:05:41.000Z
2026-04-10 12:07:45,Disneyland,Mickey's Toontown,13814,Donald's Duck Pond,0,True,2026-04-10T19:05:41.000Z
2026-04-10 12:07:45,Disneyland,Mickey's Toontown,11980,Goofy's How-to-Play Yard,0,True,2026-04-10T19:05:41.000Z
2026-04-10 12:07:45,Disneyland,Mickey's Toontown,11526,Mickey & Minnie's Runaway Railway,45,True,2026-04-10T19:05:41.000Z
2026-04-10 12:07:45,Disneyland,Mickey's Toontown,709,Mickey's House and Meet Mickey Mouse,20,True,2026-04-10T19:05:41.000Z
2026-04-10 12:07:45,Disneyland,Mickey's Toontown,327,Mickey's House and Meet Mickey Mouse,0,False,2026-04-10T19:05:41.000Z
2026-04-10 12:07:45,Disneyland,Mickey's Toontown,684,Minnie's House,0,True,2026-04-10T19:05:41.000Z
2026-04-10 12:07:45,Disneyland,Mickey's Toontown,332,Roger Rabbit's Car Toon Spin,0,False,2026-04-10T19:05:41.000Z
2026-04-10 12:07:45,Disneyland,New Orleans Square,13958,Haunted Mansion,45,True,2026-04-10T19:05:41.000Z
2026-04-10 12:07:45,Disneyland,New Orleans Square,289,Pirates of the Caribbean,55,True,2026-04-10T19:05:41.000Z
2026-04-10 12:07:45,Disneyland,Star Wars: Galaxy's Edge,6339,Millennium Falcon: Smugglers Run,30,True,2026-04-10T19:05:41.000Z
2026-04-10 12:07:45,Disneyland,Star Wars: Galaxy's Edge,10903,Millennium Falcon: Smugglers Run Single Rider,0,True,2026-04-10T19:05:41.000Z
2026-04-10 12:07:45,Disneyland,Star Wars: Galaxy's Edge,6340,Star Wars: Rise of the Resistance,50,True,2026-04-10T19:05:41.000Z
2026-04-10 12:07:45,Disneyland,Tomorrowland,287,Astro Orbitor,40,True,2026-04-10T19:05:41.000Z
2026-04-10 12:07:45,Disneyland,Tomorrowland,317,Autopia,50,True,2026-04-10T19:05:41.000Z
2026-04-10 12:07:45,Disneyland,Tomorrowland,273,Buzz Lightyear Astro Blasters,45,True,2026-04-10T19:05:41.000Z
2026-04-10 12:07:45,Disneyland,Tomorrowland,274,Disneyland Monorail,0,False,2026-04-10T19:05:41.000Z
2026-04-10 12:07:45,Disneyland,Tomorrowland,276,Finding Nemo Submarine Voyage,30,True,2026-04-10T19:05:41.000Z
2026-04-10 12:07:45,Disneyland,Tomorrowland,284,Space Mountain,75,True,2026-04-10T19:05:41.000Z
2026-04-10 12:07:45,Disneyland,Tomorrowland,286,Star Tours - The Adventures Continue,40,True,2026-04-10T19:05:41.000Z
2026-04-10 12:07:45,Disney California Adventure,Avengers Campus,329,Guardians of the Galaxy - Mission: BREAKOUT!,115,True,2026-04-10T19:05:41.000Z
2026-04-10 12:07:45,Disney California Adventure,Avengers Campus,8843,WEB SLINGERS: A Spider-Man Adventure,60,True,2026-04-10T19:05:41.000Z
2026-04-10 12:07:45,Disney California Adventure,Avengers Campus,10907,WEB SLINGERS: A Spider-Man Adventure Single Rider,0,True,2026-04-10T19:05:41.000Z
2026-04-10 12:07:45,Disney California Adventure,Cars Land,13961,Luigi's Rollickin' Roadsters,40,True,2026-04-10T19:05:41.000Z
2026-04-10 12:07:45,Disney California Adventure,Cars Land,315,Mater's Junkyard Jamboree,30,True,2026-04-10T19:05:41.000Z
2026-04-10 12:07:45,Disney California Adventure,Cars Land,295,Radiator Springs Racers,120,True,2026-04-10T19:05:41.000Z
2026-04-10 12:07:45,Disney California Adventure,Cars Land,10904,Radiator Springs Racers Single Rider,0,True,2026-04-10T19:05:41.000Z
2026-04-10 12:07:45,Disney California Adventure,Grizzly Peak,302,Grizzly River Run,45,True,2026-04-10T19:05:41.000Z
2026-04-10 12:07:45,Disney California Adventure,Grizzly Peak,293,Redwood Creek Challenge Trail,0,True,2026-04-10T19:05:41.000Z
2026-04-10 12:07:45,Disney California Adventure,Grizzly Peak,312,Soarin' Over California,65,True,2026-04-10T19:05:41.000Z
2026-04-10 12:07:45,Disney California Adventure,Hollywood Land,321,Animation Academy,0,True,2026-04-10T19:05:41.000Z
2026-04-10 12:07:45,Disney California Adventure,Hollywood Land,6440,Mickey's PhilharMagic,10,True,2026-04-10T19:05:41.000Z
2026-04-10 12:07:45,Disney California Adventure,Hollywood Land,291,"Monsters, Inc. Mike & Sulley to the Rescue!",50,True,2026-04-10T19:05:41.000Z
2026-04-10 12:07:45,Disney California Adventure,Hollywood Land,868,Sorcerer's Workshop,0,True,2026-04-10T19:05:41.000Z
2026-04-10 12:07:45,Disney California Adventure,Hollywood Land,294,Turtle Talk with Crush,0,True,2026-04-10T19:05:41.000Z
2026-04-10 12:07:45,Disney California Adventure,Paradise Gardens Park,298,Golden Zephyr,0,False,2026-04-10T19:05:41.000Z
2026-04-10 12:07:45,Disney California Adventure,Paradise Gardens Park,319,Goofy's Sky School,70,True,2026-04-10T19:05:41.000Z
2026-04-10 12:07:45,Disney California Adventure,Paradise Gardens Park,301,Silly Symphony Swings,30,True,2026-04-10T19:05:41.000Z
2026-04-10 12:07:45,Disney California Adventure,Paradise Gardens Park,10905,Silly Symphony Swings Single Rider,0,True,2026-04-10T19:05:41.000Z
2026-04-10 12:07:45,Disney California Adventure,Paradise Gardens Park,316,The Little Mermaid - Ariel's Undersea Adventure,60,True,2026-04-10T19:05:41.000Z
2026-04-10 12:07:45,Disney California Adventure,Paradise Gardens Park,14742,World of Color Happiness!,0,True,2026-04-10T19:05:41.000Z
2026-04-10 12:07:45,Disney California Adventure,Pixar Pier,13960,Games of Pixar Pier,0,True,2026-04-10T19:05:41.000Z
2026-04-10 12:07:45,Disney California Adventure,Pixar Pier,322,Incredicoaster,50,True,2026-04-10T19:05:41.000Z
2026-04-10 12:07:45,Disney California Adventure,Pixar Pier,10906,Incredicoaster Single Rider,0,True,2026-04-10T19:05:41.000Z
2026-04-10 12:07:45,Disney California Adventure,Pixar Pier,6643,Inside Out Emotional Whirlwind,0,False,2026-04-10T19:05:41.000Z
2026-04-10 12:07:45,Disney California Adventure,Pixar Pier,310,Jessie's Critter Carousel,10,True,2026-04-10T19:05:41.000Z
2026-04-10 12:07:45,Disney California Adventure,Pixar Pier,300,Jumpin' Jellyfish,15,True,2026-04-10T19:05:41.000Z
2026-04-10 12:07:45,Disney California Adventure,Pixar Pier,311,Pixar Pal-A-Round - Swinging,40,True,2026-04-10T19:05:41.000Z
2026-04-10 12:07:45,Disney California Adventure,Pixar Pier,5557,Pixar Pal-A-Round – Non-Swinging,45,True,2026-04-10T19:05:41.000Z
2026-04-10 12:07:45,Disney California Adventure,Pixar Pier,313,Toy Story Midway Mania!,0,False,2026-04-10T19:05:41.000Z
2026-04-10 12:07:45,Disney California Adventure,San Fransokyo Square,13959,The Bakery Tour,0,True,2026-04-10T19:05:41.000Z
2026-04-10 13:03:35,Disneyland,Adventureland,12428,Adventureland Treehouse inspired by Walt Disney’s Swiss Family Robinson,0,True,2026-04-10T20:00:50.000Z
2026-04-10 13:03:35,Disneyland,Adventureland,326,Indiana Jones™ Adventure,0,False,2026-04-10T20:00:50.000Z
2026-04-10 13:03:35,Disneyland,Adventureland,296,Jungle Cruise,0,False,2026-04-10T20:00:50.000Z
2026-04-10 13:03:35,Disneyland,Adventureland,288,Walt Disney's Enchanted Tiki Room,0,True,2026-04-10T20:00:50.000Z
2026-04-10 13:03:35,Disneyland,Bayou Country,304,Davy Crockett's Explorer Canoes,15,True,2026-04-10T20:00:50.000Z
2026-04-10 13:03:35,Disneyland,Bayou Country,306,The Many Adventures of Winnie the Pooh,35,True,2026-04-10T20:00:50.000Z
2026-04-10 13:03:35,Disneyland,Bayou Country,14168,Tiana's Bayou Adventure,75,True,2026-04-10T20:00:50.000Z
2026-04-10 13:03:35,Disneyland,Bayou Country,14326,Tiana's Bayou Adventure Single Rider,0,True,2026-04-10T20:00:50.000Z
2026-04-10 13:03:35,Disneyland,Fantasyland,307,"""it's a small world""",40,True,2026-04-10T20:00:50.000Z
2026-04-10 13:03:35,Disneyland,Fantasyland,285,Alice in Wonderland,40,True,2026-04-10T20:00:50.000Z
2026-04-10 13:03:35,Disneyland,Fantasyland,303,Casey Jr. Circus Train,10,True,2026-04-10T20:00:50.000Z
2026-04-10 13:03:35,Disneyland,Fantasyland,275,Dumbo the Flying Elephant,30,True,2026-04-10T20:00:50.000Z
2026-04-10 13:03:35,Disneyland,Fantasyland,277,King Arthur Carrousel,5,True,2026-04-10T20:00:50.000Z
2026-04-10 13:03:35,Disneyland,Fantasyland,278,Mad Tea Party,0,False,2026-04-10T20:00:50.000Z
2026-04-10 13:03:35,Disneyland,Fantasyland,279,Matterhorn Bobsleds,50,True,2026-04-10T20:00:50.000Z
2026-04-10 13:03:35,Disneyland,Fantasyland,6711,Meet Disney Princesses at Royal Hall,45,True,2026-04-10T20:00:50.000Z
2026-04-10 13:03:35,Disneyland,Fantasyland,280,Mr. Toad's Wild Ride,30,True,2026-04-10T20:00:50.000Z
2026-04-10 13:03:35,Disneyland,Fantasyland,281,Peter Pan's Flight,40,True,2026-04-10T20:00:50.000Z
2026-04-10 13:03:35,Disneyland,Fantasyland,282,Pinocchio's Daring Journey,15,True,2026-04-10T20:00:50.000Z
2026-04-10 13:03:35,Disneyland,Fantasyland,687,Sleeping Beauty Castle Walkthrough,0,False,2026-04-10T20:00:50.000Z
2026-04-10 13:03:35,Disneyland,Fantasyland,283,Snow White's Enchanted Wish,20,True,2026-04-10T20:00:50.000Z
2026-04-10 13:03:35,Disneyland,Fantasyland,305,Storybook Land Canal Boats,20,True,2026-04-10T20:00:50.000Z
2026-04-10 13:03:35,Disneyland,Frontierland,323,Big Thunder Mountain Railroad,0,False,2026-04-10T20:00:50.000Z
2026-04-10 13:03:35,Disneyland,Frontierland,679,Frontierland Shootin' Exposition,0,True,2026-04-10T20:00:50.000Z
2026-04-10 13:03:35,Disneyland,Frontierland,456,Mark Twain Riverboat,10,True,2026-04-10T20:00:50.000Z
2026-04-10 13:03:35,Disneyland,Frontierland,331,Pirate's Lair on Tom Sawyer Island,5,True,2026-04-10T20:00:50.000Z
2026-04-10 13:03:35,Disneyland,Frontierland,328,Sailing Ship Columbia,10,True,2026-04-10T20:00:50.000Z
2026-04-10 13:03:35,Disneyland,Main Street U.S.A,674,Disneyland Railroad,10,True,2026-04-10T20:00:50.000Z
2026-04-10 13:03:35,Disneyland,Main Street U.S.A,690,Great Moments with Mr. Lincoln,0,True,2026-04-10T20:00:50.000Z
2026-04-10 13:03:35,Disneyland,Main Street U.S.A,686,Main Street Cinema,0,True,2026-04-10T20:00:50.000Z
2026-04-10 13:03:35,Disneyland,Main Street U.S.A,691,Main Street Vehicles,0,True,2026-04-10T20:00:50.000Z
2026-04-10 13:03:35,Disneyland,Main Street U.S.A,14915,Opera House - Walt Disney - A Magical Life,0,True,2026-04-10T20:00:50.000Z
2026-04-10 13:03:35,Disneyland,Main Street U.S.A,695,The Disney Gallery,0,True,2026-04-10T20:00:50.000Z
2026-04-10 13:03:35,Disneyland,Main Street U.S.A,14923,Walt Disney - A Magical Life,0,False,2026-04-10T20:00:50.000Z
2026-04-10 13:03:35,Disneyland,Mickey's Toontown,324,Chip 'n' Dale's GADGETcoaster,35,True,2026-04-10T20:00:50.000Z
2026-04-10 13:03:35,Disneyland,Mickey's Toontown,13814,Donald's Duck Pond,0,True,2026-04-10T20:00:50.000Z
2026-04-10 13:03:35,Disneyland,Mickey's Toontown,11980,Goofy's How-to-Play Yard,0,True,2026-04-10T20:00:50.000Z
2026-04-10 13:03:35,Disneyland,Mickey's Toontown,11526,Mickey & Minnie's Runaway Railway,55,True,2026-04-10T20:00:50.000Z
2026-04-10 13:03:35,Disneyland,Mickey's Toontown,709,Mickey's House and Meet Mickey Mouse,20,True,2026-04-10T20:00:50.000Z
2026-04-10 13:03:35,Disneyland,Mickey's Toontown,327,Mickey's House and Meet Mickey Mouse,0,False,2026-04-10T20:00:50.000Z
2026-04-10 13:03:35,Disneyland,Mickey's Toontown,684,Minnie's House,0,True,2026-04-10T20:00:50.000Z
2026-04-10 13:03:35,Disneyland,Mickey's Toontown,332,Roger Rabbit's Car Toon Spin,0,False,2026-04-10T20:00:50.000Z
2026-04-10 13:03:35,Disneyland,New Orleans Square,13958,Haunted Mansion,50,True,2026-04-10T20:00:50.000Z
2026-04-10 13:03:35,Disneyland,New Orleans Square,289,Pirates of the Caribbean,40,True,2026-04-10T20:00:50.000Z
2026-04-10 13:03:35,Disneyland,Star Wars: Galaxy's Edge,6339,Millennium Falcon: Smugglers Run,65,True,2026-04-10T20:00:50.000Z
2026-04-10 13:03:35,Disneyland,Star Wars: Galaxy's Edge,10903,Millennium Falcon: Smugglers Run Single Rider,0,True,2026-04-10T20:00:50.000Z
2026-04-10 13:03:35,Disneyland,Star Wars: Galaxy's Edge,6340,Star Wars: Rise of the Resistance,0,False,2026-04-10T20:00:50.000Z
2026-04-10 13:03:35,Disneyland,Tomorrowland,287,Astro Orbitor,45,True,2026-04-10T20:00:50.000Z
2026-04-10 13:03:35,Disneyland,Tomorrowland,317,Autopia,40,True,2026-04-10T20:00:50.000Z
2026-04-10 13:03:35,Disneyland,Tomorrowland,273,Buzz Lightyear Astro Blasters,40,True,2026-04-10T20:00:50.000Z
2026-04-10 13:03:35,Disneyland,Tomorrowland,274,Disneyland Monorail,0,False,2026-04-10T20:00:50.000Z
2026-04-10 13:03:35,Disneyland,Tomorrowland,276,Finding Nemo Submarine Voyage,30,True,2026-04-10T20:00:50.000Z
2026-04-10 13:03:35,Disneyland,Tomorrowland,284,Space Mountain,75,True,2026-04-10T20:00:50.000Z
2026-04-10 13:03:35,Disneyland,Tomorrowland,286,Star Tours - The Adventures Continue,35,True,2026-04-10T20:00:50.000Z
2026-04-10 13:03:36,Disney California Adventure,Avengers Campus,329,Guardians of the Galaxy - Mission: BREAKOUT!,115,True,2026-04-10T20:00:54.000Z
2026-04-10 13:03:36,Disney California Adventure,Avengers Campus,8843,WEB SLINGERS: A Spider-Man Adventure,45,True,2026-04-10T20:00:54.000Z
2026-04-10 13:03:36,Disney California Adventure,Avengers Campus,10907,WEB SLINGERS: A Spider-Man Adventure Single Rider,0,True,2026-04-10T20:00:54.000Z
2026-04-10 13:03:36,Disney California Adventure,Cars Land,13961,Luigi's Rollickin' Roadsters,40,True,2026-04-10T20:00:54.000Z
2026-04-10 13:03:36,Disney California Adventure,Cars Land,315,Mater's Junkyard Jamboree,35,True,2026-04-10T20:00:54.000Z
2026-04-10 13:03:36,Disney California Adventure,Cars Land,295,Radiator Springs Racers,140,True,2026-04-10T20:00:54.000Z
2026-04-10 13:03:36,Disney California Adventure,Cars Land,10904,Radiator Springs Racers Single Rider,0,True,2026-04-10T20:00:54.000Z
2026-04-10 13:03:36,Disney California Adventure,Grizzly Peak,302,Grizzly River Run,95,True,2026-04-10T20:00:54.000Z
2026-04-10 13:03:36,Disney California Adventure,Grizzly Peak,293,Redwood Creek Challenge Trail,0,True,2026-04-10T20:00:54.000Z
2026-04-10 13:03:36,Disney California Adventure,Grizzly Peak,312,Soarin' Over California,95,True,2026-04-10T20:00:54.000Z
2026-04-10 13:03:36,Disney California Adventure,Hollywood Land,321,Animation Academy,0,True,2026-04-10T20:00:54.000Z
2026-04-10 13:03:36,Disney California Adventure,Hollywood Land,6440,Mickey's PhilharMagic,10,True,2026-04-10T20:00:54.000Z
2026-04-10 13:03:36,Disney California Adventure,Hollywood Land,291,"Monsters, Inc. Mike & Sulley to the Rescue!",50,True,2026-04-10T20:00:54.000Z
2026-04-10 13:03:36,Disney California Adventure,Hollywood Land,868,Sorcerer's Workshop,0,True,2026-04-10T20:00:54.000Z
2026-04-10 13:03:36,Disney California Adventure,Hollywood Land,294,Turtle Talk with Crush,0,True,2026-04-10T20:00:54.000Z
2026-04-10 13:03:36,Disney California Adventure,Paradise Gardens Park,298,Golden Zephyr,0,False,2026-04-10T20:00:54.000Z
2026-04-10 13:03:36,Disney California Adventure,Paradise Gardens Park,319,Goofy's Sky School,45,True,2026-04-10T20:00:54.000Z
2026-04-10 13:03:36,Disney California Adventure,Paradise Gardens Park,301,Silly Symphony Swings,25,True,2026-04-10T20:00:54.000Z
2026-04-10 13:03:36,Disney California Adventure,Paradise Gardens Park,10905,Silly Symphony Swings Single Rider,0,True,2026-04-10T20:00:54.000Z
2026-04-10 13:03:36,Disney California Adventure,Paradise Gardens Park,316,The Little Mermaid - Ariel's Undersea Adventure,30,True,2026-04-10T20:00:54.000Z
2026-04-10 13:03:36,Disney California Adventure,Paradise Gardens Park,14742,World of Color Happiness!,0,True,2026-04-10T20:00:54.000Z
2026-04-10 13:03:36,Disney California Adventure,Pixar Pier,13960,Games of Pixar Pier,0,True,2026-04-10T20:00:54.000Z
2026-04-10 13:03:36,Disney California Adventure,Pixar Pier,322,Incredicoaster,50,True,2026-04-10T20:00:54.000Z
2026-04-10 13:03:36,Disney California Adventure,Pixar Pier,10906,Incredicoaster Single Rider,0,True,2026-04-10T20:00:54.000Z
2026-04-10 13:03:36,Disney California Adventure,Pixar Pier,6643,Inside Out Emotional Whirlwind,0,False,2026-04-10T20:00:54.000Z
2026-04-10 13:03:36,Disney California Adventure,Pixar Pier,310,Jessie's Critter Carousel,10,True,2026-04-10T20:00:54.000Z
2026-04-10 13:03:36,Disney California Adventure,Pixar Pier,300,Jumpin' Jellyfish,20,True,2026-04-10T20:00:54.000Z
2026-04-10 13:03:36,Disney California Adventure,Pixar Pier,311,Pixar Pal-A-Round - Swinging,40,True,2026-04-10T20:00:54.000Z
2026-04-10 13:03:36,Disney California Adventure,Pixar Pier,5557,Pixar Pal-A-Round – Non-Swinging,50,True,2026-04-10T20:00:54.000Z
2026-04-10 13:03:36,Disney California Adventure,Pixar Pier,313,Toy Story Midway Mania!,0,False,2026-04-10T20:00:54.000Z
2026-04-10 13:03:36,Disney California Adventure,San Fransokyo Square,13959,The Bakery Tour,0,True,2026-04-10T20:00:54.000Z
2026-04-10 13:53:31,Disneyland,Adventureland,12428,Adventureland Treehouse inspired by Walt Disney’s Swiss Family Robinson,0,True,2026-04-10T20:51:21.000Z
2026-04-10 13:53:31,Disneyland,Adventureland,326,Indiana Jones™ Adventure,0,False,2026-04-10T20:51:21.000Z
2026-04-10 13:53:31,Disneyland,Adventureland,296,Jungle Cruise,0,False,2026-04-10T20:51:21.000Z
2026-04-10 13:53:31,Disneyland,Adventureland,288,Walt Disney's Enchanted Tiki Room,0,True,2026-04-10T20:51:21.000Z
2026-04-10 13:53:31,Disneyland,Bayou Country,304,Davy Crockett's Explorer Canoes,25,True,2026-04-10T20:51:21.000Z
2026-04-10 13:53:31,Disneyland,Bayou Country,306,The Many Adventures of Winnie the Pooh,0,False,2026-04-10T20:51:21.000Z
2026-04-10 13:53:31,Disneyland,Bayou Country,14168,Tiana's Bayou Adventure,0,False,2026-04-10T20:51:21.000Z
2026-04-10 13:53:31,Disneyland,Bayou Country,14326,Tiana's Bayou Adventure Single Rider,0,False,2026-04-10T20:51:21.000Z
2026-04-10 13:53:31,Disneyland,Fantasyland,307,"""it's a small world""",30,True,2026-04-10T20:51:21.000Z
2026-04-10 13:53:31,Disneyland,Fantasyland,285,Alice in Wonderland,25,True,2026-04-10T20:51:21.000Z
2026-04-10 13:53:31,Disneyland,Fantasyland,303,Casey Jr. Circus Train,25,True,2026-04-10T20:51:21.000Z
2026-04-10 13:53:31,Disneyland,Fantasyland,275,Dumbo the Flying Elephant,30,True,2026-04-10T20:51:21.000Z
2026-04-10 13:53:31,Disneyland,Fantasyland,277,King Arthur Carrousel,10,True,2026-04-10T20:51:21.000Z
2026-04-10 13:53:31,Disneyland,Fantasyland,278,Mad Tea Party,0,False,2026-04-10T20:51:21.000Z
2026-04-10 13:53:31,Disneyland,Fantasyland,279,Matterhorn Bobsleds,75,True,2026-04-10T20:51:21.000Z
2026-04-10 13:53:31,Disneyland,Fantasyland,6711,Meet Disney Princesses at Royal Hall,45,True,2026-04-10T20:51:21.000Z
2026-04-10 13:53:31,Disneyland,Fantasyland,280,Mr. Toad's Wild Ride,30,True,2026-04-10T20:51:21.000Z
2026-04-10 13:53:31,Disneyland,Fantasyland,281,Peter Pan's Flight,30,True,2026-04-10T20:51:21.000Z
2026-04-10 13:53:31,Disneyland,Fantasyland,282,Pinocchio's Daring Journey,15,True,2026-04-10T20:51:21.000Z
2026-04-10 13:53:31,Disneyland,Fantasyland,687,Sleeping Beauty Castle Walkthrough,0,False,2026-04-10T20:51:21.000Z
2026-04-10 13:53:31,Disneyland,Fantasyland,283,Snow White's Enchanted Wish,20,True,2026-04-10T20:51:21.000Z
2026-04-10 13:53:31,Disneyland,Fantasyland,305,Storybook Land Canal Boats,10,True,2026-04-10T20:51:21.000Z
2026-04-10 13:53:31,Disneyland,Frontierland,323,Big Thunder Mountain Railroad,20,True,2026-04-10T20:51:21.000Z
2026-04-10 13:53:31,Disneyland,Frontierland,679,Frontierland Shootin' Exposition,0,True,2026-04-10T20:51:21.000Z
2026-04-10 13:53:31,Disneyland,Frontierland,456,Mark Twain Riverboat,10,True,2026-04-10T20:51:21.000Z
2026-04-10 13:53:31,Disneyland,Frontierland,331,Pirate's Lair on Tom Sawyer Island,5,True,2026-04-10T20:51:21.000Z
2026-04-10 13:53:31,Disneyland,Frontierland,328,Sailing Ship Columbia,10,True,2026-04-10T20:51:21.000Z
2026-04-10 13:53:31,Disneyland,Main Street U.S.A,674,Disneyland Railroad,10,True,2026-04-10T20:51:21.000Z
2026-04-10 13:53:31,Disneyland,Main Street U.S.A,690,Great Moments with Mr. Lincoln,0,False,2026-04-10T20:51:21.000Z
2026-04-10 13:53:31,Disneyland,Main Street U.S.A,686,Main Street Cinema,0,True,2026-04-10T20:51:21.000Z
2026-04-10 13:53:31,Disneyland,Main Street U.S.A,691,Main Street Vehicles,0,True,2026-04-10T20:51:21.000Z
2026-04-10 13:53:31,Disneyland,Main Street U.S.A,14915,Opera House - Walt Disney - A Magical Life,0,True,2026-04-10T20:51:21.000Z
2026-04-10 13:53:31,Disneyland,Main Street U.S.A,695,The Disney Gallery,0,True,2026-04-10T20:51:21.000Z
2026-04-10 13:53:31,Disneyland,Main Street U.S.A,14923,Walt Disney - A Magical Life,0,False,2026-04-10T20:51:21.000Z
2026-04-10 13:53:31,Disneyland,Mickey's Toontown,324,Chip 'n' Dale's GADGETcoaster,40,True,2026-04-10T20:51:21.000Z
2026-04-10 13:53:31,Disneyland,Mickey's Toontown,13814,Donald's Duck Pond,0,True,2026-04-10T20:51:21.000Z
2026-04-10 13:53:31,Disneyland,Mickey's Toontown,11980,Goofy's How-to-Play Yard,0,True,2026-04-10T20:51:21.000Z
2026-04-10 13:53:31,Disneyland,Mickey's Toontown,11526,Mickey & Minnie's Runaway Railway,65,True,2026-04-10T20:51:21.000Z
2026-04-10 13:53:31,Disneyland,Mickey's Toontown,709,Mickey's House and Meet Mickey Mouse,30,True,2026-04-10T20:51:21.000Z
2026-04-10 13:53:31,Disneyland,Mickey's Toontown,327,Mickey's House and Meet Mickey Mouse,0,False,2026-04-10T20:51:21.000Z
2026-04-10 13:53:31,Disneyland,Mickey's Toontown,684,Minnie's House,0,True,2026-04-10T20:51:21.000Z
2026-04-10 13:53:31,Disneyland,Mickey's Toontown,332,Roger Rabbit's Car Toon Spin,0,False,2026-04-10T20:51:21.000Z
2026-04-10 13:53:31,Disneyland,New Orleans Square,13958,Haunted Mansion,60,True,2026-04-10T20:51:21.000Z
2026-04-10 13:53:31,Disneyland,New Orleans Square,289,Pirates of the Caribbean,45,True,2026-04-10T20:51:21.000Z
2026-04-10 13:53:31,Disneyland,Star Wars: Galaxy's Edge,6339,Millennium Falcon: Smugglers Run,70,True,2026-04-10T20:51:21.000Z
2026-04-10 13:53:31,Disneyland,Star Wars: Galaxy's Edge,10903,Millennium Falcon: Smugglers Run Single Rider,0,True,2026-04-10T20:51:21.000Z
2026-04-10 13:53:31,Disneyland,Star Wars: Galaxy's Edge,6340,Star Wars: Rise of the Resistance,75,True,2026-04-10T20:51:21.000Z
2026-04-10 13:53:31,Disneyland,Tomorrowland,287,Astro Orbitor,45,True,2026-04-10T20:51:21.000Z
2026-04-10 13:53:31,Disneyland,Tomorrowland,317,Autopia,35,True,2026-04-10T20:51:21.000Z
2026-04-10 13:53:31,Disneyland,Tomorrowland,273,Buzz Lightyear Astro Blasters,45,True,2026-04-10T20:51:21.000Z
2026-04-10 13:53:31,Disneyland,Tomorrowland,274,Disneyland Monorail,0,False,2026-04-10T20:51:21.000Z
2026-04-10 13:53:31,Disneyland,Tomorrowland,276,Finding Nemo Submarine Voyage,30,True,2026-04-10T20:51:21.000Z
2026-04-10 13:53:31,Disneyland,Tomorrowland,284,Space Mountain,90,True,2026-04-10T20:51:21.000Z
2026-04-10 13:53:31,Disneyland,Tomorrowland,286,Star Tours - The Adventures Continue,25,True,2026-04-10T20:51:21.000Z
2026-04-10 13:53:32,Disney California Adventure,Avengers Campus,329,Guardians of the Galaxy - Mission: BREAKOUT!,100,True,2026-04-10T20:51:24.000Z
2026-04-10 13:53:32,Disney California Adventure,Avengers Campus,8843,WEB SLINGERS: A Spider-Man Adventure,55,True,2026-04-10T20:51:24.000Z
2026-04-10 13:53:32,Disney California Adventure,Avengers Campus,10907,WEB SLINGERS: A Spider-Man Adventure Single Rider,0,True,2026-04-10T20:51:24.000Z
2026-04-10 13:53:32,Disney California Adventure,Cars Land,13961,Luigi's Rollickin' Roadsters,40,True,2026-04-10T20:51:24.000Z
2026-04-10 13:53:32,Disney California Adventure,Cars Land,315,Mater's Junkyard Jamboree,40,True,2026-04-10T20:51:24.000Z
2026-04-10 13:53:32,Disney California Adventure,Cars Land,295,Radiator Springs Racers,120,True,2026-04-10T20:51:24.000Z
2026-04-10 13:53:32,Disney California Adventure,Cars Land,10904,Radiator Springs Racers Single Rider,0,True,2026-04-10T20:51:24.000Z
2026-04-10 13:53:32,Disney California Adventure,Grizzly Peak,302,Grizzly River Run,95,True,2026-04-10T20:51:24.000Z
2026-04-10 13:53:32,Disney California Adventure,Grizzly Peak,293,Redwood Creek Challenge Trail,0,True,2026-04-10T20:51:24.000Z
2026-04-10 13:53:32,Disney California Adventure,Grizzly Peak,312,Soarin' Over California,70,True,2026-04-10T20:51:24.000Z
2026-04-10 13:53:32,Disney California Adventure,Hollywood Land,321,Animation Academy,0,True,2026-04-10T20:51:24.000Z
2026-04-10 13:53:32,Disney California Adventure,Hollywood Land,6440,Mickey's PhilharMagic,10,True,2026-04-10T20:51:24.000Z
2026-04-10 13:53:32,Disney California Adventure,Hollywood Land,291,"Monsters, Inc. Mike & Sulley to the Rescue!",75,True,2026-04-10T20:51:24.000Z
2026-04-10 13:53:32,Disney California Adventure,Hollywood Land,868,Sorcerer's Workshop,0,True,2026-04-10T20:51:24.000Z
2026-04-10 13:53:32,Disney California Adventure,Hollywood Land,294,Turtle Talk with Crush,0,True,2026-04-10T20:51:24.000Z
2026-04-10 13:53:32,Disney California Adventure,Paradise Gardens Park,298,Golden Zephyr,0,False,2026-04-10T20:51:24.000Z
2026-04-10 13:53:32,Disney California Adventure,Paradise Gardens Park,319,Goofy's Sky School,75,True,2026-04-10T20:51:24.000Z
2026-04-10 13:53:32,Disney California Adventure,Paradise Gardens Park,301,Silly Symphony Swings,30,True,2026-04-10T20:51:24.000Z
2026-04-10 13:53:32,Disney California Adventure,Paradise Gardens Park,10905,Silly Symphony Swings Single Rider,0,True,2026-04-10T20:51:24.000Z
2026-04-10 13:53:32,Disney California Adventure,Paradise Gardens Park,316,The Little Mermaid - Ariel's Undersea Adventure,45,True,2026-04-10T20:51:24.000Z
2026-04-10 13:53:32,Disney California Adventure,Paradise Gardens Park,14742,World of Color Happiness!,0,True,2026-04-10T20:51:24.000Z
2026-04-10 13:53:32,Disney California Adventure,Pixar Pier,13960,Games of Pixar Pier,0,True,2026-04-10T20:51:24.000Z
2026-04-10 13:53:32,Disney California Adventure,Pixar Pier,322,Incredicoaster,50,True,2026-04-10T20:51:24.000Z
2026-04-10 13:53:32,Disney California Adventure,Pixar Pier,10906,Incredicoaster Single Rider,0,True,2026-04-10T20:51:24.000Z
2026-04-10 13:53:32,Disney California Adventure,Pixar Pier,6643,Inside Out Emotional Whirlwind,0,False,2026-04-10T20:51:24.000Z
2026-04-10 13:53:32,Disney California Adventure,Pixar Pier,310,Jessie's Critter Carousel,15,True,2026-04-10T20:51:24.000Z
2026-04-10 13:53:32,Disney California Adventure,Pixar Pier,300,Jumpin' Jellyfish,20,True,2026-04-10T20:51:24.000Z
2026-04-10 13:53:32,Disney California Adventure,Pixar Pier,311,Pixar Pal-A-Round - Swinging,50,True,2026-04-10T20:51:24.000Z
2026-04-10 13:53:32,Disney California Adventure,Pixar Pier,5557,Pixar Pal-A-Round – Non-Swinging,40,True,2026-04-10T20:51:24.000Z
2026-04-10 13:53:32,Disney California Adventure,Pixar Pier,313,Toy Story Midway Mania!,0,False,2026-04-10T20:51:24.000Z
2026-04-10 13:53:32,Disney California Adventure,San Fransokyo Square,13959,The Bakery Tour,0,True,2026-04-10T20:51:24.000Z
2026-04-10 14:36:39,Disneyland,Adventureland,12428,Adventureland Treehouse inspired by Walt Disney’s Swiss Family Robinson,0,True,2026-04-10T21:35:38.000Z
2026-04-10 14:36:39,Disneyland,Adventureland,326,Indiana Jones™ Adventure,75,True,2026-04-10T21:35:38.000Z
2026-04-10 14:36:39,Disneyland,Adventureland,296,Jungle Cruise,0,False,2026-04-10T21:35:38.000Z
2026-04-10 14:36:39,Disneyland,Adventureland,288,Walt Disney's Enchanted Tiki Room,0,True,2026-04-10T21:35:38.000Z
2026-04-10 14:36:39,Disneyland,Bayou Country,304,Davy Crockett's Explorer Canoes,15,True,2026-04-10T21:35:38.000Z
2026-04-10 14:36:39,Disneyland,Bayou Country,306,The Many Adventures of Winnie the Pooh,20,True,2026-04-10T21:35:38.000Z
2026-04-10 14:36:39,Disneyland,Bayou Country,14168,Tiana's Bayou Adventure,0,False,2026-04-10T21:35:38.000Z
2026-04-10 14:36:39,Disneyland,Bayou Country,14326,Tiana's Bayou Adventure Single Rider,0,False,2026-04-10T21:35:38.000Z
2026-04-10 14:36:39,Disneyland,Fantasyland,307,"""it's a small world""",20,True,2026-04-10T21:35:38.000Z
2026-04-10 14:36:39,Disneyland,Fantasyland,285,Alice in Wonderland,35,True,2026-04-10T21:35:38.000Z
2026-04-10 14:36:39,Disneyland,Fantasyland,303,Casey Jr. Circus Train,20,True,2026-04-10T21:35:38.000Z
2026-04-10 14:36:39,Disneyland,Fantasyland,275,Dumbo the Flying Elephant,35,True,2026-04-10T21:35:38.000Z
2026-04-10 14:36:39,Disneyland,Fantasyland,277,King Arthur Carrousel,10,True,2026-04-10T21:35:38.000Z
2026-04-10 14:36:39,Disneyland,Fantasyland,278,Mad Tea Party,0,False,2026-04-10T21:35:38.000Z
2026-04-10 14:36:39,Disneyland,Fantasyland,279,Matterhorn Bobsleds,65,True,2026-04-10T21:35:38.000Z
2026-04-10 14:36:39,Disneyland,Fantasyland,6711,Meet Disney Princesses at Royal Hall,45,True,2026-04-10T21:35:38.000Z
2026-04-10 14:36:39,Disneyland,Fantasyland,280,Mr. Toad's Wild Ride,25,True,2026-04-10T21:35:38.000Z
2026-04-10 14:36:39,Disneyland,Fantasyland,281,Peter Pan's Flight,45,True,2026-04-10T21:35:38.000Z
2026-04-10 14:36:39,Disneyland,Fantasyland,282,Pinocchio's Daring Journey,25,True,2026-04-10T21:35:38.000Z
2026-04-10 14:36:39,Disneyland,Fantasyland,687,Sleeping Beauty Castle Walkthrough,0,False,2026-04-10T21:35:38.000Z
2026-04-10 14:36:39,Disneyland,Fantasyland,283,Snow White's Enchanted Wish,30,True,2026-04-10T21:35:38.000Z
2026-04-10 14:36:39,Disneyland,Fantasyland,305,Storybook Land Canal Boats,25,True,2026-04-10T21:35:38.000Z
2026-04-10 14:36:39,Disneyland,Frontierland,323,Big Thunder Mountain Railroad,60,True,2026-04-10T21:35:38.000Z
2026-04-10 14:36:39,Disneyland,Frontierland,679,Frontierland Shootin' Exposition,0,True,2026-04-10T21:35:38.000Z
2026-04-10 14:36:39,Disneyland,Frontierland,456,Mark Twain Riverboat,10,True,2026-04-10T21:35:38.000Z
2026-04-10 14:36:39,Disneyland,Frontierland,331,Pirate's Lair on Tom Sawyer Island,5,True,2026-04-10T21:35:38.000Z
2026-04-10 14:36:39,Disneyland,Frontierland,328,Sailing Ship Columbia,10,True,2026-04-10T21:35:38.000Z
2026-04-10 14:36:39,Disneyland,Main Street U.S.A,674,Disneyland Railroad,15,True,2026-04-10T21:35:38.000Z
2026-04-10 14:36:39,Disneyland,Main Street U.S.A,690,Great Moments with Mr. Lincoln,0,False,2026-04-10T21:35:38.000Z
2026-04-10 14:36:39,Disneyland,Main Street U.S.A,686,Main Street Cinema,0,True,2026-04-10T21:35:38.000Z
2026-04-10 14:36:39,Disneyland,Main Street U.S.A,691,Main Street Vehicles,0,True,2026-04-10T21:35:38.000Z
2026-04-10 14:36:39,Disneyland,Main Street U.S.A,14915,Opera House - Walt Disney - A Magical Life,0,True,2026-04-10T21:35:38.000Z
2026-04-10 14:36:39,Disneyland,Main Street U.S.A,695,The Disney Gallery,0,True,2026-04-10T21:35:38.000Z
2026-04-10 14:36:39,Disneyland,Main Street U.S.A,14923,Walt Disney - A Magical Life,0,True,2026-04-10T21:35:38.000Z
2026-04-10 14:36:39,Disneyland,Mickey's Toontown,324,Chip 'n' Dale's GADGETcoaster,40,True,2026-04-10T21:35:38.000Z
2026-04-10 14:36:39,Disneyland,Mickey's Toontown,13814,Donald's Duck Pond,0,True,2026-04-10T21:35:38.000Z
2026-04-10 14:36:39,Disneyland,Mickey's Toontown,11980,Goofy's How-to-Play Yard,0,True,2026-04-10T21:35:38.000Z
2026-04-10 14:36:39,Disneyland,Mickey's Toontown,11526,Mickey & Minnie's Runaway Railway,55,True,2026-04-10T21:35:38.000Z
2026-04-10 14:36:39,Disneyland,Mickey's Toontown,709,Mickey's House and Meet Mickey Mouse,20,True,2026-04-10T21:35:38.000Z
2026-04-10 14:36:39,Disneyland,Mickey's Toontown,327,Mickey's House and Meet Mickey Mouse,0,False,2026-04-10T21:35:38.000Z
2026-04-10 14:36:39,Disneyland,Mickey's Toontown,684,Minnie's House,0,True,2026-04-10T21:35:38.000Z
2026-04-10 14:36:39,Disneyland,Mickey's Toontown,332,Roger Rabbit's Car Toon Spin,0,False,2026-04-10T21:35:38.000Z
2026-04-10 14:36:39,Disneyland,New Orleans Square,13958,Haunted Mansion,45,True,2026-04-10T21:35:38.000Z
2026-04-10 14:36:39,Disneyland,New Orleans Square,289,Pirates of the Caribbean,30,True,2026-04-10T21:35:38.000Z
2026-04-10 14:36:39,Disneyland,Star Wars: Galaxy's Edge,6339,Millennium Falcon: Smugglers Run,60,True,2026-04-10T21:35:38.000Z
2026-04-10 14:36:39,Disneyland,Star Wars: Galaxy's Edge,10903,Millennium Falcon: Smugglers Run Single Rider,0,True,2026-04-10T21:35:38.000Z
2026-04-10 14:36:39,Disneyland,Star Wars: Galaxy's Edge,6340,Star Wars: Rise of the Resistance,80,True,2026-04-10T21:35:38.000Z
2026-04-10 14:36:39,Disneyland,Tomorrowland,287,Astro Orbitor,45,True,2026-04-10T21:35:38.000Z
2026-04-10 14:36:39,Disneyland,Tomorrowland,317,Autopia,20,True,2026-04-10T21:35:38.000Z
2026-04-10 14:36:39,Disneyland,Tomorrowland,273,Buzz Lightyear Astro Blasters,40,True,2026-04-10T21:35:38.000Z
2026-04-10 14:36:39,Disneyland,Tomorrowland,274,Disneyland Monorail,0,False,2026-04-10T21:35:38.000Z
2026-04-10 14:36:39,Disneyland,Tomorrowland,276,Finding Nemo Submarine Voyage,30,True,2026-04-10T21:35:38.000Z
2026-04-10 14:36:39,Disneyland,Tomorrowland,284,Space Mountain,115,True,2026-04-10T21:35:38.000Z
2026-04-10 14:36:39,Disneyland,Tomorrowland,286,Star Tours - The Adventures Continue,45,True,2026-04-10T21:35:38.000Z
2026-04-10 14:36:40,Disney California Adventure,Avengers Campus,329,Guardians of the Galaxy - Mission: BREAKOUT!,120,True,2026-04-10T21:35:38.000Z
2026-04-10 14:36:40,Disney California Adventure,Avengers Campus,8843,WEB SLINGERS: A Spider-Man Adventure,70,True,2026-04-10T21:35:38.000Z
2026-04-10 14:36:40,Disney California Adventure,Avengers Campus,10907,WEB SLINGERS: A Spider-Man Adventure Single Rider,0,True,2026-04-10T21:35:38.000Z
2026-04-10 14:36:40,Disney California Adventure,Cars Land,13961,Luigi's Rollickin' Roadsters,50,True,2026-04-10T21:35:38.000Z
2026-04-10 14:36:40,Disney California Adventure,Cars Land,315,Mater's Junkyard Jamboree,45,True,2026-04-10T21:35:38.000Z
2026-04-10 14:36:40,Disney California Adventure,Cars Land,295,Radiator Springs Racers,90,True,2026-04-10T21:35:38.000Z
2026-04-10 14:36:40,Disney California Adventure,Cars Land,10904,Radiator Springs Racers Single Rider,0,True,2026-04-10T21:35:38.000Z
2026-04-10 14:36:40,Disney California Adventure,Grizzly Peak,302,Grizzly River Run,55,True,2026-04-10T21:35:38.000Z
2026-04-10 14:36:40,Disney California Adventure,Grizzly Peak,293,Redwood Creek Challenge Trail,5,True,2026-04-10T21:35:38.000Z
2026-04-10 14:36:40,Disney California Adventure,Grizzly Peak,312,Soarin' Over California,80,True,2026-04-10T21:35:38.000Z
2026-04-10 14:36:40,Disney California Adventure,Hollywood Land,321,Animation Academy,0,True,2026-04-10T21:35:38.000Z
2026-04-10 14:36:40,Disney California Adventure,Hollywood Land,6440,Mickey's PhilharMagic,10,True,2026-04-10T21:35:38.000Z
2026-04-10 14:36:40,Disney California Adventure,Hollywood Land,291,"Monsters, Inc. Mike & Sulley to the Rescue!",0,False,2026-04-10T21:35:38.000Z
2026-04-10 14:36:40,Disney California Adventure,Hollywood Land,868,Sorcerer's Workshop,0,False,2026-04-10T21:35:38.000Z
2026-04-10 14:36:40,Disney California Adventure,Hollywood Land,294,Turtle Talk with Crush,0,True,2026-04-10T21:35:38.000Z
2026-04-10 14:36:40,Disney California Adventure,Paradise Gardens Park,298,Golden Zephyr,0,False,2026-04-10T21:35:38.000Z
2026-04-10 14:36:40,Disney California Adventure,Paradise Gardens Park,319,Goofy's Sky School,75,True,2026-04-10T21:35:38.000Z
2026-04-10 14:36:40,Disney California Adventure,Paradise Gardens Park,301,Silly Symphony Swings,20,True,2026-04-10T21:35:38.000Z
2026-04-10 14:36:40,Disney California Adventure,Paradise Gardens Park,10905,Silly Symphony Swings Single Rider,0,True,2026-04-10T21:35:38.000Z
2026-04-10 14:36:40,Disney California Adventure,Paradise Gardens Park,316,The Little Mermaid - Ariel's Undersea Adventure,25,True,2026-04-10T21:35:38.000Z
2026-04-10 14:36:40,Disney California Adventure,Paradise Gardens Park,14742,World of Color Happiness!,0,True,2026-04-10T21:35:38.000Z
2026-04-10 14:36:40,Disney California Adventure,Pixar Pier,13960,Games of Pixar Pier,0,True,2026-04-10T21:35:38.000Z
2026-04-10 14:36:40,Disney California Adventure,Pixar Pier,322,Incredicoaster,50,True,2026-04-10T21:35:38.000Z
2026-04-10 14:36:40,Disney California Adventure,Pixar Pier,10906,Incredicoaster Single Rider,0,True,2026-04-10T21:35:38.000Z
2026-04-10 14:36:40,Disney California Adventure,Pixar Pier,6643,Inside Out Emotional Whirlwind,0,False,2026-04-10T21:35:38.000Z
2026-04-10 14:36:40,Disney California Adventure,Pixar Pier,310,Jessie's Critter Carousel,15,True,2026-04-10T21:35:38.000Z
2026-04-10 14:36:40,Disney California Adventure,Pixar Pier,300,Jumpin' Jellyfish,25,True,2026-04-10T21:35:38.000Z
2026-04-10 14:36:40,Disney California Adventure,Pixar Pier,311,Pixar Pal-A-Round - Swinging,35,True,2026-04-10T21:35:38.000Z
2026-04-10 14:36:40,Disney California Adventure,Pixar Pier,5557,Pixar Pal-A-Round – Non-Swinging,30,True,2026-04-10T21:30:53.000Z
2026-04-10 14:36:40,Disney California Adventure,Pixar Pier,313,Toy Story Midway Mania!,0,False,2026-04-10T21:35:38.000Z
2026-04-10 14:36:40,Disney California Adventure,San Fransokyo Square,13959,The Bakery Tour,0,True,2026-04-10T21:35:38.000Z
2026-04-10 15:20:31,Disneyland,Adventureland,12428,Adventureland Treehouse inspired by Walt Disney’s Swiss Family Robinson,0,True,2026-04-10T22:15:42.000Z
2026-04-10 15:20:31,Disneyland,Adventureland,326,Indiana Jones™ Adventure,75,True,2026-04-10T22:15:42.000Z
2026-04-10 15:20:31,Disneyland,Adventureland,296,Jungle Cruise,0,False,2026-04-10T22:15:42.000Z
2026-04-10 15:20:31,Disneyland,Adventureland,288,Walt Disney's Enchanted Tiki Room,0,True,2026-04-10T22:15:42.000Z
2026-04-10 15:20:31,Disneyland,Bayou Country,304,Davy Crockett's Explorer Canoes,15,True,2026-04-10T22:15:42.000Z
2026-04-10 15:20:31,Disneyland,Bayou Country,306,The Many Adventures of Winnie the Pooh,15,True,2026-04-10T22:15:42.000Z
2026-04-10 15:20:31,Disneyland,Bayou Country,14168,Tiana's Bayou Adventure,80,True,2026-04-10T22:15:42.000Z
2026-04-10 15:20:31,Disneyland,Bayou Country,14326,Tiana's Bayou Adventure Single Rider,0,True,2026-04-10T22:15:42.000Z
2026-04-10 15:20:31,Disneyland,Fantasyland,307,"""it's a small world""",35,True,2026-04-10T22:15:42.000Z
2026-04-10 15:20:31,Disneyland,Fantasyland,285,Alice in Wonderland,35,True,2026-04-10T22:15:42.000Z
2026-04-10 15:20:31,Disneyland,Fantasyland,303,Casey Jr. Circus Train,10,True,2026-04-10T22:15:42.000Z
2026-04-10 15:20:31,Disneyland,Fantasyland,275,Dumbo the Flying Elephant,30,True,2026-04-10T22:15:42.000Z
2026-04-10 15:20:31,Disneyland,Fantasyland,277,King Arthur Carrousel,5,True,2026-04-10T22:15:42.000Z
2026-04-10 15:20:31,Disneyland,Fantasyland,278,Mad Tea Party,15,True,2026-04-10T22:15:42.000Z
2026-04-10 15:20:31,Disneyland,Fantasyland,279,Matterhorn Bobsleds,55,True,2026-04-10T22:15:42.000Z
2026-04-10 15:20:31,Disneyland,Fantasyland,6711,Meet Disney Princesses at Royal Hall,45,True,2026-04-10T22:15:42.000Z
2026-04-10 15:20:31,Disneyland,Fantasyland,280,Mr. Toad's Wild Ride,30,True,2026-04-10T22:15:42.000Z
2026-04-10 15:20:31,Disneyland,Fantasyland,281,Peter Pan's Flight,0,False,2026-04-10T22:15:42.000Z
2026-04-10 15:20:31,Disneyland,Fantasyland,282,Pinocchio's Daring Journey,10,True,2026-04-10T22:15:42.000Z
2026-04-10 15:20:31,Disneyland,Fantasyland,687,Sleeping Beauty Castle Walkthrough,0,False,2026-04-10T22:15:42.000Z
2026-04-10 15:20:31,Disneyland,Fantasyland,283,Snow White's Enchanted Wish,15,True,2026-04-10T22:15:42.000Z
2026-04-10 15:20:31,Disneyland,Fantasyland,305,Storybook Land Canal Boats,15,True,2026-04-10T22:15:42.000Z
2026-04-10 15:20:31,Disneyland,Frontierland,323,Big Thunder Mountain Railroad,70,True,2026-04-10T22:15:42.000Z
2026-04-10 15:20:31,Disneyland,Frontierland,679,Frontierland Shootin' Exposition,0,True,2026-04-10T22:15:42.000Z
2026-04-10 15:20:31,Disneyland,Frontierland,456,Mark Twain Riverboat,10,True,2026-04-10T22:15:42.000Z
2026-04-10 15:20:31,Disneyland,Frontierland,331,Pirate's Lair on Tom Sawyer Island,5,True,2026-04-10T22:15:42.000Z
2026-04-10 15:20:31,Disneyland,Frontierland,328,Sailing Ship Columbia,10,True,2026-04-10T22:15:42.000Z
2026-04-10 15:20:31,Disneyland,Main Street U.S.A,674,Disneyland Railroad,15,True,2026-04-10T22:15:42.000Z
2026-04-10 15:20:31,Disneyland,Main Street U.S.A,690,Great Moments with Mr. Lincoln,0,False,2026-04-10T22:15:42.000Z
2026-04-10 15:20:31,Disneyland,Main Street U.S.A,686,Main Street Cinema,0,True,2026-04-10T22:15:42.000Z
2026-04-10 15:20:31,Disneyland,Main Street U.S.A,691,Main Street Vehicles,0,True,2026-04-10T22:15:42.000Z
2026-04-10 15:20:31,Disneyland,Main Street U.S.A,14915,Opera House - Walt Disney - A Magical Life,0,True,2026-04-10T22:15:42.000Z
2026-04-10 15:20:31,Disneyland,Main Street U.S.A,695,The Disney Gallery,0,True,2026-04-10T22:15:42.000Z
2026-04-10 15:20:31,Disneyland,Main Street U.S.A,14923,Walt Disney - A Magical Life,0,True,2026-04-10T22:15:42.000Z
2026-04-10 15:20:31,Disneyland,Mickey's Toontown,324,Chip 'n' Dale's GADGETcoaster,30,True,2026-04-10T22:15:42.000Z
2026-04-10 15:20:31,Disneyland,Mickey's Toontown,13814,Donald's Duck Pond,0,True,2026-04-10T22:15:42.000Z
2026-04-10 15:20:31,Disneyland,Mickey's Toontown,11980,Goofy's How-to-Play Yard,0,True,2026-04-10T22:15:42.000Z
2026-04-10 15:20:31,Disneyland,Mickey's Toontown,11526,Mickey & Minnie's Runaway Railway,45,True,2026-04-10T22:15:42.000Z
2026-04-10 15:20:31,Disneyland,Mickey's Toontown,709,Mickey's House and Meet Mickey Mouse,20,True,2026-04-10T22:15:42.000Z
2026-04-10 15:20:31,Disneyland,Mickey's Toontown,327,Mickey's House and Meet Mickey Mouse,0,False,2026-04-10T22:15:42.000Z
2026-04-10 15:20:31,Disneyland,Mickey's Toontown,684,Minnie's House,0,True,2026-04-10T22:15:42.000Z
2026-04-10 15:20:31,Disneyland,Mickey's Toontown,332,Roger Rabbit's Car Toon Spin,0,False,2026-04-10T22:15:42.000Z
2026-04-10 15:20:31,Disneyland,New Orleans Square,13958,Haunted Mansion,45,True,2026-04-10T22:15:42.000Z
2026-04-10 15:20:31,Disneyland,New Orleans Square,289,Pirates of the Caribbean,50,True,2026-04-10T22:15:42.000Z
2026-04-10 15:20:31,Disneyland,Star Wars: Galaxy's Edge,6339,Millennium Falcon: Smugglers Run,75,True,2026-04-10T22:15:42.000Z
2026-04-10 15:20:31,Disneyland,Star Wars: Galaxy's Edge,10903,Millennium Falcon: Smugglers Run Single Rider,0,True,2026-04-10T22:15:42.000Z
2026-04-10 15:20:31,Disneyland,Star Wars: Galaxy's Edge,6340,Star Wars: Rise of the Resistance,95,True,2026-04-10T22:15:42.000Z
2026-04-10 15:20:31,Disneyland,Tomorrowland,287,Astro Orbitor,45,True,2026-04-10T22:15:42.000Z
2026-04-10 15:20:31,Disneyland,Tomorrowland,317,Autopia,35,True,2026-04-10T22:15:42.000Z
2026-04-10 15:20:31,Disneyland,Tomorrowland,273,Buzz Lightyear Astro Blasters,25,True,2026-04-10T22:15:42.000Z
2026-04-10 15:20:31,Disneyland,Tomorrowland,274,Disneyland Monorail,0,False,2026-04-10T22:15:42.000Z
2026-04-10 15:20:31,Disneyland,Tomorrowland,276,Finding Nemo Submarine Voyage,25,True,2026-04-10T22:15:42.000Z
2026-04-10 15:20:31,Disneyland,Tomorrowland,284,Space Mountain,50,True,2026-04-10T22:15:42.000Z
2026-04-10 15:20:31,Disneyland,Tomorrowland,286,Star Tours - The Adventures Continue,25,True,2026-04-10T22:15:42.000Z
2026-04-10 15:20:31,Disney California Adventure,Avengers Campus,329,Guardians of the Galaxy - Mission: BREAKOUT!,115,True,2026-04-10T22:15:46.000Z
2026-04-10 15:20:31,Disney California Adventure,Avengers Campus,8843,WEB SLINGERS: A Spider-Man Adventure,70,True,2026-04-10T22:15:46.000Z
2026-04-10 15:20:31,Disney California Adventure,Avengers Campus,10907,WEB SLINGERS: A Spider-Man Adventure Single Rider,0,True,2026-04-10T22:15:46.000Z
2026-04-10 15:20:31,Disney California Adventure,Cars Land,13961,Luigi's Rollickin' Roadsters,40,True,2026-04-10T22:15:46.000Z
2026-04-10 15:20:31,Disney California Adventure,Cars Land,315,Mater's Junkyard Jamboree,35,True,2026-04-10T22:15:46.000Z
2026-04-10 15:20:31,Disney California Adventure,Cars Land,295,Radiator Springs Racers,0,False,2026-04-10T22:15:46.000Z
2026-04-10 15:20:31,Disney California Adventure,Cars Land,10904,Radiator Springs Racers Single Rider,0,False,2026-04-10T22:15:46.000Z
2026-04-10 15:20:31,Disney California Adventure,Grizzly Peak,302,Grizzly River Run,65,True,2026-04-10T22:15:46.000Z
2026-04-10 15:20:31,Disney California Adventure,Grizzly Peak,293,Redwood Creek Challenge Trail,5,True,2026-04-10T22:15:46.000Z
2026-04-10 15:20:31,Disney California Adventure,Grizzly Peak,312,Soarin' Over California,80,True,2026-04-10T22:15:46.000Z
2026-04-10 15:20:31,Disney California Adventure,Hollywood Land,321,Animation Academy,0,True,2026-04-10T22:15:46.000Z
2026-04-10 15:20:31,Disney California Adventure,Hollywood Land,6440,Mickey's PhilharMagic,10,True,2026-04-10T22:15:46.000Z
2026-04-10 15:20:31,Disney California Adventure,Hollywood Land,291,"Monsters, Inc. Mike & Sulley to the Rescue!",45,True,2026-04-10T22:15:46.000Z
2026-04-10 15:20:31,Disney California Adventure,Hollywood Land,868,Sorcerer's Workshop,0,False,2026-04-10T22:15:46.000Z
2026-04-10 15:20:31,Disney California Adventure,Hollywood Land,294,Turtle Talk with Crush,0,True,2026-04-10T22:15:46.000Z
2026-04-10 15:20:31,Disney California Adventure,Paradise Gardens Park,298,Golden Zephyr,0,False,2026-04-10T22:15:46.000Z
2026-04-10 15:20:31,Disney California Adventure,Paradise Gardens Park,319,Goofy's Sky School,45,True,2026-04-10T22:15:46.000Z
2026-04-10 15:20:31,Disney California Adventure,Paradise Gardens Park,301,Silly Symphony Swings,20,True,2026-04-10T22:15:46.000Z
2026-04-10 15:20:31,Disney California Adventure,Paradise Gardens Park,10905,Silly Symphony Swings Single Rider,0,True,2026-04-10T22:15:46.000Z
2026-04-10 15:20:31,Disney California Adventure,Paradise Gardens Park,316,The Little Mermaid - Ariel's Undersea Adventure,30,True,2026-04-10T22:15:46.000Z
2026-04-10 15:20:31,Disney California Adventure,Paradise Gardens Park,14742,World of Color Happiness!,0,True,2026-04-10T22:15:46.000Z
2026-04-10 15:20:31,Disney California Adventure,Pixar Pier,13960,Games of Pixar Pier,0,True,2026-04-10T22:15:46.000Z
2026-04-10 15:20:31,Disney California Adventure,Pixar Pier,322,Incredicoaster,60,True,2026-04-10T22:15:46.000Z
2026-04-10 15:20:31,Disney California Adventure,Pixar Pier,10906,Incredicoaster Single Rider,0,True,2026-04-10T22:15:46.000Z
2026-04-10 15:20:31,Disney California Adventure,Pixar Pier,6643,Inside Out Emotional Whirlwind,0,False,2026-04-10T22:15:46.000Z
2026-04-10 15:20:31,Disney California Adventure,Pixar Pier,310,Jessie's Critter Carousel,15,True,2026-04-10T22:15:46.000Z
2026-04-10 15:20:31,Disney California Adventure,Pixar Pier,300,Jumpin' Jellyfish,20,True,2026-04-10T22:15:46.000Z
2026-04-10 15:20:31,Disney California Adventure,Pixar Pier,311,Pixar Pal-A-Round - Swinging,40,True,2026-04-10T22:15:46.000Z
2026-04-10 15:20:31,Disney California Adventure,Pixar Pier,5557,Pixar Pal-A-Round – Non-Swinging,35,True,2026-04-10T22:15:46.000Z
2026-04-10 15:20:31,Disney California Adventure,Pixar Pier,313,Toy Story Midway Mania!,0,False,2026-04-10T22:15:46.000Z
2026-04-10 15:20:31,Disney California Adventure,San Fransokyo Square,13959,The Bakery Tour,0,True,2026-04-10T22:15:46.000Z
2026-04-10 16:02:41,Disneyland,Adventureland,12428,Adventureland Treehouse inspired by Walt Disney’s Swiss Family Robinson,0,True,2026-04-10T23:00:57.000Z
2026-04-10 16:02:41,Disneyland,Adventureland,326,Indiana Jones™ Adventure,75,True,2026-04-10T23:00:57.000Z
2026-04-10 16:02:41,Disneyland,Adventureland,296,Jungle Cruise,0,False,2026-04-10T23:00:57.000Z
2026-04-10 16:02:41,Disneyland,Adventureland,288,Walt Disney's Enchanted Tiki Room,0,True,2026-04-10T23:00:57.000Z
2026-04-10 16:02:41,Disneyland,Bayou Country,304,Davy Crockett's Explorer Canoes,15,True,2026-04-10T23:00:57.000Z
2026-04-10 16:02:41,Disneyland,Bayou Country,306,The Many Adventures of Winnie the Pooh,25,True,2026-04-10T23:00:57.000Z
2026-04-10 16:02:41,Disneyland,Bayou Country,14168,Tiana's Bayou Adventure,60,True,2026-04-10T23:00:57.000Z
2026-04-10 16:02:41,Disneyland,Bayou Country,14326,Tiana's Bayou Adventure Single Rider,0,True,2026-04-10T23:00:57.000Z
2026-04-10 16:02:41,Disneyland,Fantasyland,307,"""it's a small world""",35,True,2026-04-10T23:00:57.000Z
2026-04-10 16:02:41,Disneyland,Fantasyland,285,Alice in Wonderland,30,True,2026-04-10T23:00:57.000Z
2026-04-10 16:02:41,Disneyland,Fantasyland,303,Casey Jr. Circus Train,10,True,2026-04-10T23:00:57.000Z
2026-04-10 16:02:41,Disneyland,Fantasyland,275,Dumbo the Flying Elephant,30,True,2026-04-10T23:00:57.000Z
2026-04-10 16:02:41,Disneyland,Fantasyland,277,King Arthur Carrousel,5,True,2026-04-10T23:00:57.000Z
2026-04-10 16:02:41,Disneyland,Fantasyland,278,Mad Tea Party,15,True,2026-04-10T23:00:57.000Z
2026-04-10 16:02:41,Disneyland,Fantasyland,279,Matterhorn Bobsleds,55,True,2026-04-10T23:00:57.000Z
2026-04-10 16:02:41,Disneyland,Fantasyland,6711,Meet Disney Princesses at Royal Hall,45,True,2026-04-10T23:00:57.000Z
2026-04-10 16:02:41,Disneyland,Fantasyland,280,Mr. Toad's Wild Ride,25,True,2026-04-10T23:00:57.000Z
2026-04-10 16:02:41,Disneyland,Fantasyland,281,Peter Pan's Flight,0,False,2026-04-10T23:00:57.000Z
2026-04-10 16:02:41,Disneyland,Fantasyland,282,Pinocchio's Daring Journey,25,True,2026-04-10T23:00:57.000Z
2026-04-10 16:02:41,Disneyland,Fantasyland,687,Sleeping Beauty Castle Walkthrough,0,False,2026-04-10T23:00:57.000Z
2026-04-10 16:02:41,Disneyland,Fantasyland,283,Snow White's Enchanted Wish,25,True,2026-04-10T23:00:57.000Z
2026-04-10 16:02:41,Disneyland,Fantasyland,305,Storybook Land Canal Boats,15,True,2026-04-10T23:00:57.000Z
2026-04-10 16:02:41,Disneyland,Frontierland,323,Big Thunder Mountain Railroad,65,True,2026-04-10T23:00:57.000Z
2026-04-10 16:02:41,Disneyland,Frontierland,679,Frontierland Shootin' Exposition,0,True,2026-04-10T23:00:57.000Z
2026-04-10 16:02:41,Disneyland,Frontierland,456,Mark Twain Riverboat,10,True,2026-04-10T23:00:57.000Z
2026-04-10 16:02:41,Disneyland,Frontierland,331,Pirate's Lair on Tom Sawyer Island,5,True,2026-04-10T23:00:57.000Z
2026-04-10 16:02:41,Disneyland,Frontierland,328,Sailing Ship Columbia,0,False,2026-04-10T23:00:57.000Z
2026-04-10 16:02:41,Disneyland,Main Street U.S.A,674,Disneyland Railroad,15,True,2026-04-10T23:00:57.000Z
2026-04-10 16:02:41,Disneyland,Main Street U.S.A,690,Great Moments with Mr. Lincoln,0,False,2026-04-10T23:00:57.000Z
2026-04-10 16:02:41,Disneyland,Main Street U.S.A,686,Main Street Cinema,0,True,2026-04-10T23:00:57.000Z
2026-04-10 16:02:41,Disneyland,Main Street U.S.A,691,Main Street Vehicles,0,True,2026-04-10T23:00:57.000Z
2026-04-10 16:02:41,Disneyland,Main Street U.S.A,14915,Opera House - Walt Disney - A Magical Life,0,True,2026-04-10T23:00:57.000Z
2026-04-10 16:02:41,Disneyland,Main Street U.S.A,695,The Disney Gallery,0,True,2026-04-10T23:00:57.000Z
2026-04-10 16:02:41,Disneyland,Main Street U.S.A,14923,Walt Disney - A Magical Life,0,True,2026-04-10T23:00:57.000Z
2026-04-10 16:02:41,Disneyland,Mickey's Toontown,324,Chip 'n' Dale's GADGETcoaster,45,True,2026-04-10T23:00:57.000Z
2026-04-10 16:02:41,Disneyland,Mickey's Toontown,13814,Donald's Duck Pond,0,True,2026-04-10T23:00:57.000Z
2026-04-10 16:02:41,Disneyland,Mickey's Toontown,11980,Goofy's How-to-Play Yard,0,True,2026-04-10T23:00:57.000Z
2026-04-10 16:02:41,Disneyland,Mickey's Toontown,11526,Mickey & Minnie's Runaway Railway,60,True,2026-04-10T23:00:57.000Z
2026-04-10 16:02:41,Disneyland,Mickey's Toontown,709,Mickey's House and Meet Mickey Mouse,20,True,2026-04-10T23:00:57.000Z
2026-04-10 16:02:41,Disneyland,Mickey's Toontown,327,Mickey's House and Meet Mickey Mouse,0,False,2026-04-10T23:00:57.000Z
2026-04-10 16:02:41,Disneyland,Mickey's Toontown,684,Minnie's House,0,True,2026-04-10T23:00:57.000Z
2026-04-10 16:02:41,Disneyland,Mickey's Toontown,332,Roger Rabbit's Car Toon Spin,0,False,2026-04-10T23:00:57.000Z
2026-04-10 16:02:41,Disneyland,New Orleans Square,13958,Haunted Mansion,45,True,2026-04-10T23:00:57.000Z
2026-04-10 16:02:41,Disneyland,New Orleans Square,289,Pirates of the Caribbean,25,True,2026-04-10T23:00:57.000Z
2026-04-10 16:02:41,Disneyland,Star Wars: Galaxy's Edge,6339,Millennium Falcon: Smugglers Run,50,True,2026-04-10T23:00:57.000Z
2026-04-10 16:02:41,Disneyland,Star Wars: Galaxy's Edge,10903,Millennium Falcon: Smugglers Run Single Rider,0,True,2026-04-10T23:00:57.000Z
2026-04-10 16:02:41,Disneyland,Star Wars: Galaxy's Edge,6340,Star Wars: Rise of the Resistance,80,True,2026-04-10T23:00:57.000Z
2026-04-10 16:02:41,Disneyland,Tomorrowland,287,Astro Orbitor,45,True,2026-04-10T23:00:57.000Z
2026-04-10 16:02:41,Disneyland,Tomorrowland,317,Autopia,15,True,2026-04-10T23:00:57.000Z
2026-04-10 16:02:41,Disneyland,Tomorrowland,273,Buzz Lightyear Astro Blasters,35,True,2026-04-10T23:00:57.000Z
2026-04-10 16:02:41,Disneyland,Tomorrowland,274,Disneyland Monorail,0,False,2026-04-10T23:00:57.000Z
2026-04-10 16:02:41,Disneyland,Tomorrowland,276,Finding Nemo Submarine Voyage,40,True,2026-04-10T23:00:57.000Z
2026-04-10 16:02:41,Disneyland,Tomorrowland,284,Space Mountain,75,True,2026-04-10T23:00:57.000Z
2026-04-10 16:02:41,Disneyland,Tomorrowland,286,Star Tours - The Adventures Continue,55,True,2026-04-10T23:00:57.000Z
2026-04-10 16:02:41,Disney California Adventure,Avengers Campus,329,Guardians of the Galaxy - Mission: BREAKOUT!,115,True,2026-04-10T23:00:57.000Z
2026-04-10 16:02:41,Disney California Adventure,Avengers Campus,8843,WEB SLINGERS: A Spider-Man Adventure,50,True,2026-04-10T23:00:57.000Z
2026-04-10 16:02:41,Disney California Adventure,Avengers Campus,10907,WEB SLINGERS: A Spider-Man Adventure Single Rider,0,True,2026-04-10T23:00:57.000Z
2026-04-10 16:02:41,Disney California Adventure,Cars Land,13961,Luigi's Rollickin' Roadsters,35,True,2026-04-10T23:00:57.000Z
2026-04-10 16:02:41,Disney California Adventure,Cars Land,315,Mater's Junkyard Jamboree,35,True,2026-04-10T23:00:57.000Z
2026-04-10 16:02:41,Disney California Adventure,Cars Land,295,Radiator Springs Racers,120,True,2026-04-10T23:00:57.000Z
2026-04-10 16:02:41,Disney California Adventure,Cars Land,10904,Radiator Springs Racers Single Rider,0,True,2026-04-10T23:00:57.000Z
2026-04-10 16:02:41,Disney California Adventure,Grizzly Peak,302,Grizzly River Run,65,True,2026-04-10T23:00:57.000Z
2026-04-10 16:02:41,Disney California Adventure,Grizzly Peak,293,Redwood Creek Challenge Trail,5,True,2026-04-10T23:00:57.000Z
2026-04-10 16:02:41,Disney California Adventure,Grizzly Peak,312,Soarin' Over California,65,True,2026-04-10T23:00:57.000Z
2026-04-10 16:02:41,Disney California Adventure,Hollywood Land,321,Animation Academy,0,True,2026-04-10T23:00:57.000Z
2026-04-10 16:02:41,Disney California Adventure,Hollywood Land,6440,Mickey's PhilharMagic,10,True,2026-04-10T23:00:57.000Z
2026-04-10 16:02:41,Disney California Adventure,Hollywood Land,291,"Monsters, Inc. Mike & Sulley to the Rescue!",60,True,2026-04-10T23:00:57.000Z
2026-04-10 16:02:41,Disney California Adventure,Hollywood Land,868,Sorcerer's Workshop,0,False,2026-04-10T23:00:57.000Z
2026-04-10 16:02:41,Disney California Adventure,Hollywood Land,294,Turtle Talk with Crush,0,True,2026-04-10T23:00:57.000Z
2026-04-10 16:02:41,Disney California Adventure,Paradise Gardens Park,298,Golden Zephyr,0,False,2026-04-10T23:00:57.000Z
2026-04-10 16:02:41,Disney California Adventure,Paradise Gardens Park,319,Goofy's Sky School,75,True,2026-04-10T23:00:57.000Z
2026-04-10 16:02:41,Disney California Adventure,Paradise Gardens Park,301,Silly Symphony Swings,30,True,2026-04-10T23:00:57.000Z
2026-04-10 16:02:41,Disney California Adventure,Paradise Gardens Park,10905,Silly Symphony Swings Single Rider,0,True,2026-04-10T23:00:57.000Z
2026-04-10 16:02:41,Disney California Adventure,Paradise Gardens Park,316,The Little Mermaid - Ariel's Undersea Adventure,35,True,2026-04-10T23:00:57.000Z
2026-04-10 16:02:41,Disney California Adventure,Paradise Gardens Park,14742,World of Color Happiness!,0,True,2026-04-10T23:00:57.000Z
2026-04-10 16:02:41,Disney California Adventure,Pixar Pier,13960,Games of Pixar Pier,0,True,2026-04-10T23:00:57.000Z
2026-04-10 16:02:41,Disney California Adventure,Pixar Pier,322,Incredicoaster,60,True,2026-04-10T23:00:57.000Z
2026-04-10 16:02:41,Disney California Adventure,Pixar Pier,10906,Incredicoaster Single Rider,0,True,2026-04-10T23:00:57.000Z
2026-04-10 16:02:41,Disney California Adventure,Pixar Pier,6643,Inside Out Emotional Whirlwind,0,False,2026-04-10T23:00:57.000Z
2026-04-10 16:02:41,Disney California Adventure,Pixar Pier,310,Jessie's Critter Carousel,15,True,2026-04-10T23:00:57.000Z
2026-04-10 16:02:41,Disney California Adventure,Pixar Pier,300,Jumpin' Jellyfish,15,True,2026-04-10T23:00:57.000Z
2026-04-10 16:02:41,Disney California Adventure,Pixar Pier,311,Pixar Pal-A-Round - Swinging,40,True,2026-04-10T23:00:57.000Z
2026-04-10 16:02:41,Disney California Adventure,Pixar Pier,5557,Pixar Pal-A-Round – Non-Swinging,50,True,2026-04-10T23:00:57.000Z
2026-04-10 16:02:41,Disney California Adventure,Pixar Pier,313,Toy Story Midway Mania!,0,False,2026-04-10T23:00:57.000Z
2026-04-10 16:02:41,Disney California Adventure,San Fransokyo Square,13959,The Bakery Tour,0,True,2026-04-10T23:00:57.000Z
2026-04-10 16:05:24,Disneyland,Adventureland,12428,Adventureland Treehouse inspired by Walt Disney’s Swiss Family Robinson,0,True,2026-04-10T23:00:57.000Z
2026-04-10 16:05:24,Disneyland,Adventureland,326,Indiana Jones™ Adventure,75,True,2026-04-10T23:00:57.000Z
2026-04-10 16:05:24,Disneyland,Adventureland,296,Jungle Cruise,0,False,2026-04-10T23:00:57.000Z
2026-04-10 16:05:24,Disneyland,Adventureland,288,Walt Disney's Enchanted Tiki Room,0,True,2026-04-10T23:00:57.000Z
2026-04-10 16:05:24,Disneyland,Bayou Country,304,Davy Crockett's Explorer Canoes,15,True,2026-04-10T23:00:57.000Z
2026-04-10 16:05:24,Disneyland,Bayou Country,306,The Many Adventures of Winnie the Pooh,25,True,2026-04-10T23:00:57.000Z
2026-04-10 16:05:24,Disneyland,Bayou Country,14168,Tiana's Bayou Adventure,60,True,2026-04-10T23:00:57.000Z
2026-04-10 16:05:24,Disneyland,Bayou Country,14326,Tiana's Bayou Adventure Single Rider,0,True,2026-04-10T23:00:57.000Z
2026-04-10 16:05:24,Disneyland,Fantasyland,307,"""it's a small world""",35,True,2026-04-10T23:00:57.000Z
2026-04-10 16:05:24,Disneyland,Fantasyland,285,Alice in Wonderland,30,True,2026-04-10T23:00:57.000Z
2026-04-10 16:05:24,Disneyland,Fantasyland,303,Casey Jr. Circus Train,10,True,2026-04-10T23:00:57.000Z
2026-04-10 16:05:24,Disneyland,Fantasyland,275,Dumbo the Flying Elephant,30,True,2026-04-10T23:00:57.000Z
2026-04-10 16:05:24,Disneyland,Fantasyland,277,King Arthur Carrousel,5,True,2026-04-10T23:00:57.000Z
2026-04-10 16:05:24,Disneyland,Fantasyland,278,Mad Tea Party,15,True,2026-04-10T23:00:57.000Z
2026-04-10 16:05:24,Disneyland,Fantasyland,279,Matterhorn Bobsleds,55,True,2026-04-10T23:00:57.000Z
2026-04-10 16:05:24,Disneyland,Fantasyland,6711,Meet Disney Princesses at Royal Hall,45,True,2026-04-10T23:00:57.000Z
2026-04-10 16:05:24,Disneyland,Fantasyland,280,Mr. Toad's Wild Ride,25,True,2026-04-10T23:00:57.000Z
2026-04-10 16:05:24,Disneyland,Fantasyland,281,Peter Pan's Flight,0,False,2026-04-10T23:00:57.000Z
2026-04-10 16:05:24,Disneyland,Fantasyland,282,Pinocchio's Daring Journey,25,True,2026-04-10T23:00:57.000Z
2026-04-10 16:05:24,Disneyland,Fantasyland,687,Sleeping Beauty Castle Walkthrough,0,False,2026-04-10T23:00:57.000Z
2026-04-10 16:05:24,Disneyland,Fantasyland,283,Snow White's Enchanted Wish,25,True,2026-04-10T23:00:57.000Z
2026-04-10 16:05:24,Disneyland,Fantasyland,305,Storybook Land Canal Boats,15,True,2026-04-10T23:00:57.000Z
2026-04-10 16:05:24,Disneyland,Frontierland,323,Big Thunder Mountain Railroad,65,True,2026-04-10T23:00:57.000Z
2026-04-10 16:05:24,Disneyland,Frontierland,679,Frontierland Shootin' Exposition,0,True,2026-04-10T23:00:57.000Z
2026-04-10 16:05:24,Disneyland,Frontierland,456,Mark Twain Riverboat,10,True,2026-04-10T23:00:57.000Z
2026-04-10 16:05:24,Disneyland,Frontierland,331,Pirate's Lair on Tom Sawyer Island,5,True,2026-04-10T23:00:57.000Z
2026-04-10 16:05:24,Disneyland,Frontierland,328,Sailing Ship Columbia,0,False,2026-04-10T23:00:57.000Z
2026-04-10 16:05:24,Disneyland,Main Street U.S.A,674,Disneyland Railroad,15,True,2026-04-10T23:00:57.000Z
2026-04-10 16:05:24,Disneyland,Main Street U.S.A,690,Great Moments with Mr. Lincoln,0,False,2026-04-10T23:00:57.000Z
2026-04-10 16:05:24,Disneyland,Main Street U.S.A,686,Main Street Cinema,0,True,2026-04-10T23:00:57.000Z
2026-04-10 16:05:24,Disneyland,Main Street U.S.A,691,Main Street Vehicles,0,True,2026-04-10T23:00:57.000Z
2026-04-10 16:05:24,Disneyland,Main Street U.S.A,14915,Opera House - Walt Disney - A Magical Life,0,True,2026-04-10T23:00:57.000Z
2026-04-10 16:05:24,Disneyland,Main Street U.S.A,695,The Disney Gallery,0,True,2026-04-10T23:00:57.000Z
2026-04-10 16:05:24,Disneyland,Main Street U.S.A,14923,Walt Disney - A Magical Life,0,True,2026-04-10T23:00:57.000Z
2026-04-10 16:05:24,Disneyland,Mickey's Toontown,324,Chip 'n' Dale's GADGETcoaster,45,True,2026-04-10T23:00:57.000Z
2026-04-10 16:05:24,Disneyland,Mickey's Toontown,13814,Donald's Duck Pond,0,True,2026-04-10T23:00:57.000Z
2026-04-10 16:05:24,Disneyland,Mickey's Toontown,11980,Goofy's How-to-Play Yard,0,True,2026-04-10T23:00:57.000Z
2026-04-10 16:05:24,Disneyland,Mickey's Toontown,11526,Mickey & Minnie's Runaway Railway,60,True,2026-04-10T23:00:57.000Z
2026-04-10 16:05:24,Disneyland,Mickey's Toontown,709,Mickey's House and Meet Mickey Mouse,20,True,2026-04-10T23:00:57.000Z
2026-04-10 16:05:24,Disneyland,Mickey's Toontown,327,Mickey's House and Meet Mickey Mouse,0,False,2026-04-10T23:00:57.000Z
2026-04-10 16:05:24,Disneyland,Mickey's Toontown,684,Minnie's House,0,True,2026-04-10T23:00:57.000Z
2026-04-10 16:05:24,Disneyland,Mickey's Toontown,332,Roger Rabbit's Car Toon Spin,0,False,2026-04-10T23:00:57.000Z
2026-04-10 16:05:24,Disneyland,New Orleans Square,13958,Haunted Mansion,45,True,2026-04-10T23:00:57.000Z
2026-04-10 16:05:24,Disneyland,New Orleans Square,289,Pirates of the Caribbean,25,True,2026-04-10T23:00:57.000Z
2026-04-10 16:05:24,Disneyland,Star Wars: Galaxy's Edge,6339,Millennium Falcon: Smugglers Run,50,True,2026-04-10T23:00:57.000Z
2026-04-10 16:05:24,Disneyland,Star Wars: Galaxy's Edge,10903,Millennium Falcon: Smugglers Run Single Rider,0,True,2026-04-10T23:00:57.000Z
2026-04-10 16:05:24,Disneyland,Star Wars: Galaxy's Edge,6340,Star Wars: Rise of the Resistance,80,True,2026-04-10T23:00:57.000Z
2026-04-10 16:05:24,Disneyland,Tomorrowland,287,Astro Orbitor,45,True,2026-04-10T23:00:57.000Z
2026-04-10 16:05:24,Disneyland,Tomorrowland,317,Autopia,15,True,2026-04-10T23:00:57.000Z
2026-04-10 16:05:24,Disneyland,Tomorrowland,273,Buzz Lightyear Astro Blasters,35,True,2026-04-10T23:00:57.000Z
2026-04-10 16:05:24,Disneyland,Tomorrowland,274,Disneyland Monorail,0,False,2026-04-10T23:00:57.000Z
2026-04-10 16:05:24,Disneyland,Tomorrowland,276,Finding Nemo Submarine Voyage,40,True,2026-04-10T23:00:57.000Z
2026-04-10 16:05:24,Disneyland,Tomorrowland,284,Space Mountain,75,True,2026-04-10T23:00:57.000Z
2026-04-10 16:05:24,Disneyland,Tomorrowland,286,Star Tours - The Adventures Continue,55,True,2026-04-10T23:00:57.000Z
2026-04-10 16:05:24,Disney California Adventure,Avengers Campus,329,Guardians of the Galaxy - Mission: BREAKOUT!,115,True,2026-04-10T23:00:57.000Z
2026-04-10 16:05:24,Disney California Adventure,Avengers Campus,8843,WEB SLINGERS: A Spider-Man Adventure,50,True,2026-04-10T23:00:57.000Z
2026-04-10 16:05:24,Disney California Adventure,Avengers Campus,10907,WEB SLINGERS: A Spider-Man Adventure Single Rider,0,True,2026-04-10T23:00:57.000Z
2026-04-10 16:05:24,Disney California Adventure,Cars Land,13961,Luigi's Rollickin' Roadsters,35,True,2026-04-10T23:00:57.000Z
2026-04-10 16:05:24,Disney California Adventure,Cars Land,315,Mater's Junkyard Jamboree,35,True,2026-04-10T23:00:57.000Z
2026-04-10 16:05:24,Disney California Adventure,Cars Land,295,Radiator Springs Racers,120,True,2026-04-10T23:00:57.000Z
2026-04-10 16:05:24,Disney California Adventure,Cars Land,10904,Radiator Springs Racers Single Rider,0,True,2026-04-10T23:00:57.000Z
2026-04-10 16:05:24,Disney California Adventure,Grizzly Peak,302,Grizzly River Run,65,True,2026-04-10T23:00:57.000Z
2026-04-10 16:05:24,Disney California Adventure,Grizzly Peak,293,Redwood Creek Challenge Trail,5,True,2026-04-10T23:00:57.000Z
2026-04-10 16:05:24,Disney California Adventure,Grizzly Peak,312,Soarin' Over California,65,True,2026-04-10T23:00:57.000Z
2026-04-10 16:05:24,Disney California Adventure,Hollywood Land,321,Animation Academy,0,True,2026-04-10T23:00:57.000Z
2026-04-10 16:05:24,Disney California Adventure,Hollywood Land,6440,Mickey's PhilharMagic,10,True,2026-04-10T23:00:57.000Z
2026-04-10 16:05:24,Disney California Adventure,Hollywood Land,291,"Monsters, Inc. Mike & Sulley to the Rescue!",60,True,2026-04-10T23:00:57.000Z
2026-04-10 16:05:24,Disney California Adventure,Hollywood Land,868,Sorcerer's Workshop,0,False,2026-04-10T23:00:57.000Z
2026-04-10 16:05:24,Disney California Adventure,Hollywood Land,294,Turtle Talk with Crush,0,True,2026-04-10T23:00:57.000Z
2026-04-10 16:05:24,Disney California Adventure,Paradise Gardens Park,298,Golden Zephyr,0,False,2026-04-10T23:00:57.000Z
2026-04-10 16:05:24,Disney California Adventure,Paradise Gardens Park,319,Goofy's Sky School,75,True,2026-04-10T23:00:57.000Z
2026-04-10 16:05:24,Disney California Adventure,Paradise Gardens Park,301,Silly Symphony Swings,30,True,2026-04-10T23:00:57.000Z
2026-04-10 16:05:24,Disney California Adventure,Paradise Gardens Park,10905,Silly Symphony Swings Single Rider,0,True,2026-04-10T23:00:57.000Z
2026-04-10 16:05:24,Disney California Adventure,Paradise Gardens Park,316,The Little Mermaid - Ariel's Undersea Adventure,35,True,2026-04-10T23:00:57.000Z
2026-04-10 16:05:24,Disney California Adventure,Paradise Gardens Park,14742,World of Color Happiness!,0,True,2026-04-10T23:00:57.000Z
2026-04-10 16:05:24,Disney California Adventure,Pixar Pier,13960,Games of Pixar Pier,0,True,2026-04-10T23:00:57.000Z
2026-04-10 16:05:24,Disney California Adventure,Pixar Pier,322,Incredicoaster,60,True,2026-04-10T23:00:57.000Z
2026-04-10 16:05:24,Disney California Adventure,Pixar Pier,10906,Incredicoaster Single Rider,0,True,2026-04-10T23:00:57.000Z
2026-04-10 16:05:24,Disney California Adventure,Pixar Pier,6643,Inside Out Emotional Whirlwind,0,False,2026-04-10T23:00:57.000Z
2026-04-10 16:05:24,Disney California Adventure,Pixar Pier,310,Jessie's Critter Carousel,15,True,2026-04-10T23:00:57.000Z
2026-04-10 16:05:24,Disney California Adventure,Pixar Pier,300,Jumpin' Jellyfish,15,True,2026-04-10T23:00:57.000Z
2026-04-10 16:05:24,Disney California Adventure,Pixar Pier,311,Pixar Pal-A-Round - Swinging,40,True,2026-04-10T23:00:57.000Z
2026-04-10 16:05:24,Disney California Adventure,Pixar Pier,5557,Pixar Pal-A-Round – Non-Swinging,50,True,2026-04-10T23:00:57.000Z
2026-04-10 16:05:24,Disney California Adventure,Pixar Pier,313,Toy Story Midway Mania!,0,False,2026-04-10T23:00:57.000Z
2026-04-10 16:05:24,Disney California Adventure,San Fransokyo Square,13959,The Bakery Tour,0,True,2026-04-10T23:00:57.000Z
2026-04-10 16:10:26,Disneyland,Adventureland,12428,Adventureland Treehouse inspired by Walt Disney’s Swiss Family Robinson,0,True,2026-04-10T23:05:34.000Z
2026-04-10 16:10:26,Disneyland,Adventureland,326,Indiana Jones™ Adventure,75,True,2026-04-10T23:05:34.000Z
2026-04-10 16:10:26,Disneyland,Adventureland,296,Jungle Cruise,0,False,2026-04-10T23:05:34.000Z
2026-04-10 16:10:26,Disneyland,Adventureland,288,Walt Disney's Enchanted Tiki Room,0,True,2026-04-10T23:05:34.000Z
2026-04-10 16:10:26,Disneyland,Bayou Country,304,Davy Crockett's Explorer Canoes,15,True,2026-04-10T23:05:34.000Z
2026-04-10 16:10:26,Disneyland,Bayou Country,306,The Many Adventures of Winnie the Pooh,25,True,2026-04-10T23:05:34.000Z
2026-04-10 16:10:26,Disneyland,Bayou Country,14168,Tiana's Bayou Adventure,60,True,2026-04-10T23:05:34.000Z
2026-04-10 16:10:26,Disneyland,Bayou Country,14326,Tiana's Bayou Adventure Single Rider,0,True,2026-04-10T23:05:34.000Z
2026-04-10 16:10:26,Disneyland,Fantasyland,307,"""it's a small world""",30,True,2026-04-10T23:05:34.000Z
2026-04-10 16:10:26,Disneyland,Fantasyland,285,Alice in Wonderland,40,True,2026-04-10T23:05:34.000Z
2026-04-10 16:10:26,Disneyland,Fantasyland,303,Casey Jr. Circus Train,10,True,2026-04-10T23:05:34.000Z
2026-04-10 16:10:26,Disneyland,Fantasyland,275,Dumbo the Flying Elephant,30,True,2026-04-10T23:05:34.000Z
2026-04-10 16:10:26,Disneyland,Fantasyland,277,King Arthur Carrousel,5,True,2026-04-10T23:05:34.000Z
2026-04-10 16:10:26,Disneyland,Fantasyland,278,Mad Tea Party,15,True,2026-04-10T23:05:34.000Z
2026-04-10 16:10:26,Disneyland,Fantasyland,279,Matterhorn Bobsleds,55,True,2026-04-10T23:05:34.000Z
2026-04-10 16:10:26,Disneyland,Fantasyland,6711,Meet Disney Princesses at Royal Hall,45,True,2026-04-10T23:05:34.000Z
2026-04-10 16:10:26,Disneyland,Fantasyland,280,Mr. Toad's Wild Ride,25,True,2026-04-10T23:05:34.000Z
2026-04-10 16:10:26,Disneyland,Fantasyland,281,Peter Pan's Flight,0,False,2026-04-10T23:05:34.000Z
2026-04-10 16:10:26,Disneyland,Fantasyland,282,Pinocchio's Daring Journey,25,True,2026-04-10T23:05:34.000Z
2026-04-10 16:10:26,Disneyland,Fantasyland,687,Sleeping Beauty Castle Walkthrough,0,False,2026-04-10T23:05:34.000Z
2026-04-10 16:10:26,Disneyland,Fantasyland,283,Snow White's Enchanted Wish,25,True,2026-04-10T23:05:34.000Z
2026-04-10 16:10:26,Disneyland,Fantasyland,305,Storybook Land Canal Boats,20,True,2026-04-10T23:05:34.000Z
2026-04-10 16:10:26,Disneyland,Frontierland,323,Big Thunder Mountain Railroad,65,True,2026-04-10T23:05:34.000Z
2026-04-10 16:10:26,Disneyland,Frontierland,679,Frontierland Shootin' Exposition,0,True,2026-04-10T23:05:34.000Z
2026-04-10 16:10:26,Disneyland,Frontierland,456,Mark Twain Riverboat,10,True,2026-04-10T23:05:34.000Z
2026-04-10 16:10:26,Disneyland,Frontierland,331,Pirate's Lair on Tom Sawyer Island,5,True,2026-04-10T23:05:34.000Z
2026-04-10 16:10:26,Disneyland,Frontierland,328,Sailing Ship Columbia,0,False,2026-04-10T23:05:34.000Z
2026-04-10 16:10:26,Disneyland,Main Street U.S.A,674,Disneyland Railroad,15,True,2026-04-10T23:05:34.000Z
2026-04-10 16:10:26,Disneyland,Main Street U.S.A,690,Great Moments with Mr. Lincoln,0,False,2026-04-10T23:05:34.000Z
2026-04-10 16:10:26,Disneyland,Main Street U.S.A,686,Main Street Cinema,0,True,2026-04-10T23:05:34.000Z
2026-04-10 16:10:26,Disneyland,Main Street U.S.A,691,Main Street Vehicles,0,True,2026-04-10T23:05:34.000Z
2026-04-10 16:10:26,Disneyland,Main Street U.S.A,14915,Opera House - Walt Disney - A Magical Life,0,True,2026-04-10T23:05:34.000Z
2026-04-10 16:10:26,Disneyland,Main Street U.S.A,695,The Disney Gallery,0,True,2026-04-10T23:05:34.000Z
2026-04-10 16:10:26,Disneyland,Main Street U.S.A,14923,Walt Disney - A Magical Life,0,True,2026-04-10T23:05:34.000Z
2026-04-10 16:10:26,Disneyland,Mickey's Toontown,324,Chip 'n' Dale's GADGETcoaster,45,True,2026-04-10T23:05:34.000Z
2026-04-10 16:10:26,Disneyland,Mickey's Toontown,13814,Donald's Duck Pond,0,True,2026-04-10T23:05:34.000Z
2026-04-10 16:10:26,Disneyland,Mickey's Toontown,11980,Goofy's How-to-Play Yard,0,True,2026-04-10T23:05:34.000Z
2026-04-10 16:10:26,Disneyland,Mickey's Toontown,11526,Mickey & Minnie's Runaway Railway,60,True,2026-04-10T23:05:34.000Z
2026-04-10 16:10:26,Disneyland,Mickey's Toontown,709,Mickey's House and Meet Mickey Mouse,20,True,2026-04-10T23:05:34.000Z
2026-04-10 16:10:26,Disneyland,Mickey's Toontown,327,Mickey's House and Meet Mickey Mouse,0,False,2026-04-10T23:05:34.000Z
2026-04-10 16:10:26,Disneyland,Mickey's Toontown,684,Minnie's House,0,True,2026-04-10T23:05:34.000Z
2026-04-10 16:10:26,Disneyland,Mickey's Toontown,332,Roger Rabbit's Car Toon Spin,0,False,2026-04-10T23:05:34.000Z
2026-04-10 16:10:26,Disneyland,New Orleans Square,13958,Haunted Mansion,45,True,2026-04-10T23:05:34.000Z
2026-04-10 16:10:26,Disneyland,New Orleans Square,289,Pirates of the Caribbean,25,True,2026-04-10T23:05:34.000Z
2026-04-10 16:10:26,Disneyland,Star Wars: Galaxy's Edge,6339,Millennium Falcon: Smugglers Run,50,True,2026-04-10T23:05:34.000Z
2026-04-10 16:10:26,Disneyland,Star Wars: Galaxy's Edge,10903,Millennium Falcon: Smugglers Run Single Rider,0,True,2026-04-10T23:05:34.000Z
2026-04-10 16:10:26,Disneyland,Star Wars: Galaxy's Edge,6340,Star Wars: Rise of the Resistance,80,True,2026-04-10T23:05:34.000Z
2026-04-10 16:10:26,Disneyland,Tomorrowland,287,Astro Orbitor,45,True,2026-04-10T23:05:34.000Z
2026-04-10 16:10:26,Disneyland,Tomorrowland,317,Autopia,15,True,2026-04-10T23:05:34.000Z
2026-04-10 16:10:26,Disneyland,Tomorrowland,273,Buzz Lightyear Astro Blasters,35,True,2026-04-10T23:05:34.000Z
2026-04-10 16:10:26,Disneyland,Tomorrowland,274,Disneyland Monorail,0,False,2026-04-10T23:05:34.000Z
2026-04-10 16:10:26,Disneyland,Tomorrowland,276,Finding Nemo Submarine Voyage,40,True,2026-04-10T23:05:34.000Z
2026-04-10 16:10:26,Disneyland,Tomorrowland,284,Space Mountain,75,True,2026-04-10T23:05:34.000Z
2026-04-10 16:10:26,Disneyland,Tomorrowland,286,Star Tours - The Adventures Continue,60,True,2026-04-10T23:05:34.000Z
2026-04-10 16:10:26,Disney California Adventure,Avengers Campus,329,Guardians of the Galaxy - Mission: BREAKOUT!,115,True,2026-04-10T23:05:49.000Z
2026-04-10 16:10:26,Disney California Adventure,Avengers Campus,8843,WEB SLINGERS: A Spider-Man Adventure,50,True,2026-04-10T23:05:49.000Z
2026-04-10 16:10:26,Disney California Adventure,Avengers Campus,10907,WEB SLINGERS: A Spider-Man Adventure Single Rider,0,True,2026-04-10T23:05:49.000Z
2026-04-10 16:10:26,Disney California Adventure,Cars Land,13961,Luigi's Rollickin' Roadsters,35,True,2026-04-10T23:05:49.000Z
2026-04-10 16:10:26,Disney California Adventure,Cars Land,315,Mater's Junkyard Jamboree,35,True,2026-04-10T23:05:49.000Z
2026-04-10 16:10:26,Disney California Adventure,Cars Land,295,Radiator Springs Racers,120,True,2026-04-10T23:05:49.000Z
2026-04-10 16:10:26,Disney California Adventure,Cars Land,10904,Radiator Springs Racers Single Rider,0,True,2026-04-10T23:05:49.000Z
2026-04-10 16:10:26,Disney California Adventure,Grizzly Peak,302,Grizzly River Run,65,True,2026-04-10T23:05:49.000Z
2026-04-10 16:10:26,Disney California Adventure,Grizzly Peak,293,Redwood Creek Challenge Trail,5,True,2026-04-10T23:05:49.000Z
2026-04-10 16:10:26,Disney California Adventure,Grizzly Peak,312,Soarin' Over California,65,True,2026-04-10T23:05:49.000Z
2026-04-10 16:10:26,Disney California Adventure,Hollywood Land,321,Animation Academy,0,True,2026-04-10T23:05:49.000Z
2026-04-10 16:10:26,Disney California Adventure,Hollywood Land,6440,Mickey's PhilharMagic,10,True,2026-04-10T23:05:49.000Z
2026-04-10 16:10:26,Disney California Adventure,Hollywood Land,291,"Monsters, Inc. Mike & Sulley to the Rescue!",60,True,2026-04-10T23:05:49.000Z
2026-04-10 16:10:26,Disney California Adventure,Hollywood Land,868,Sorcerer's Workshop,0,False,2026-04-10T23:05:49.000Z
2026-04-10 16:10:26,Disney California Adventure,Hollywood Land,294,Turtle Talk with Crush,0,True,2026-04-10T23:05:49.000Z
2026-04-10 16:10:26,Disney California Adventure,Paradise Gardens Park,298,Golden Zephyr,0,False,2026-04-10T23:05:49.000Z
2026-04-10 16:10:26,Disney California Adventure,Paradise Gardens Park,319,Goofy's Sky School,45,True,2026-04-10T23:05:49.000Z
2026-04-10 16:10:26,Disney California Adventure,Paradise Gardens Park,301,Silly Symphony Swings,30,True,2026-04-10T23:05:49.000Z
2026-04-10 16:10:26,Disney California Adventure,Paradise Gardens Park,10905,Silly Symphony Swings Single Rider,0,True,2026-04-10T23:05:49.000Z
2026-04-10 16:10:26,Disney California Adventure,Paradise Gardens Park,316,The Little Mermaid - Ariel's Undersea Adventure,45,True,2026-04-10T23:05:49.000Z
2026-04-10 16:10:26,Disney California Adventure,Paradise Gardens Park,14742,World of Color Happiness!,0,True,2026-04-10T23:05:49.000Z
2026-04-10 16:10:26,Disney California Adventure,Pixar Pier,13960,Games of Pixar Pier,0,True,2026-04-10T23:05:49.000Z
2026-04-10 16:10:26,Disney California Adventure,Pixar Pier,322,Incredicoaster,65,True,2026-04-10T23:05:49.000Z
2026-04-10 16:10:26,Disney California Adventure,Pixar Pier,10906,Incredicoaster Single Rider,0,True,2026-04-10T23:05:49.000Z
2026-04-10 16:10:26,Disney California Adventure,Pixar Pier,6643,Inside Out Emotional Whirlwind,0,False,2026-04-10T23:05:49.000Z
2026-04-10 16:10:26,Disney California Adventure,Pixar Pier,310,Jessie's Critter Carousel,15,True,2026-04-10T23:05:49.000Z
2026-04-10 16:10:26,Disney California Adventure,Pixar Pier,300,Jumpin' Jellyfish,10,True,2026-04-10T23:05:49.000Z
2026-04-10 16:10:26,Disney California Adventure,Pixar Pier,311,Pixar Pal-A-Round - Swinging,35,True,2026-04-10T23:05:49.000Z
2026-04-10 16:10:26,Disney California Adventure,Pixar Pier,5557,Pixar Pal-A-Round – Non-Swinging,35,True,2026-04-10T23:05:49.000Z
2026-04-10 16:10:26,Disney California Adventure,Pixar Pier,313,Toy Story Midway Mania!,0,False,2026-04-10T23:05:49.000Z
2026-04-10 16:10:26,Disney California Adventure,San Fransokyo Square,13959,The Bakery Tour,0,True,2026-04-10T23:05:49.000Z
2026-04-10 16:15:27,Disneyland,Adventureland,12428,Adventureland Treehouse inspired by Walt Disney’s Swiss Family Robinson,0,True,2026-04-10T23:10:53.000Z
2026-04-10 16:15:27,Disneyland,Adventureland,326,Indiana Jones™ Adventure,75,True,2026-04-10T23:10:53.000Z
2026-04-10 16:15:27,Disneyland,Adventureland,296,Jungle Cruise,0,False,2026-04-10T23:10:53.000Z
2026-04-10 16:15:27,Disneyland,Adventureland,288,Walt Disney's Enchanted Tiki Room,0,True,2026-04-10T23:10:53.000Z
2026-04-10 16:15:27,Disneyland,Bayou Country,304,Davy Crockett's Explorer Canoes,15,True,2026-04-10T23:10:53.000Z
2026-04-10 16:15:27,Disneyland,Bayou Country,306,The Many Adventures of Winnie the Pooh,30,True,2026-04-10T23:10:53.000Z
2026-04-10 16:15:27,Disneyland,Bayou Country,14168,Tiana's Bayou Adventure,60,True,2026-04-10T23:10:53.000Z
2026-04-10 16:15:27,Disneyland,Bayou Country,14326,Tiana's Bayou Adventure Single Rider,0,True,2026-04-10T23:10:53.000Z
2026-04-10 16:15:27,Disneyland,Fantasyland,307,"""it's a small world""",30,True,2026-04-10T23:10:53.000Z
2026-04-10 16:15:27,Disneyland,Fantasyland,285,Alice in Wonderland,40,True,2026-04-10T23:10:53.000Z
2026-04-10 16:15:27,Disneyland,Fantasyland,303,Casey Jr. Circus Train,10,True,2026-04-10T23:10:53.000Z
2026-04-10 16:15:27,Disneyland,Fantasyland,275,Dumbo the Flying Elephant,30,True,2026-04-10T23:10:53.000Z
2026-04-10 16:15:27,Disneyland,Fantasyland,277,King Arthur Carrousel,5,True,2026-04-10T23:10:53.000Z
2026-04-10 16:15:27,Disneyland,Fantasyland,278,Mad Tea Party,25,True,2026-04-10T23:10:53.000Z
2026-04-10 16:15:27,Disneyland,Fantasyland,279,Matterhorn Bobsleds,55,True,2026-04-10T23:10:53.000Z
2026-04-10 16:15:27,Disneyland,Fantasyland,6711,Meet Disney Princesses at Royal Hall,45,True,2026-04-10T23:10:53.000Z
2026-04-10 16:15:27,Disneyland,Fantasyland,280,Mr. Toad's Wild Ride,25,True,2026-04-10T23:10:53.000Z
2026-04-10 16:15:27,Disneyland,Fantasyland,281,Peter Pan's Flight,0,False,2026-04-10T23:10:53.000Z
2026-04-10 16:15:27,Disneyland,Fantasyland,282,Pinocchio's Daring Journey,25,True,2026-04-10T23:10:53.000Z
2026-04-10 16:15:27,Disneyland,Fantasyland,687,Sleeping Beauty Castle Walkthrough,0,False,2026-04-10T23:10:53.000Z
2026-04-10 16:15:27,Disneyland,Fantasyland,283,Snow White's Enchanted Wish,25,True,2026-04-10T23:10:53.000Z
2026-04-10 16:15:27,Disneyland,Fantasyland,305,Storybook Land Canal Boats,20,True,2026-04-10T23:10:53.000Z
2026-04-10 16:15:27,Disneyland,Frontierland,323,Big Thunder Mountain Railroad,70,True,2026-04-10T23:10:53.000Z
2026-04-10 16:15:27,Disneyland,Frontierland,679,Frontierland Shootin' Exposition,0,True,2026-04-10T23:10:53.000Z
2026-04-10 16:15:27,Disneyland,Frontierland,456,Mark Twain Riverboat,10,True,2026-04-10T23:10:53.000Z
2026-04-10 16:15:27,Disneyland,Frontierland,331,Pirate's Lair on Tom Sawyer Island,5,True,2026-04-10T23:10:53.000Z
2026-04-10 16:15:27,Disneyland,Frontierland,328,Sailing Ship Columbia,0,False,2026-04-10T23:10:53.000Z
2026-04-10 16:15:27,Disneyland,Main Street U.S.A,674,Disneyland Railroad,15,True,2026-04-10T23:10:53.000Z
2026-04-10 16:15:27,Disneyland,Main Street U.S.A,690,Great Moments with Mr. Lincoln,0,False,2026-04-10T23:10:53.000Z
2026-04-10 16:15:27,Disneyland,Main Street U.S.A,686,Main Street Cinema,0,True,2026-04-10T23:10:53.000Z
2026-04-10 16:15:27,Disneyland,Main Street U.S.A,691,Main Street Vehicles,0,True,2026-04-10T23:10:53.000Z
2026-04-10 16:15:27,Disneyland,Main Street U.S.A,14915,Opera House - Walt Disney - A Magical Life,0,True,2026-04-10T23:10:53.000Z
2026-04-10 16:15:27,Disneyland,Main Street U.S.A,695,The Disney Gallery,0,True,2026-04-10T23:10:53.000Z
2026-04-10 16:15:27,Disneyland,Main Street U.S.A,14923,Walt Disney - A Magical Life,0,True,2026-04-10T23:10:53.000Z
2026-04-10 16:15:27,Disneyland,Mickey's Toontown,324,Chip 'n' Dale's GADGETcoaster,45,True,2026-04-10T23:10:53.000Z
2026-04-10 16:15:27,Disneyland,Mickey's Toontown,13814,Donald's Duck Pond,0,True,2026-04-10T23:10:53.000Z
2026-04-10 16:15:27,Disneyland,Mickey's Toontown,11980,Goofy's How-to-Play Yard,0,True,2026-04-10T23:10:53.000Z
2026-04-10 16:15:27,Disneyland,Mickey's Toontown,11526,Mickey & Minnie's Runaway Railway,60,True,2026-04-10T23:10:53.000Z
2026-04-10 16:15:27,Disneyland,Mickey's Toontown,709,Mickey's House and Meet Mickey Mouse,20,True,2026-04-10T23:10:53.000Z
2026-04-10 16:15:27,Disneyland,Mickey's Toontown,327,Mickey's House and Meet Mickey Mouse,0,False,2026-04-10T23:10:53.000Z
2026-04-10 16:15:27,Disneyland,Mickey's Toontown,684,Minnie's House,0,True,2026-04-10T23:10:53.000Z
2026-04-10 16:15:27,Disneyland,Mickey's Toontown,332,Roger Rabbit's Car Toon Spin,0,False,2026-04-10T23:10:53.000Z
2026-04-10 16:15:27,Disneyland,New Orleans Square,13958,Haunted Mansion,45,True,2026-04-10T23:10:53.000Z
2026-04-10 16:15:27,Disneyland,New Orleans Square,289,Pirates of the Caribbean,25,True,2026-04-10T23:10:53.000Z
2026-04-10 16:15:27,Disneyland,Star Wars: Galaxy's Edge,6339,Millennium Falcon: Smugglers Run,50,True,2026-04-10T23:10:53.000Z
2026-04-10 16:15:27,Disneyland,Star Wars: Galaxy's Edge,10903,Millennium Falcon: Smugglers Run Single Rider,0,True,2026-04-10T23:10:53.000Z
2026-04-10 16:15:27,Disneyland,Star Wars: Galaxy's Edge,6340,Star Wars: Rise of the Resistance,80,True,2026-04-10T23:10:53.000Z
2026-04-10 16:15:27,Disneyland,Tomorrowland,287,Astro Orbitor,45,True,2026-04-10T23:10:53.000Z
2026-04-10 16:15:27,Disneyland,Tomorrowland,317,Autopia,15,True,2026-04-10T23:10:53.000Z
2026-04-10 16:15:27,Disneyland,Tomorrowland,273,Buzz Lightyear Astro Blasters,35,True,2026-04-10T23:10:53.000Z
2026-04-10 16:15:27,Disneyland,Tomorrowland,274,Disneyland Monorail,0,False,2026-04-10T23:10:53.000Z
2026-04-10 16:15:27,Disneyland,Tomorrowland,276,Finding Nemo Submarine Voyage,40,True,2026-04-10T23:10:53.000Z
2026-04-10 16:15:27,Disneyland,Tomorrowland,284,Space Mountain,75,True,2026-04-10T23:10:53.000Z
2026-04-10 16:15:27,Disneyland,Tomorrowland,286,Star Tours - The Adventures Continue,60,True,2026-04-10T23:10:53.000Z
2026-04-10 16:15:27,Disney California Adventure,Avengers Campus,329,Guardians of the Galaxy - Mission: BREAKOUT!,110,True,2026-04-10T23:10:54.000Z
2026-04-10 16:15:27,Disney California Adventure,Avengers Campus,8843,WEB SLINGERS: A Spider-Man Adventure,50,True,2026-04-10T23:10:54.000Z
2026-04-10 16:15:27,Disney California Adventure,Avengers Campus,10907,WEB SLINGERS: A Spider-Man Adventure Single Rider,0,True,2026-04-10T23:10:54.000Z
2026-04-10 16:15:27,Disney California Adventure,Cars Land,13961,Luigi's Rollickin' Roadsters,35,True,2026-04-10T23:10:54.000Z
2026-04-10 16:15:27,Disney California Adventure,Cars Land,315,Mater's Junkyard Jamboree,35,True,2026-04-10T23:10:54.000Z
2026-04-10 16:15:27,Disney California Adventure,Cars Land,295,Radiator Springs Racers,120,True,2026-04-10T23:10:54.000Z
2026-04-10 16:15:27,Disney California Adventure,Cars Land,10904,Radiator Springs Racers Single Rider,0,True,2026-04-10T23:10:54.000Z
2026-04-10 16:15:27,Disney California Adventure,Grizzly Peak,302,Grizzly River Run,55,True,2026-04-10T23:10:54.000Z
2026-04-10 16:15:27,Disney California Adventure,Grizzly Peak,293,Redwood Creek Challenge Trail,5,True,2026-04-10T23:10:54.000Z
2026-04-10 16:15:27,Disney California Adventure,Grizzly Peak,312,Soarin' Over California,65,True,2026-04-10T23:10:54.000Z
2026-04-10 16:15:27,Disney California Adventure,Hollywood Land,321,Animation Academy,0,True,2026-04-10T23:10:54.000Z
2026-04-10 16:15:27,Disney California Adventure,Hollywood Land,6440,Mickey's PhilharMagic,10,True,2026-04-10T23:10:54.000Z
2026-04-10 16:15:27,Disney California Adventure,Hollywood Land,291,"Monsters, Inc. Mike & Sulley to the Rescue!",60,True,2026-04-10T23:10:54.000Z
2026-04-10 16:15:27,Disney California Adventure,Hollywood Land,868,Sorcerer's Workshop,0,False,2026-04-10T23:10:54.000Z
2026-04-10 16:15:27,Disney California Adventure,Hollywood Land,294,Turtle Talk with Crush,0,True,2026-04-10T23:10:54.000Z
2026-04-10 16:15:27,Disney California Adventure,Paradise Gardens Park,298,Golden Zephyr,0,False,2026-04-10T23:10:54.000Z
2026-04-10 16:15:27,Disney California Adventure,Paradise Gardens Park,319,Goofy's Sky School,45,True,2026-04-10T23:10:54.000Z
2026-04-10 16:15:27,Disney California Adventure,Paradise Gardens Park,301,Silly Symphony Swings,30,True,2026-04-10T23:10:54.000Z
2026-04-10 16:15:27,Disney California Adventure,Paradise Gardens Park,10905,Silly Symphony Swings Single Rider,0,True,2026-04-10T23:10:54.000Z
2026-04-10 16:15:27,Disney California Adventure,Paradise Gardens Park,316,The Little Mermaid - Ariel's Undersea Adventure,45,True,2026-04-10T23:10:54.000Z
2026-04-10 16:15:27,Disney California Adventure,Paradise Gardens Park,14742,World of Color Happiness!,0,True,2026-04-10T23:10:54.000Z
2026-04-10 16:15:27,Disney California Adventure,Pixar Pier,13960,Games of Pixar Pier,0,True,2026-04-10T23:10:54.000Z
2026-04-10 16:15:27,Disney California Adventure,Pixar Pier,322,Incredicoaster,60,True,2026-04-10T23:10:54.000Z
2026-04-10 16:15:27,Disney California Adventure,Pixar Pier,10906,Incredicoaster Single Rider,0,True,2026-04-10T23:10:54.000Z
2026-04-10 16:15:27,Disney California Adventure,Pixar Pier,6643,Inside Out Emotional Whirlwind,0,False,2026-04-10T23:10:54.000Z
2026-04-10 16:15:27,Disney California Adventure,Pixar Pier,310,Jessie's Critter Carousel,15,True,2026-04-10T23:10:54.000Z
2026-04-10 16:15:27,Disney California Adventure,Pixar Pier,300,Jumpin' Jellyfish,10,True,2026-04-10T23:10:54.000Z
2026-04-10 16:15:27,Disney California Adventure,Pixar Pier,311,Pixar Pal-A-Round - Swinging,35,True,2026-04-10T23:10:54.000Z
2026-04-10 16:15:27,Disney California Adventure,Pixar Pier,5557,Pixar Pal-A-Round – Non-Swinging,35,True,2026-04-10T23:10:54.000Z
2026-04-10 16:15:27,Disney California Adventure,Pixar Pier,313,Toy Story Midway Mania!,0,False,2026-04-10T23:10:54.000Z
2026-04-10 16:15:27,Disney California Adventure,San Fransokyo Square,13959,The Bakery Tour,0,True,2026-04-10T23:10:54.000Z
2026-04-10 16:20:29,Disneyland,Adventureland,12428,Adventureland Treehouse inspired by Walt Disney’s Swiss Family Robinson,0,True,2026-04-10T23:15:41.000Z
2026-04-10 16:20:29,Disneyland,Adventureland,326,Indiana Jones™ Adventure,75,True,2026-04-10T23:15:41.000Z
2026-04-10 16:20:29,Disneyland,Adventureland,296,Jungle Cruise,0,False,2026-04-10T23:15:41.000Z
2026-04-10 16:20:29,Disneyland,Adventureland,288,Walt Disney's Enchanted Tiki Room,0,True,2026-04-10T23:15:41.000Z
2026-04-10 16:20:29,Disneyland,Bayou Country,304,Davy Crockett's Explorer Canoes,15,True,2026-04-10T23:15:41.000Z
2026-04-10 16:20:29,Disneyland,Bayou Country,306,The Many Adventures of Winnie the Pooh,30,True,2026-04-10T23:15:41.000Z
2026-04-10 16:20:29,Disneyland,Bayou Country,14168,Tiana's Bayou Adventure,75,True,2026-04-10T23:15:41.000Z
2026-04-10 16:20:29,Disneyland,Bayou Country,14326,Tiana's Bayou Adventure Single Rider,0,True,2026-04-10T23:15:41.000Z
2026-04-10 16:20:29,Disneyland,Fantasyland,307,"""it's a small world""",25,True,2026-04-10T23:15:41.000Z
2026-04-10 16:20:29,Disneyland,Fantasyland,285,Alice in Wonderland,40,True,2026-04-10T23:15:41.000Z
2026-04-10 16:20:29,Disneyland,Fantasyland,303,Casey Jr. Circus Train,10,True,2026-04-10T23:15:41.000Z
2026-04-10 16:20:29,Disneyland,Fantasyland,275,Dumbo the Flying Elephant,30,True,2026-04-10T23:15:41.000Z
2026-04-10 16:20:29,Disneyland,Fantasyland,277,King Arthur Carrousel,5,True,2026-04-10T23:15:41.000Z
2026-04-10 16:20:29,Disneyland,Fantasyland,278,Mad Tea Party,25,True,2026-04-10T23:15:41.000Z
2026-04-10 16:20:29,Disneyland,Fantasyland,279,Matterhorn Bobsleds,55,True,2026-04-10T23:15:41.000Z
2026-04-10 16:20:29,Disneyland,Fantasyland,6711,Meet Disney Princesses at Royal Hall,45,True,2026-04-10T23:15:41.000Z
2026-04-10 16:20:29,Disneyland,Fantasyland,280,Mr. Toad's Wild Ride,25,True,2026-04-10T23:15:41.000Z
2026-04-10 16:20:29,Disneyland,Fantasyland,281,Peter Pan's Flight,0,False,2026-04-10T23:15:41.000Z
2026-04-10 16:20:29,Disneyland,Fantasyland,282,Pinocchio's Daring Journey,25,True,2026-04-10T23:15:41.000Z
2026-04-10 16:20:29,Disneyland,Fantasyland,687,Sleeping Beauty Castle Walkthrough,0,False,2026-04-10T23:15:41.000Z
2026-04-10 16:20:29,Disneyland,Fantasyland,283,Snow White's Enchanted Wish,25,True,2026-04-10T23:15:41.000Z
2026-04-10 16:20:29,Disneyland,Fantasyland,305,Storybook Land Canal Boats,20,True,2026-04-10T23:15:41.000Z
2026-04-10 16:20:29,Disneyland,Frontierland,323,Big Thunder Mountain Railroad,75,True,2026-04-10T23:15:41.000Z
2026-04-10 16:20:29,Disneyland,Frontierland,679,Frontierland Shootin' Exposition,0,True,2026-04-10T23:15:41.000Z
2026-04-10 16:20:29,Disneyland,Frontierland,456,Mark Twain Riverboat,10,True,2026-04-10T23:15:41.000Z
2026-04-10 16:20:29,Disneyland,Frontierland,331,Pirate's Lair on Tom Sawyer Island,5,True,2026-04-10T23:15:41.000Z
2026-04-10 16:20:29,Disneyland,Frontierland,328,Sailing Ship Columbia,0,False,2026-04-10T23:15:41.000Z
2026-04-10 16:20:29,Disneyland,Main Street U.S.A,674,Disneyland Railroad,15,True,2026-04-10T23:15:41.000Z
2026-04-10 16:20:29,Disneyland,Main Street U.S.A,690,Great Moments with Mr. Lincoln,0,False,2026-04-10T23:15:41.000Z
2026-04-10 16:20:29,Disneyland,Main Street U.S.A,686,Main Street Cinema,0,True,2026-04-10T23:15:41.000Z
2026-04-10 16:20:29,Disneyland,Main Street U.S.A,691,Main Street Vehicles,0,True,2026-04-10T23:15:41.000Z
2026-04-10 16:20:29,Disneyland,Main Street U.S.A,14915,Opera House - Walt Disney - A Magical Life,0,True,2026-04-10T23:15:41.000Z
2026-04-10 16:20:29,Disneyland,Main Street U.S.A,695,The Disney Gallery,0,True,2026-04-10T23:15:41.000Z
2026-04-10 16:20:29,Disneyland,Main Street U.S.A,14923,Walt Disney - A Magical Life,0,True,2026-04-10T23:15:41.000Z
2026-04-10 16:20:29,Disneyland,Mickey's Toontown,324,Chip 'n' Dale's GADGETcoaster,45,True,2026-04-10T23:15:41.000Z
2026-04-10 16:20:29,Disneyland,Mickey's Toontown,13814,Donald's Duck Pond,0,True,2026-04-10T23:15:41.000Z
2026-04-10 16:20:29,Disneyland,Mickey's Toontown,11980,Goofy's How-to-Play Yard,0,True,2026-04-10T23:15:41.000Z
2026-04-10 16:20:29,Disneyland,Mickey's Toontown,11526,Mickey & Minnie's Runaway Railway,60,True,2026-04-10T23:15:41.000Z
2026-04-10 16:20:29,Disneyland,Mickey's Toontown,709,Mickey's House and Meet Mickey Mouse,20,True,2026-04-10T23:15:41.000Z
2026-04-10 16:20:29,Disneyland,Mickey's Toontown,327,Mickey's House and Meet Mickey Mouse,0,False,2026-04-10T23:15:41.000Z
2026-04-10 16:20:29,Disneyland,Mickey's Toontown,684,Minnie's House,0,True,2026-04-10T23:15:41.000Z
2026-04-10 16:20:29,Disneyland,Mickey's Toontown,332,Roger Rabbit's Car Toon Spin,0,False,2026-04-10T23:15:41.000Z
2026-04-10 16:20:29,Disneyland,New Orleans Square,13958,Haunted Mansion,45,True,2026-04-10T23:15:41.000Z
2026-04-10 16:20:29,Disneyland,New Orleans Square,289,Pirates of the Caribbean,25,True,2026-04-10T23:15:41.000Z
2026-04-10 16:20:29,Disneyland,Star Wars: Galaxy's Edge,6339,Millennium Falcon: Smugglers Run,50,True,2026-04-10T23:15:41.000Z
2026-04-10 16:20:29,Disneyland,Star Wars: Galaxy's Edge,10903,Millennium Falcon: Smugglers Run Single Rider,0,True,2026-04-10T23:15:41.000Z
2026-04-10 16:20:29,Disneyland,Star Wars: Galaxy's Edge,6340,Star Wars: Rise of the Resistance,80,True,2026-04-10T23:15:41.000Z
2026-04-10 16:20:29,Disneyland,Tomorrowland,287,Astro Orbitor,45,True,2026-04-10T23:15:41.000Z
2026-04-10 16:20:29,Disneyland,Tomorrowland,317,Autopia,45,True,2026-04-10T23:15:41.000Z
2026-04-10 16:20:29,Disneyland,Tomorrowland,273,Buzz Lightyear Astro Blasters,35,True,2026-04-10T23:15:41.000Z
2026-04-10 16:20:29,Disneyland,Tomorrowland,274,Disneyland Monorail,0,False,2026-04-10T23:15:41.000Z
2026-04-10 16:20:29,Disneyland,Tomorrowland,276,Finding Nemo Submarine Voyage,40,True,2026-04-10T23:15:41.000Z
2026-04-10 16:20:29,Disneyland,Tomorrowland,284,Space Mountain,75,True,2026-04-10T23:15:41.000Z
2026-04-10 16:20:29,Disneyland,Tomorrowland,286,Star Tours - The Adventures Continue,60,True,2026-04-10T23:15:41.000Z
2026-04-10 16:20:29,Disney California Adventure,Avengers Campus,329,Guardians of the Galaxy - Mission: BREAKOUT!,110,True,2026-04-10T23:15:41.000Z
2026-04-10 16:20:29,Disney California Adventure,Avengers Campus,8843,WEB SLINGERS: A Spider-Man Adventure,60,True,2026-04-10T23:15:41.000Z
2026-04-10 16:20:29,Disney California Adventure,Avengers Campus,10907,WEB SLINGERS: A Spider-Man Adventure Single Rider,0,True,2026-04-10T23:15:41.000Z
2026-04-10 16:20:29,Disney California Adventure,Cars Land,13961,Luigi's Rollickin' Roadsters,35,True,2026-04-10T23:15:41.000Z
2026-04-10 16:20:29,Disney California Adventure,Cars Land,315,Mater's Junkyard Jamboree,30,True,2026-04-10T23:15:41.000Z
2026-04-10 16:20:29,Disney California Adventure,Cars Land,295,Radiator Springs Racers,140,True,2026-04-10T23:15:41.000Z
2026-04-10 16:20:29,Disney California Adventure,Cars Land,10904,Radiator Springs Racers Single Rider,0,True,2026-04-10T23:15:41.000Z
2026-04-10 16:20:29,Disney California Adventure,Grizzly Peak,302,Grizzly River Run,55,True,2026-04-10T23:15:41.000Z
2026-04-10 16:20:29,Disney California Adventure,Grizzly Peak,293,Redwood Creek Challenge Trail,5,True,2026-04-10T23:15:41.000Z
2026-04-10 16:20:29,Disney California Adventure,Grizzly Peak,312,Soarin' Over California,65,True,2026-04-10T23:15:41.000Z
2026-04-10 16:20:29,Disney California Adventure,Hollywood Land,321,Animation Academy,0,True,2026-04-10T23:15:41.000Z
2026-04-10 16:20:29,Disney California Adventure,Hollywood Land,6440,Mickey's PhilharMagic,10,True,2026-04-10T23:15:41.000Z
2026-04-10 16:20:29,Disney California Adventure,Hollywood Land,291,"Monsters, Inc. Mike & Sulley to the Rescue!",60,True,2026-04-10T23:15:41.000Z
2026-04-10 16:20:29,Disney California Adventure,Hollywood Land,868,Sorcerer's Workshop,0,False,2026-04-10T23:15:41.000Z
2026-04-10 16:20:29,Disney California Adventure,Hollywood Land,294,Turtle Talk with Crush,0,True,2026-04-10T23:15:41.000Z
2026-04-10 16:20:29,Disney California Adventure,Paradise Gardens Park,298,Golden Zephyr,0,False,2026-04-10T23:15:41.000Z
2026-04-10 16:20:29,Disney California Adventure,Paradise Gardens Park,319,Goofy's Sky School,55,True,2026-04-10T23:15:41.000Z
2026-04-10 16:20:29,Disney California Adventure,Paradise Gardens Park,301,Silly Symphony Swings,30,True,2026-04-10T23:15:41.000Z
2026-04-10 16:20:29,Disney California Adventure,Paradise Gardens Park,10905,Silly Symphony Swings Single Rider,0,True,2026-04-10T23:15:41.000Z
2026-04-10 16:20:29,Disney California Adventure,Paradise Gardens Park,316,The Little Mermaid - Ariel's Undersea Adventure,45,True,2026-04-10T23:15:41.000Z
2026-04-10 16:20:29,Disney California Adventure,Paradise Gardens Park,14742,World of Color Happiness!,0,True,2026-04-10T23:15:41.000Z
2026-04-10 16:20:29,Disney California Adventure,Pixar Pier,13960,Games of Pixar Pier,0,True,2026-04-10T23:15:41.000Z
2026-04-10 16:20:29,Disney California Adventure,Pixar Pier,322,Incredicoaster,60,True,2026-04-10T23:15:41.000Z
2026-04-10 16:20:29,Disney California Adventure,Pixar Pier,10906,Incredicoaster Single Rider,0,True,2026-04-10T23:15:41.000Z
2026-04-10 16:20:29,Disney California Adventure,Pixar Pier,6643,Inside Out Emotional Whirlwind,0,False,2026-04-10T23:15:41.000Z
2026-04-10 16:20:29,Disney California Adventure,Pixar Pier,310,Jessie's Critter Carousel,15,True,2026-04-10T23:15:41.000Z
2026-04-10 16:20:29,Disney California Adventure,Pixar Pier,300,Jumpin' Jellyfish,10,True,2026-04-10T23:15:41.000Z
2026-04-10 16:20:29,Disney California Adventure,Pixar Pier,311,Pixar Pal-A-Round - Swinging,35,True,2026-04-10T23:15:41.000Z
2026-04-10 16:20:29,Disney California Adventure,Pixar Pier,5557,Pixar Pal-A-Round – Non-Swinging,35,True,2026-04-10T23:15:41.000Z
2026-04-10 16:20:29,Disney California Adventure,Pixar Pier,313,Toy Story Midway Mania!,0,False,2026-04-10T23:15:41.000Z
2026-04-10 16:20:29,Disney California Adventure,San Fransokyo Square,13959,The Bakery Tour,0,True,2026-04-10T23:15:41.000Z
2026-04-10 16:25:27,Disneyland,Adventureland,12428,Adventureland Treehouse inspired by Walt Disney’s Swiss Family Robinson,0,True,2026-04-10T23:20:41.000Z
2026-04-10 16:25:27,Disneyland,Adventureland,326,Indiana Jones™ Adventure,75,True,2026-04-10T23:20:41.000Z
2026-04-10 16:25:27,Disneyland,Adventureland,296,Jungle Cruise,0,False,2026-04-10T23:20:41.000Z
2026-04-10 16:25:27,Disneyland,Adventureland,288,Walt Disney's Enchanted Tiki Room,0,True,2026-04-10T23:20:41.000Z
2026-04-10 16:25:27,Disneyland,Bayou Country,304,Davy Crockett's Explorer Canoes,15,True,2026-04-10T23:20:41.000Z
2026-04-10 16:25:27,Disneyland,Bayou Country,306,The Many Adventures of Winnie the Pooh,30,True,2026-04-10T23:20:41.000Z
2026-04-10 16:25:27,Disneyland,Bayou Country,14168,Tiana's Bayou Adventure,75,True,2026-04-10T23:20:41.000Z
2026-04-10 16:25:27,Disneyland,Bayou Country,14326,Tiana's Bayou Adventure Single Rider,0,True,2026-04-10T23:20:41.000Z
2026-04-10 16:25:27,Disneyland,Fantasyland,307,"""it's a small world""",25,True,2026-04-10T23:20:41.000Z
2026-04-10 16:25:27,Disneyland,Fantasyland,285,Alice in Wonderland,40,True,2026-04-10T23:20:41.000Z
2026-04-10 16:25:27,Disneyland,Fantasyland,303,Casey Jr. Circus Train,10,True,2026-04-10T23:20:41.000Z
2026-04-10 16:25:27,Disneyland,Fantasyland,275,Dumbo the Flying Elephant,30,True,2026-04-10T23:20:41.000Z
2026-04-10 16:25:27,Disneyland,Fantasyland,277,King Arthur Carrousel,5,True,2026-04-10T23:20:41.000Z
2026-04-10 16:25:27,Disneyland,Fantasyland,278,Mad Tea Party,25,True,2026-04-10T23:20:41.000Z
2026-04-10 16:25:27,Disneyland,Fantasyland,279,Matterhorn Bobsleds,55,True,2026-04-10T23:20:41.000Z
2026-04-10 16:25:27,Disneyland,Fantasyland,6711,Meet Disney Princesses at Royal Hall,45,True,2026-04-10T23:20:41.000Z
2026-04-10 16:25:27,Disneyland,Fantasyland,280,Mr. Toad's Wild Ride,25,True,2026-04-10T23:20:41.000Z
2026-04-10 16:25:27,Disneyland,Fantasyland,281,Peter Pan's Flight,0,False,2026-04-10T23:20:41.000Z
2026-04-10 16:25:27,Disneyland,Fantasyland,282,Pinocchio's Daring Journey,25,True,2026-04-10T23:20:41.000Z
2026-04-10 16:25:27,Disneyland,Fantasyland,687,Sleeping Beauty Castle Walkthrough,0,False,2026-04-10T23:20:41.000Z
2026-04-10 16:25:27,Disneyland,Fantasyland,283,Snow White's Enchanted Wish,25,True,2026-04-10T23:20:41.000Z
2026-04-10 16:25:27,Disneyland,Fantasyland,305,Storybook Land Canal Boats,20,True,2026-04-10T23:20:41.000Z
2026-04-10 16:25:27,Disneyland,Frontierland,323,Big Thunder Mountain Railroad,65,True,2026-04-10T23:20:41.000Z
2026-04-10 16:25:27,Disneyland,Frontierland,679,Frontierland Shootin' Exposition,0,True,2026-04-10T23:20:41.000Z
2026-04-10 16:25:27,Disneyland,Frontierland,456,Mark Twain Riverboat,10,True,2026-04-10T23:20:41.000Z
2026-04-10 16:25:27,Disneyland,Frontierland,331,Pirate's Lair on Tom Sawyer Island,5,True,2026-04-10T23:20:41.000Z
2026-04-10 16:25:27,Disneyland,Frontierland,328,Sailing Ship Columbia,0,False,2026-04-10T23:20:41.000Z
2026-04-10 16:25:27,Disneyland,Main Street U.S.A,674,Disneyland Railroad,15,True,2026-04-10T23:20:41.000Z
2026-04-10 16:25:27,Disneyland,Main Street U.S.A,690,Great Moments with Mr. Lincoln,0,False,2026-04-10T23:20:41.000Z
2026-04-10 16:25:27,Disneyland,Main Street U.S.A,686,Main Street Cinema,0,True,2026-04-10T23:20:41.000Z
2026-04-10 16:25:27,Disneyland,Main Street U.S.A,691,Main Street Vehicles,0,True,2026-04-10T23:20:41.000Z
2026-04-10 16:25:27,Disneyland,Main Street U.S.A,14915,Opera House - Walt Disney - A Magical Life,0,True,2026-04-10T23:20:41.000Z
2026-04-10 16:25:27,Disneyland,Main Street U.S.A,695,The Disney Gallery,0,True,2026-04-10T23:20:41.000Z
2026-04-10 16:25:27,Disneyland,Main Street U.S.A,14923,Walt Disney - A Magical Life,0,True,2026-04-10T23:20:41.000Z
2026-04-10 16:25:27,Disneyland,Mickey's Toontown,324,Chip 'n' Dale's GADGETcoaster,45,True,2026-04-10T23:20:41.000Z
2026-04-10 16:25:27,Disneyland,Mickey's Toontown,13814,Donald's Duck Pond,0,True,2026-04-10T23:20:41.000Z
2026-04-10 16:25:27,Disneyland,Mickey's Toontown,11980,Goofy's How-to-Play Yard,0,True,2026-04-10T23:20:41.000Z
2026-04-10 16:25:27,Disneyland,Mickey's Toontown,11526,Mickey & Minnie's Runaway Railway,60,True,2026-04-10T23:20:41.000Z
2026-04-10 16:25:27,Disneyland,Mickey's Toontown,709,Mickey's House and Meet Mickey Mouse,20,True,2026-04-10T23:20:41.000Z
2026-04-10 16:25:27,Disneyland,Mickey's Toontown,327,Mickey's House and Meet Mickey Mouse,0,False,2026-04-10T23:20:41.000Z
2026-04-10 16:25:27,Disneyland,Mickey's Toontown,684,Minnie's House,0,True,2026-04-10T23:20:41.000Z
2026-04-10 16:25:27,Disneyland,Mickey's Toontown,332,Roger Rabbit's Car Toon Spin,0,False,2026-04-10T23:20:41.000Z
2026-04-10 16:25:27,Disneyland,New Orleans Square,13958,Haunted Mansion,45,True,2026-04-10T23:20:41.000Z
2026-04-10 16:25:27,Disneyland,New Orleans Square,289,Pirates of the Caribbean,45,True,2026-04-10T23:20:41.000Z
2026-04-10 16:25:27,Disneyland,Star Wars: Galaxy's Edge,6339,Millennium Falcon: Smugglers Run,50,True,2026-04-10T23:20:41.000Z
2026-04-10 16:25:27,Disneyland,Star Wars: Galaxy's Edge,10903,Millennium Falcon: Smugglers Run Single Rider,0,True,2026-04-10T23:20:41.000Z
2026-04-10 16:25:27,Disneyland,Star Wars: Galaxy's Edge,6340,Star Wars: Rise of the Resistance,65,True,2026-04-10T23:20:41.000Z
2026-04-10 16:25:27,Disneyland,Tomorrowland,287,Astro Orbitor,45,True,2026-04-10T23:20:41.000Z
2026-04-10 16:25:27,Disneyland,Tomorrowland,317,Autopia,45,True,2026-04-10T23:20:41.000Z
2026-04-10 16:25:27,Disneyland,Tomorrowland,273,Buzz Lightyear Astro Blasters,35,True,2026-04-10T23:20:41.000Z
2026-04-10 16:25:27,Disneyland,Tomorrowland,274,Disneyland Monorail,0,False,2026-04-10T23:20:41.000Z
2026-04-10 16:25:27,Disneyland,Tomorrowland,276,Finding Nemo Submarine Voyage,25,True,2026-04-10T23:20:41.000Z
2026-04-10 16:25:27,Disneyland,Tomorrowland,284,Space Mountain,75,True,2026-04-10T23:20:41.000Z
2026-04-10 16:25:27,Disneyland,Tomorrowland,286,Star Tours - The Adventures Continue,60,True,2026-04-10T23:20:41.000Z
2026-04-10 16:25:27,Disney California Adventure,Avengers Campus,329,Guardians of the Galaxy - Mission: BREAKOUT!,110,True,2026-04-10T23:20:41.000Z
2026-04-10 16:25:27,Disney California Adventure,Avengers Campus,8843,WEB SLINGERS: A Spider-Man Adventure,60,True,2026-04-10T23:20:41.000Z
2026-04-10 16:25:27,Disney California Adventure,Avengers Campus,10907,WEB SLINGERS: A Spider-Man Adventure Single Rider,0,True,2026-04-10T23:20:41.000Z
2026-04-10 16:25:27,Disney California Adventure,Cars Land,13961,Luigi's Rollickin' Roadsters,35,True,2026-04-10T23:20:41.000Z
2026-04-10 16:25:27,Disney California Adventure,Cars Land,315,Mater's Junkyard Jamboree,30,True,2026-04-10T23:20:41.000Z
2026-04-10 16:25:27,Disney California Adventure,Cars Land,295,Radiator Springs Racers,140,True,2026-04-10T23:20:41.000Z
2026-04-10 16:25:27,Disney California Adventure,Cars Land,10904,Radiator Springs Racers Single Rider,0,True,2026-04-10T23:20:41.000Z
2026-04-10 16:25:27,Disney California Adventure,Grizzly Peak,302,Grizzly River Run,55,True,2026-04-10T23:20:41.000Z
2026-04-10 16:25:27,Disney California Adventure,Grizzly Peak,293,Redwood Creek Challenge Trail,5,True,2026-04-10T23:20:41.000Z
2026-04-10 16:25:27,Disney California Adventure,Grizzly Peak,312,Soarin' Over California,65,True,2026-04-10T23:20:41.000Z
2026-04-10 16:25:27,Disney California Adventure,Hollywood Land,321,Animation Academy,0,True,2026-04-10T23:20:41.000Z
2026-04-10 16:25:27,Disney California Adventure,Hollywood Land,6440,Mickey's PhilharMagic,10,True,2026-04-10T23:20:41.000Z
2026-04-10 16:25:27,Disney California Adventure,Hollywood Land,291,"Monsters, Inc. Mike & Sulley to the Rescue!",60,True,2026-04-10T23:20:41.000Z
2026-04-10 16:25:27,Disney California Adventure,Hollywood Land,868,Sorcerer's Workshop,0,False,2026-04-10T23:20:41.000Z
2026-04-10 16:25:27,Disney California Adventure,Hollywood Land,294,Turtle Talk with Crush,0,True,2026-04-10T23:20:41.000Z
2026-04-10 16:25:27,Disney California Adventure,Paradise Gardens Park,298,Golden Zephyr,0,False,2026-04-10T23:20:41.000Z
2026-04-10 16:25:27,Disney California Adventure,Paradise Gardens Park,319,Goofy's Sky School,55,True,2026-04-10T23:20:41.000Z
2026-04-10 16:25:27,Disney California Adventure,Paradise Gardens Park,301,Silly Symphony Swings,30,True,2026-04-10T23:20:41.000Z
2026-04-10 16:25:27,Disney California Adventure,Paradise Gardens Park,10905,Silly Symphony Swings Single Rider,0,True,2026-04-10T23:20:41.000Z
2026-04-10 16:25:27,Disney California Adventure,Paradise Gardens Park,316,The Little Mermaid - Ariel's Undersea Adventure,45,True,2026-04-10T23:20:41.000Z
2026-04-10 16:25:27,Disney California Adventure,Paradise Gardens Park,14742,World of Color Happiness!,0,True,2026-04-10T23:20:41.000Z
2026-04-10 16:25:27,Disney California Adventure,Pixar Pier,13960,Games of Pixar Pier,0,True,2026-04-10T23:20:41.000Z
2026-04-10 16:25:27,Disney California Adventure,Pixar Pier,322,Incredicoaster,60,True,2026-04-10T23:20:41.000Z
2026-04-10 16:25:27,Disney California Adventure,Pixar Pier,10906,Incredicoaster Single Rider,0,True,2026-04-10T23:20:41.000Z
2026-04-10 16:25:27,Disney California Adventure,Pixar Pier,6643,Inside Out Emotional Whirlwind,0,False,2026-04-10T23:20:41.000Z
2026-04-10 16:25:27,Disney California Adventure,Pixar Pier,310,Jessie's Critter Carousel,15,True,2026-04-10T23:20:41.000Z
2026-04-10 16:25:27,Disney California Adventure,Pixar Pier,300,Jumpin' Jellyfish,10,True,2026-04-10T23:20:41.000Z
2026-04-10 16:25:27,Disney California Adventure,Pixar Pier,311,Pixar Pal-A-Round - Swinging,40,True,2026-04-10T23:20:41.000Z
2026-04-10 16:25:27,Disney California Adventure,Pixar Pier,5557,Pixar Pal-A-Round – Non-Swinging,35,True,2026-04-10T23:20:41.000Z
2026-04-10 16:25:27,Disney California Adventure,Pixar Pier,313,Toy Story Midway Mania!,0,False,2026-04-10T23:20:41.000Z
2026-04-10 16:25:27,Disney California Adventure,San Fransokyo Square,13959,The Bakery Tour,0,True,2026-04-10T23:20:41.000Z
2026-04-10 16:30:30,Disneyland,Adventureland,12428,Adventureland Treehouse inspired by Walt Disney’s Swiss Family Robinson,0,True,2026-04-10T23:25:39.000Z
2026-04-10 16:30:30,Disneyland,Adventureland,326,Indiana Jones™ Adventure,75,True,2026-04-10T23:25:39.000Z
2026-04-10 16:30:30,Disneyland,Adventureland,296,Jungle Cruise,0,False,2026-04-10T23:25:39.000Z
2026-04-10 16:30:30,Disneyland,Adventureland,288,Walt Disney's Enchanted Tiki Room,0,True,2026-04-10T23:25:39.000Z
2026-04-10 16:30:30,Disneyland,Bayou Country,304,Davy Crockett's Explorer Canoes,15,True,2026-04-10T23:25:39.000Z
2026-04-10 16:30:30,Disneyland,Bayou Country,306,The Many Adventures of Winnie the Pooh,30,True,2026-04-10T23:25:39.000Z
2026-04-10 16:30:30,Disneyland,Bayou Country,14168,Tiana's Bayou Adventure,75,True,2026-04-10T23:25:39.000Z
2026-04-10 16:30:30,Disneyland,Bayou Country,14326,Tiana's Bayou Adventure Single Rider,0,True,2026-04-10T23:25:39.000Z
2026-04-10 16:30:30,Disneyland,Fantasyland,307,"""it's a small world""",25,True,2026-04-10T23:25:39.000Z
2026-04-10 16:30:30,Disneyland,Fantasyland,285,Alice in Wonderland,40,True,2026-04-10T23:25:39.000Z
2026-04-10 16:30:30,Disneyland,Fantasyland,303,Casey Jr. Circus Train,10,True,2026-04-10T23:25:39.000Z
2026-04-10 16:30:30,Disneyland,Fantasyland,275,Dumbo the Flying Elephant,30,True,2026-04-10T23:25:39.000Z
2026-04-10 16:30:30,Disneyland,Fantasyland,277,King Arthur Carrousel,5,True,2026-04-10T23:25:39.000Z
2026-04-10 16:30:30,Disneyland,Fantasyland,278,Mad Tea Party,25,True,2026-04-10T23:25:39.000Z
2026-04-10 16:30:30,Disneyland,Fantasyland,279,Matterhorn Bobsleds,55,True,2026-04-10T23:25:39.000Z
2026-04-10 16:30:30,Disneyland,Fantasyland,6711,Meet Disney Princesses at Royal Hall,45,True,2026-04-10T23:25:39.000Z
2026-04-10 16:30:30,Disneyland,Fantasyland,280,Mr. Toad's Wild Ride,25,True,2026-04-10T23:25:39.000Z
2026-04-10 16:30:30,Disneyland,Fantasyland,281,Peter Pan's Flight,45,True,2026-04-10T23:25:39.000Z
2026-04-10 16:30:30,Disneyland,Fantasyland,282,Pinocchio's Daring Journey,25,True,2026-04-10T23:25:39.000Z
2026-04-10 16:30:30,Disneyland,Fantasyland,687,Sleeping Beauty Castle Walkthrough,0,False,2026-04-10T23:25:39.000Z
2026-04-10 16:30:30,Disneyland,Fantasyland,283,Snow White's Enchanted Wish,25,True,2026-04-10T23:25:39.000Z
2026-04-10 16:30:30,Disneyland,Fantasyland,305,Storybook Land Canal Boats,20,True,2026-04-10T23:25:39.000Z
2026-04-10 16:30:30,Disneyland,Frontierland,323,Big Thunder Mountain Railroad,65,True,2026-04-10T23:25:39.000Z
2026-04-10 16:30:30,Disneyland,Frontierland,679,Frontierland Shootin' Exposition,0,True,2026-04-10T23:25:39.000Z
2026-04-10 16:30:30,Disneyland,Frontierland,456,Mark Twain Riverboat,10,True,2026-04-10T23:25:39.000Z
2026-04-10 16:30:30,Disneyland,Frontierland,331,Pirate's Lair on Tom Sawyer Island,5,True,2026-04-10T23:25:39.000Z
2026-04-10 16:30:30,Disneyland,Frontierland,328,Sailing Ship Columbia,0,False,2026-04-10T23:25:39.000Z
2026-04-10 16:30:30,Disneyland,Main Street U.S.A,674,Disneyland Railroad,15,True,2026-04-10T23:25:39.000Z
2026-04-10 16:30:30,Disneyland,Main Street U.S.A,690,Great Moments with Mr. Lincoln,0,False,2026-04-10T23:25:39.000Z
2026-04-10 16:30:30,Disneyland,Main Street U.S.A,686,Main Street Cinema,0,True,2026-04-10T23:25:39.000Z
2026-04-10 16:30:30,Disneyland,Main Street U.S.A,691,Main Street Vehicles,0,True,2026-04-10T23:25:39.000Z
2026-04-10 16:30:30,Disneyland,Main Street U.S.A,14915,Opera House - Walt Disney - A Magical Life,0,True,2026-04-10T23:25:39.000Z
2026-04-10 16:30:30,Disneyland,Main Street U.S.A,695,The Disney Gallery,0,True,2026-04-10T23:25:39.000Z
2026-04-10 16:30:30,Disneyland,Main Street U.S.A,14923,Walt Disney - A Magical Life,0,True,2026-04-10T23:25:39.000Z
2026-04-10 16:30:30,Disneyland,Mickey's Toontown,324,Chip 'n' Dale's GADGETcoaster,45,True,2026-04-10T23:25:39.000Z
2026-04-10 16:30:30,Disneyland,Mickey's Toontown,13814,Donald's Duck Pond,0,True,2026-04-10T23:25:39.000Z
2026-04-10 16:30:30,Disneyland,Mickey's Toontown,11980,Goofy's How-to-Play Yard,0,True,2026-04-10T23:25:39.000Z
2026-04-10 16:30:30,Disneyland,Mickey's Toontown,11526,Mickey & Minnie's Runaway Railway,60,True,2026-04-10T23:25:39.000Z
2026-04-10 16:30:30,Disneyland,Mickey's Toontown,709,Mickey's House and Meet Mickey Mouse,20,True,2026-04-10T23:25:39.000Z
2026-04-10 16:30:30,Disneyland,Mickey's Toontown,327,Mickey's House and Meet Mickey Mouse,0,False,2026-04-10T23:25:39.000Z
2026-04-10 16:30:30,Disneyland,Mickey's Toontown,684,Minnie's House,0,True,2026-04-10T23:25:39.000Z
2026-04-10 16:30:30,Disneyland,Mickey's Toontown,332,Roger Rabbit's Car Toon Spin,0,False,2026-04-10T23:25:39.000Z
2026-04-10 16:30:30,Disneyland,New Orleans Square,13958,Haunted Mansion,45,True,2026-04-10T23:25:39.000Z
2026-04-10 16:30:30,Disneyland,New Orleans Square,289,Pirates of the Caribbean,30,True,2026-04-10T23:25:39.000Z
2026-04-10 16:30:30,Disneyland,Star Wars: Galaxy's Edge,6339,Millennium Falcon: Smugglers Run,45,True,2026-04-10T23:25:39.000Z
2026-04-10 16:30:30,Disneyland,Star Wars: Galaxy's Edge,10903,Millennium Falcon: Smugglers Run Single Rider,0,True,2026-04-10T23:25:39.000Z
2026-04-10 16:30:30,Disneyland,Star Wars: Galaxy's Edge,6340,Star Wars: Rise of the Resistance,65,True,2026-04-10T23:25:39.000Z
2026-04-10 16:30:30,Disneyland,Tomorrowland,287,Astro Orbitor,45,True,2026-04-10T23:25:39.000Z
2026-04-10 16:30:30,Disneyland,Tomorrowland,317,Autopia,45,True,2026-04-10T23:25:39.000Z
2026-04-10 16:30:30,Disneyland,Tomorrowland,273,Buzz Lightyear Astro Blasters,35,True,2026-04-10T23:25:39.000Z
2026-04-10 16:30:30,Disneyland,Tomorrowland,274,Disneyland Monorail,0,False,2026-04-10T23:25:39.000Z
2026-04-10 16:30:30,Disneyland,Tomorrowland,276,Finding Nemo Submarine Voyage,25,True,2026-04-10T23:25:39.000Z
2026-04-10 16:30:30,Disneyland,Tomorrowland,284,Space Mountain,75,True,2026-04-10T23:25:39.000Z
2026-04-10 16:30:30,Disneyland,Tomorrowland,286,Star Tours - The Adventures Continue,60,True,2026-04-10T23:25:39.000Z
2026-04-10 16:30:30,Disney California Adventure,Avengers Campus,329,Guardians of the Galaxy - Mission: BREAKOUT!,115,True,2026-04-10T23:25:39.000Z
2026-04-10 16:30:30,Disney California Adventure,Avengers Campus,8843,WEB SLINGERS: A Spider-Man Adventure,60,True,2026-04-10T23:25:39.000Z
2026-04-10 16:30:30,Disney California Adventure,Avengers Campus,10907,WEB SLINGERS: A Spider-Man Adventure Single Rider,0,True,2026-04-10T23:25:39.000Z
2026-04-10 16:30:30,Disney California Adventure,Cars Land,13961,Luigi's Rollickin' Roadsters,35,True,2026-04-10T23:25:39.000Z
2026-04-10 16:30:30,Disney California Adventure,Cars Land,315,Mater's Junkyard Jamboree,30,True,2026-04-10T23:25:39.000Z
2026-04-10 16:30:30,Disney California Adventure,Cars Land,295,Radiator Springs Racers,140,True,2026-04-10T23:25:39.000Z
2026-04-10 16:30:30,Disney California Adventure,Cars Land,10904,Radiator Springs Racers Single Rider,0,True,2026-04-10T23:25:39.000Z
2026-04-10 16:30:30,Disney California Adventure,Grizzly Peak,302,Grizzly River Run,55,True,2026-04-10T23:25:39.000Z
2026-04-10 16:30:30,Disney California Adventure,Grizzly Peak,293,Redwood Creek Challenge Trail,5,True,2026-04-10T23:25:39.000Z
2026-04-10 16:30:30,Disney California Adventure,Grizzly Peak,312,Soarin' Over California,65,True,2026-04-10T23:25:39.000Z
2026-04-10 16:30:30,Disney California Adventure,Hollywood Land,321,Animation Academy,0,True,2026-04-10T23:25:39.000Z
2026-04-10 16:30:30,Disney California Adventure,Hollywood Land,6440,Mickey's PhilharMagic,10,True,2026-04-10T23:25:39.000Z
2026-04-10 16:30:30,Disney California Adventure,Hollywood Land,291,"Monsters, Inc. Mike & Sulley to the Rescue!",60,True,2026-04-10T23:25:39.000Z
2026-04-10 16:30:30,Disney California Adventure,Hollywood Land,868,Sorcerer's Workshop,0,False,2026-04-10T23:25:39.000Z
2026-04-10 16:30:30,Disney California Adventure,Hollywood Land,294,Turtle Talk with Crush,0,True,2026-04-10T23:25:39.000Z
2026-04-10 16:30:30,Disney California Adventure,Paradise Gardens Park,298,Golden Zephyr,0,False,2026-04-10T23:25:39.000Z
2026-04-10 16:30:30,Disney California Adventure,Paradise Gardens Park,319,Goofy's Sky School,55,True,2026-04-10T23:25:39.000Z
2026-04-10 16:30:30,Disney California Adventure,Paradise Gardens Park,301,Silly Symphony Swings,30,True,2026-04-10T23:25:39.000Z
2026-04-10 16:30:30,Disney California Adventure,Paradise Gardens Park,10905,Silly Symphony Swings Single Rider,0,True,2026-04-10T23:25:39.000Z
2026-04-10 16:30:30,Disney California Adventure,Paradise Gardens Park,316,The Little Mermaid - Ariel's Undersea Adventure,45,True,2026-04-10T23:25:39.000Z
2026-04-10 16:30:30,Disney California Adventure,Paradise Gardens Park,14742,World of Color Happiness!,0,True,2026-04-10T23:25:39.000Z
2026-04-10 16:30:30,Disney California Adventure,Pixar Pier,13960,Games of Pixar Pier,0,True,2026-04-10T23:25:39.000Z
2026-04-10 16:30:30,Disney California Adventure,Pixar Pier,322,Incredicoaster,60,True,2026-04-10T23:25:39.000Z
2026-04-10 16:30:30,Disney California Adventure,Pixar Pier,10906,Incredicoaster Single Rider,0,True,2026-04-10T23:25:39.000Z
2026-04-10 16:30:30,Disney California Adventure,Pixar Pier,6643,Inside Out Emotional Whirlwind,0,False,2026-04-10T23:25:39.000Z
2026-04-10 16:30:30,Disney California Adventure,Pixar Pier,310,Jessie's Critter Carousel,15,True,2026-04-10T23:25:39.000Z
2026-04-10 16:30:30,Disney California Adventure,Pixar Pier,300,Jumpin' Jellyfish,10,True,2026-04-10T23:25:39.000Z
2026-04-10 16:30:30,Disney California Adventure,Pixar Pier,311,Pixar Pal-A-Round - Swinging,40,True,2026-04-10T23:25:39.000Z
2026-04-10 16:30:30,Disney California Adventure,Pixar Pier,5557,Pixar Pal-A-Round – Non-Swinging,35,True,2026-04-10T23:25:39.000Z
2026-04-10 16:30:30,Disney California Adventure,Pixar Pier,313,Toy Story Midway Mania!,0,False,2026-04-10T23:25:39.000Z
2026-04-10 16:30:30,Disney California Adventure,San Fransokyo Square,13959,The Bakery Tour,0,True,2026-04-10T23:25:39.000Z
2026-04-10 16:35:25,Disneyland,Adventureland,12428,Adventureland Treehouse inspired by Walt Disney’s Swiss Family Robinson,0,True,2026-04-10T23:30:37.000Z
2026-04-10 16:35:25,Disneyland,Adventureland,326,Indiana Jones™ Adventure,0,False,2026-04-10T23:30:37.000Z
2026-04-10 16:35:25,Disneyland,Adventureland,296,Jungle Cruise,0,False,2026-04-10T23:30:37.000Z
2026-04-10 16:35:25,Disneyland,Adventureland,288,Walt Disney's Enchanted Tiki Room,0,True,2026-04-10T23:30:37.000Z
2026-04-10 16:35:25,Disneyland,Bayou Country,304,Davy Crockett's Explorer Canoes,15,True,2026-04-10T23:30:37.000Z
2026-04-10 16:35:25,Disneyland,Bayou Country,306,The Many Adventures of Winnie the Pooh,30,True,2026-04-10T23:30:37.000Z
2026-04-10 16:35:25,Disneyland,Bayou Country,14168,Tiana's Bayou Adventure,75,True,2026-04-10T23:30:37.000Z
2026-04-10 16:35:25,Disneyland,Bayou Country,14326,Tiana's Bayou Adventure Single Rider,0,True,2026-04-10T23:30:37.000Z
2026-04-10 16:35:25,Disneyland,Fantasyland,307,"""it's a small world""",25,True,2026-04-10T23:30:37.000Z
2026-04-10 16:35:25,Disneyland,Fantasyland,285,Alice in Wonderland,40,True,2026-04-10T23:30:37.000Z
2026-04-10 16:35:25,Disneyland,Fantasyland,303,Casey Jr. Circus Train,15,True,2026-04-10T23:30:37.000Z
2026-04-10 16:35:25,Disneyland,Fantasyland,275,Dumbo the Flying Elephant,30,True,2026-04-10T23:30:37.000Z
2026-04-10 16:35:25,Disneyland,Fantasyland,277,King Arthur Carrousel,5,True,2026-04-10T23:30:37.000Z
2026-04-10 16:35:25,Disneyland,Fantasyland,278,Mad Tea Party,25,True,2026-04-10T23:30:37.000Z
2026-04-10 16:35:25,Disneyland,Fantasyland,279,Matterhorn Bobsleds,55,True,2026-04-10T23:30:37.000Z
2026-04-10 16:35:25,Disneyland,Fantasyland,6711,Meet Disney Princesses at Royal Hall,45,True,2026-04-10T23:30:37.000Z
2026-04-10 16:35:25,Disneyland,Fantasyland,280,Mr. Toad's Wild Ride,25,True,2026-04-10T23:30:37.000Z
2026-04-10 16:35:25,Disneyland,Fantasyland,281,Peter Pan's Flight,35,True,2026-04-10T23:30:37.000Z
2026-04-10 16:35:25,Disneyland,Fantasyland,282,Pinocchio's Daring Journey,15,True,2026-04-10T23:30:37.000Z
2026-04-10 16:35:25,Disneyland,Fantasyland,687,Sleeping Beauty Castle Walkthrough,0,False,2026-04-10T23:30:37.000Z
2026-04-10 16:35:25,Disneyland,Fantasyland,283,Snow White's Enchanted Wish,15,True,2026-04-10T23:30:37.000Z
2026-04-10 16:35:25,Disneyland,Fantasyland,305,Storybook Land Canal Boats,20,True,2026-04-10T23:30:37.000Z
2026-04-10 16:35:25,Disneyland,Frontierland,323,Big Thunder Mountain Railroad,55,True,2026-04-10T23:30:37.000Z
2026-04-10 16:35:25,Disneyland,Frontierland,679,Frontierland Shootin' Exposition,0,True,2026-04-10T23:30:37.000Z
2026-04-10 16:35:25,Disneyland,Frontierland,456,Mark Twain Riverboat,10,True,2026-04-10T23:30:37.000Z
2026-04-10 16:35:25,Disneyland,Frontierland,331,Pirate's Lair on Tom Sawyer Island,5,True,2026-04-10T23:30:37.000Z
2026-04-10 16:35:25,Disneyland,Frontierland,328,Sailing Ship Columbia,0,False,2026-04-10T23:30:37.000Z
2026-04-10 16:35:25,Disneyland,Main Street U.S.A,674,Disneyland Railroad,15,True,2026-04-10T23:30:37.000Z
2026-04-10 16:35:25,Disneyland,Main Street U.S.A,690,Great Moments with Mr. Lincoln,0,False,2026-04-10T23:30:37.000Z
2026-04-10 16:35:25,Disneyland,Main Street U.S.A,686,Main Street Cinema,0,True,2026-04-10T23:30:37.000Z
2026-04-10 16:35:25,Disneyland,Main Street U.S.A,691,Main Street Vehicles,0,True,2026-04-10T23:30:37.000Z
2026-04-10 16:35:25,Disneyland,Main Street U.S.A,14915,Opera House - Walt Disney - A Magical Life,0,True,2026-04-10T23:30:37.000Z
2026-04-10 16:35:25,Disneyland,Main Street U.S.A,695,The Disney Gallery,0,True,2026-04-10T23:30:37.000Z
2026-04-10 16:35:25,Disneyland,Main Street U.S.A,14923,Walt Disney - A Magical Life,0,True,2026-04-10T23:30:37.000Z
2026-04-10 16:35:25,Disneyland,Mickey's Toontown,324,Chip 'n' Dale's GADGETcoaster,30,True,2026-04-10T23:30:37.000Z
2026-04-10 16:35:25,Disneyland,Mickey's Toontown,13814,Donald's Duck Pond,0,True,2026-04-10T23:30:37.000Z
2026-04-10 16:35:25,Disneyland,Mickey's Toontown,11980,Goofy's How-to-Play Yard,0,True,2026-04-10T23:30:37.000Z
2026-04-10 16:35:25,Disneyland,Mickey's Toontown,11526,Mickey & Minnie's Runaway Railway,60,True,2026-04-10T23:30:37.000Z
2026-04-10 16:35:25,Disneyland,Mickey's Toontown,709,Mickey's House and Meet Mickey Mouse,20,True,2026-04-10T23:30:37.000Z
2026-04-10 16:35:25,Disneyland,Mickey's Toontown,327,Mickey's House and Meet Mickey Mouse,0,False,2026-04-10T23:30:37.000Z
2026-04-10 16:35:25,Disneyland,Mickey's Toontown,684,Minnie's House,0,True,2026-04-10T23:30:37.000Z
2026-04-10 16:35:25,Disneyland,Mickey's Toontown,332,Roger Rabbit's Car Toon Spin,0,False,2026-04-10T23:30:37.000Z
2026-04-10 16:35:25,Disneyland,New Orleans Square,13958,Haunted Mansion,45,True,2026-04-10T23:30:37.000Z
2026-04-10 16:35:25,Disneyland,New Orleans Square,289,Pirates of the Caribbean,45,True,2026-04-10T23:30:37.000Z
2026-04-10 16:35:25,Disneyland,Star Wars: Galaxy's Edge,6339,Millennium Falcon: Smugglers Run,45,True,2026-04-10T23:30:37.000Z
2026-04-10 16:35:25,Disneyland,Star Wars: Galaxy's Edge,10903,Millennium Falcon: Smugglers Run Single Rider,0,True,2026-04-10T23:30:37.000Z
2026-04-10 16:35:25,Disneyland,Star Wars: Galaxy's Edge,6340,Star Wars: Rise of the Resistance,55,True,2026-04-10T23:30:37.000Z
2026-04-10 16:35:25,Disneyland,Tomorrowland,287,Astro Orbitor,45,True,2026-04-10T23:30:37.000Z
2026-04-10 16:35:25,Disneyland,Tomorrowland,317,Autopia,45,True,2026-04-10T23:30:37.000Z
2026-04-10 16:35:25,Disneyland,Tomorrowland,273,Buzz Lightyear Astro Blasters,35,True,2026-04-10T23:30:37.000Z
2026-04-10 16:35:25,Disneyland,Tomorrowland,274,Disneyland Monorail,0,False,2026-04-10T23:30:37.000Z
2026-04-10 16:35:25,Disneyland,Tomorrowland,276,Finding Nemo Submarine Voyage,25,True,2026-04-10T23:30:37.000Z
2026-04-10 16:35:25,Disneyland,Tomorrowland,284,Space Mountain,75,True,2026-04-10T23:30:37.000Z
2026-04-10 16:35:25,Disneyland,Tomorrowland,286,Star Tours - The Adventures Continue,35,True,2026-04-10T23:30:37.000Z
2026-04-10 16:35:26,Disney California Adventure,Avengers Campus,329,Guardians of the Galaxy - Mission: BREAKOUT!,115,True,2026-04-10T23:30:51.000Z
2026-04-10 16:35:26,Disney California Adventure,Avengers Campus,8843,WEB SLINGERS: A Spider-Man Adventure,60,True,2026-04-10T23:30:51.000Z
2026-04-10 16:35:26,Disney California Adventure,Avengers Campus,10907,WEB SLINGERS: A Spider-Man Adventure Single Rider,0,True,2026-04-10T23:30:51.000Z
2026-04-10 16:35:26,Disney California Adventure,Cars Land,13961,Luigi's Rollickin' Roadsters,35,True,2026-04-10T23:30:51.000Z
2026-04-10 16:35:26,Disney California Adventure,Cars Land,315,Mater's Junkyard Jamboree,25,True,2026-04-10T23:30:51.000Z
2026-04-10 16:35:26,Disney California Adventure,Cars Land,295,Radiator Springs Racers,140,True,2026-04-10T23:30:51.000Z
2026-04-10 16:35:26,Disney California Adventure,Cars Land,10904,Radiator Springs Racers Single Rider,0,True,2026-04-10T23:30:51.000Z
2026-04-10 16:35:26,Disney California Adventure,Grizzly Peak,302,Grizzly River Run,45,True,2026-04-10T23:30:51.000Z
2026-04-10 16:35:26,Disney California Adventure,Grizzly Peak,293,Redwood Creek Challenge Trail,5,True,2026-04-10T23:30:51.000Z
2026-04-10 16:35:26,Disney California Adventure,Grizzly Peak,312,Soarin' Over California,65,True,2026-04-10T23:30:51.000Z
2026-04-10 16:35:26,Disney California Adventure,Hollywood Land,321,Animation Academy,0,True,2026-04-10T23:30:51.000Z
2026-04-10 16:35:26,Disney California Adventure,Hollywood Land,6440,Mickey's PhilharMagic,10,True,2026-04-10T23:30:51.000Z
2026-04-10 16:35:26,Disney California Adventure,Hollywood Land,291,"Monsters, Inc. Mike & Sulley to the Rescue!",60,True,2026-04-10T23:30:51.000Z
2026-04-10 16:35:26,Disney California Adventure,Hollywood Land,868,Sorcerer's Workshop,0,False,2026-04-10T23:30:51.000Z
2026-04-10 16:35:26,Disney California Adventure,Hollywood Land,294,Turtle Talk with Crush,0,True,2026-04-10T23:30:51.000Z
2026-04-10 16:35:26,Disney California Adventure,Paradise Gardens Park,298,Golden Zephyr,0,False,2026-04-10T23:30:51.000Z
2026-04-10 16:35:26,Disney California Adventure,Paradise Gardens Park,319,Goofy's Sky School,55,True,2026-04-10T23:30:51.000Z
2026-04-10 16:35:26,Disney California Adventure,Paradise Gardens Park,301,Silly Symphony Swings,25,True,2026-04-10T23:30:51.000Z
2026-04-10 16:35:26,Disney California Adventure,Paradise Gardens Park,10905,Silly Symphony Swings Single Rider,0,True,2026-04-10T23:30:51.000Z
2026-04-10 16:35:26,Disney California Adventure,Paradise Gardens Park,316,The Little Mermaid - Ariel's Undersea Adventure,45,True,2026-04-10T23:30:51.000Z
2026-04-10 16:35:26,Disney California Adventure,Paradise Gardens Park,14742,World of Color Happiness!,0,True,2026-04-10T23:30:51.000Z
2026-04-10 16:35:26,Disney California Adventure,Pixar Pier,13960,Games of Pixar Pier,0,True,2026-04-10T23:30:51.000Z
2026-04-10 16:35:26,Disney California Adventure,Pixar Pier,322,Incredicoaster,60,True,2026-04-10T23:30:51.000Z
2026-04-10 16:35:26,Disney California Adventure,Pixar Pier,10906,Incredicoaster Single Rider,0,True,2026-04-10T23:30:51.000Z
2026-04-10 16:35:26,Disney California Adventure,Pixar Pier,6643,Inside Out Emotional Whirlwind,0,False,2026-04-10T23:30:51.000Z
2026-04-10 16:35:26,Disney California Adventure,Pixar Pier,310,Jessie's Critter Carousel,15,True,2026-04-10T23:30:51.000Z
2026-04-10 16:35:26,Disney California Adventure,Pixar Pier,300,Jumpin' Jellyfish,10,True,2026-04-10T23:30:51.000Z
2026-04-10 16:35:26,Disney California Adventure,Pixar Pier,311,Pixar Pal-A-Round - Swinging,40,True,2026-04-10T23:30:51.000Z
2026-04-10 16:35:26,Disney California Adventure,Pixar Pier,5557,Pixar Pal-A-Round – Non-Swinging,35,True,2026-04-10T23:30:51.000Z
2026-04-10 16:35:26,Disney California Adventure,Pixar Pier,313,Toy Story Midway Mania!,0,False,2026-04-10T23:30:51.000Z
2026-04-10 16:35:26,Disney California Adventure,San Fransokyo Square,13959,The Bakery Tour,0,True,2026-04-10T23:30:51.000Z
2026-04-10 16:40:26,Disneyland,Adventureland,12428,Adventureland Treehouse inspired by Walt Disney’s Swiss Family Robinson,0,True,2026-04-10T23:35:39.000Z
2026-04-10 16:40:26,Disneyland,Adventureland,326,Indiana Jones™ Adventure,0,False,2026-04-10T23:35:39.000Z
2026-04-10 16:40:26,Disneyland,Adventureland,296,Jungle Cruise,0,False,2026-04-10T23:35:39.000Z
2026-04-10 16:40:26,Disneyland,Adventureland,288,Walt Disney's Enchanted Tiki Room,0,True,2026-04-10T23:35:39.000Z
2026-04-10 16:40:26,Disneyland,Bayou Country,304,Davy Crockett's Explorer Canoes,15,True,2026-04-10T23:35:39.000Z
2026-04-10 16:40:26,Disneyland,Bayou Country,306,The Many Adventures of Winnie the Pooh,30,True,2026-04-10T23:35:39.000Z
2026-04-10 16:40:26,Disneyland,Bayou Country,14168,Tiana's Bayou Adventure,75,True,2026-04-10T23:35:39.000Z
2026-04-10 16:40:26,Disneyland,Bayou Country,14326,Tiana's Bayou Adventure Single Rider,0,True,2026-04-10T23:35:39.000Z
2026-04-10 16:40:26,Disneyland,Fantasyland,307,"""it's a small world""",25,True,2026-04-10T23:35:39.000Z
2026-04-10 16:40:26,Disneyland,Fantasyland,285,Alice in Wonderland,0,False,2026-04-10T23:35:39.000Z
2026-04-10 16:40:26,Disneyland,Fantasyland,303,Casey Jr. Circus Train,15,True,2026-04-10T23:35:39.000Z
2026-04-10 16:40:26,Disneyland,Fantasyland,275,Dumbo the Flying Elephant,30,True,2026-04-10T23:35:39.000Z
2026-04-10 16:40:26,Disneyland,Fantasyland,277,King Arthur Carrousel,5,True,2026-04-10T23:35:39.000Z
2026-04-10 16:40:26,Disneyland,Fantasyland,278,Mad Tea Party,25,True,2026-04-10T23:35:39.000Z
2026-04-10 16:40:26,Disneyland,Fantasyland,279,Matterhorn Bobsleds,45,True,2026-04-10T23:35:39.000Z
2026-04-10 16:40:26,Disneyland,Fantasyland,6711,Meet Disney Princesses at Royal Hall,45,True,2026-04-10T23:35:39.000Z
2026-04-10 16:40:26,Disneyland,Fantasyland,280,Mr. Toad's Wild Ride,25,True,2026-04-10T23:35:39.000Z
2026-04-10 16:40:26,Disneyland,Fantasyland,281,Peter Pan's Flight,35,True,2026-04-10T23:35:39.000Z
2026-04-10 16:40:26,Disneyland,Fantasyland,282,Pinocchio's Daring Journey,15,True,2026-04-10T23:35:39.000Z
2026-04-10 16:40:26,Disneyland,Fantasyland,687,Sleeping Beauty Castle Walkthrough,0,False,2026-04-10T23:35:39.000Z
2026-04-10 16:40:26,Disneyland,Fantasyland,283,Snow White's Enchanted Wish,15,True,2026-04-10T23:35:39.000Z
2026-04-10 16:40:26,Disneyland,Fantasyland,305,Storybook Land Canal Boats,20,True,2026-04-10T23:35:39.000Z
2026-04-10 16:40:26,Disneyland,Frontierland,323,Big Thunder Mountain Railroad,55,True,2026-04-10T23:35:39.000Z
2026-04-10 16:40:26,Disneyland,Frontierland,679,Frontierland Shootin' Exposition,0,True,2026-04-10T23:35:39.000Z
2026-04-10 16:40:26,Disneyland,Frontierland,456,Mark Twain Riverboat,10,True,2026-04-10T23:35:39.000Z
2026-04-10 16:40:26,Disneyland,Frontierland,331,Pirate's Lair on Tom Sawyer Island,5,True,2026-04-10T23:35:39.000Z
2026-04-10 16:40:26,Disneyland,Frontierland,328,Sailing Ship Columbia,0,False,2026-04-10T23:35:39.000Z
2026-04-10 16:40:26,Disneyland,Main Street U.S.A,674,Disneyland Railroad,15,True,2026-04-10T23:35:39.000Z
2026-04-10 16:40:26,Disneyland,Main Street U.S.A,690,Great Moments with Mr. Lincoln,0,False,2026-04-10T23:35:39.000Z
2026-04-10 16:40:26,Disneyland,Main Street U.S.A,686,Main Street Cinema,0,True,2026-04-10T23:35:39.000Z
2026-04-10 16:40:26,Disneyland,Main Street U.S.A,691,Main Street Vehicles,0,True,2026-04-10T23:35:39.000Z
2026-04-10 16:40:26,Disneyland,Main Street U.S.A,14915,Opera House - Walt Disney - A Magical Life,0,True,2026-04-10T23:35:39.000Z
2026-04-10 16:40:26,Disneyland,Main Street U.S.A,695,The Disney Gallery,0,True,2026-04-10T23:35:39.000Z
2026-04-10 16:40:26,Disneyland,Main Street U.S.A,14923,Walt Disney - A Magical Life,0,True,2026-04-10T23:35:39.000Z
2026-04-10 16:40:26,Disneyland,Mickey's Toontown,324,Chip 'n' Dale's GADGETcoaster,30,True,2026-04-10T23:35:39.000Z
2026-04-10 16:40:26,Disneyland,Mickey's Toontown,13814,Donald's Duck Pond,0,True,2026-04-10T23:35:39.000Z
2026-04-10 16:40:26,Disneyland,Mickey's Toontown,11980,Goofy's How-to-Play Yard,0,True,2026-04-10T23:35:39.000Z
2026-04-10 16:40:26,Disneyland,Mickey's Toontown,11526,Mickey & Minnie's Runaway Railway,60,True,2026-04-10T23:35:39.000Z
2026-04-10 16:40:26,Disneyland,Mickey's Toontown,709,Mickey's House and Meet Mickey Mouse,20,True,2026-04-10T23:35:39.000Z
2026-04-10 16:40:26,Disneyland,Mickey's Toontown,327,Mickey's House and Meet Mickey Mouse,0,False,2026-04-10T23:35:39.000Z
2026-04-10 16:40:26,Disneyland,Mickey's Toontown,684,Minnie's House,0,True,2026-04-10T23:35:39.000Z
2026-04-10 16:40:26,Disneyland,Mickey's Toontown,332,Roger Rabbit's Car Toon Spin,0,False,2026-04-10T23:35:39.000Z
2026-04-10 16:40:26,Disneyland,New Orleans Square,13958,Haunted Mansion,45,True,2026-04-10T23:35:39.000Z
2026-04-10 16:40:26,Disneyland,New Orleans Square,289,Pirates of the Caribbean,45,True,2026-04-10T23:35:39.000Z
2026-04-10 16:40:26,Disneyland,Star Wars: Galaxy's Edge,6339,Millennium Falcon: Smugglers Run,45,True,2026-04-10T23:35:39.000Z
2026-04-10 16:40:26,Disneyland,Star Wars: Galaxy's Edge,10903,Millennium Falcon: Smugglers Run Single Rider,0,True,2026-04-10T23:35:39.000Z
2026-04-10 16:40:26,Disneyland,Star Wars: Galaxy's Edge,6340,Star Wars: Rise of the Resistance,55,True,2026-04-10T23:35:39.000Z
2026-04-10 16:40:26,Disneyland,Tomorrowland,287,Astro Orbitor,45,True,2026-04-10T23:35:39.000Z
2026-04-10 16:40:26,Disneyland,Tomorrowland,317,Autopia,45,True,2026-04-10T23:35:39.000Z
2026-04-10 16:40:26,Disneyland,Tomorrowland,273,Buzz Lightyear Astro Blasters,30,True,2026-04-10T23:35:39.000Z
2026-04-10 16:40:26,Disneyland,Tomorrowland,274,Disneyland Monorail,0,False,2026-04-10T23:35:39.000Z
2026-04-10 16:40:26,Disneyland,Tomorrowland,276,Finding Nemo Submarine Voyage,25,True,2026-04-10T23:35:39.000Z
2026-04-10 16:40:26,Disneyland,Tomorrowland,284,Space Mountain,75,True,2026-04-10T23:35:39.000Z
2026-04-10 16:40:26,Disneyland,Tomorrowland,286,Star Tours - The Adventures Continue,35,True,2026-04-10T23:35:39.000Z
2026-04-10 16:40:27,Disney California Adventure,Avengers Campus,329,Guardians of the Galaxy - Mission: BREAKOUT!,120,True,2026-04-10T23:35:39.000Z
2026-04-10 16:40:27,Disney California Adventure,Avengers Campus,8843,WEB SLINGERS: A Spider-Man Adventure,60,True,2026-04-10T23:35:39.000Z
2026-04-10 16:40:27,Disney California Adventure,Avengers Campus,10907,WEB SLINGERS: A Spider-Man Adventure Single Rider,0,True,2026-04-10T23:35:39.000Z
2026-04-10 16:40:27,Disney California Adventure,Cars Land,13961,Luigi's Rollickin' Roadsters,45,True,2026-04-10T23:35:39.000Z
2026-04-10 16:40:27,Disney California Adventure,Cars Land,315,Mater's Junkyard Jamboree,25,True,2026-04-10T23:35:39.000Z
2026-04-10 16:40:27,Disney California Adventure,Cars Land,295,Radiator Springs Racers,140,True,2026-04-10T23:35:39.000Z
2026-04-10 16:40:27,Disney California Adventure,Cars Land,10904,Radiator Springs Racers Single Rider,0,True,2026-04-10T23:35:39.000Z
2026-04-10 16:40:27,Disney California Adventure,Grizzly Peak,302,Grizzly River Run,35,True,2026-04-10T23:35:39.000Z
2026-04-10 16:40:27,Disney California Adventure,Grizzly Peak,293,Redwood Creek Challenge Trail,5,True,2026-04-10T23:35:39.000Z
2026-04-10 16:40:27,Disney California Adventure,Grizzly Peak,312,Soarin' Over California,65,True,2026-04-10T23:35:39.000Z
2026-04-10 16:40:27,Disney California Adventure,Hollywood Land,321,Animation Academy,0,True,2026-04-10T23:35:39.000Z
2026-04-10 16:40:27,Disney California Adventure,Hollywood Land,6440,Mickey's PhilharMagic,10,True,2026-04-10T23:35:39.000Z
2026-04-10 16:40:27,Disney California Adventure,Hollywood Land,291,"Monsters, Inc. Mike & Sulley to the Rescue!",60,True,2026-04-10T23:35:39.000Z
2026-04-10 16:40:27,Disney California Adventure,Hollywood Land,868,Sorcerer's Workshop,0,False,2026-04-10T23:35:39.000Z
2026-04-10 16:40:27,Disney California Adventure,Hollywood Land,294,Turtle Talk with Crush,0,True,2026-04-10T23:35:39.000Z
2026-04-10 16:40:27,Disney California Adventure,Paradise Gardens Park,298,Golden Zephyr,0,False,2026-04-10T23:35:39.000Z
2026-04-10 16:40:27,Disney California Adventure,Paradise Gardens Park,319,Goofy's Sky School,55,True,2026-04-10T23:35:39.000Z
2026-04-10 16:40:27,Disney California Adventure,Paradise Gardens Park,301,Silly Symphony Swings,25,True,2026-04-10T23:35:39.000Z
2026-04-10 16:40:27,Disney California Adventure,Paradise Gardens Park,10905,Silly Symphony Swings Single Rider,0,True,2026-04-10T23:35:39.000Z
2026-04-10 16:40:27,Disney California Adventure,Paradise Gardens Park,316,The Little Mermaid - Ariel's Undersea Adventure,25,True,2026-04-10T23:35:39.000Z
2026-04-10 16:40:27,Disney California Adventure,Paradise Gardens Park,14742,World of Color Happiness!,0,True,2026-04-10T23:35:39.000Z
2026-04-10 16:40:27,Disney California Adventure,Pixar Pier,13960,Games of Pixar Pier,0,True,2026-04-10T23:35:39.000Z
2026-04-10 16:40:27,Disney California Adventure,Pixar Pier,322,Incredicoaster,60,True,2026-04-10T23:35:39.000Z
2026-04-10 16:40:27,Disney California Adventure,Pixar Pier,10906,Incredicoaster Single Rider,0,True,2026-04-10T23:35:39.000Z
2026-04-10 16:40:27,Disney California Adventure,Pixar Pier,6643,Inside Out Emotional Whirlwind,0,False,2026-04-10T23:35:39.000Z
2026-04-10 16:40:27,Disney California Adventure,Pixar Pier,310,Jessie's Critter Carousel,15,True,2026-04-10T23:35:39.000Z
2026-04-10 16:40:27,Disney California Adventure,Pixar Pier,300,Jumpin' Jellyfish,15,True,2026-04-10T23:35:39.000Z
2026-04-10 16:40:27,Disney California Adventure,Pixar Pier,311,Pixar Pal-A-Round - Swinging,40,True,2026-04-10T23:35:39.000Z
2026-04-10 16:40:27,Disney California Adventure,Pixar Pier,5557,Pixar Pal-A-Round – Non-Swinging,35,True,2026-04-10T23:35:39.000Z
2026-04-10 16:40:27,Disney California Adventure,Pixar Pier,313,Toy Story Midway Mania!,0,False,2026-04-10T23:35:39.000Z
2026-04-10 16:40:27,Disney California Adventure,San Fransokyo Square,13959,The Bakery Tour,0,True,2026-04-10T23:35:39.000Z
2026-04-10 16:45:27,Disneyland,Adventureland,12428,Adventureland Treehouse inspired by Walt Disney’s Swiss Family Robinson,0,True,2026-04-10T23:40:41.000Z
2026-04-10 16:45:27,Disneyland,Adventureland,326,Indiana Jones™ Adventure,0,False,2026-04-10T23:40:41.000Z
2026-04-10 16:45:27,Disneyland,Adventureland,296,Jungle Cruise,0,False,2026-04-10T23:40:41.000Z
2026-04-10 16:45:27,Disneyland,Adventureland,288,Walt Disney's Enchanted Tiki Room,0,True,2026-04-10T23:40:41.000Z
2026-04-10 16:45:27,Disneyland,Bayou Country,304,Davy Crockett's Explorer Canoes,15,True,2026-04-10T23:40:41.000Z
2026-04-10 16:45:27,Disneyland,Bayou Country,306,The Many Adventures of Winnie the Pooh,30,True,2026-04-10T23:40:41.000Z
2026-04-10 16:45:27,Disneyland,Bayou Country,14168,Tiana's Bayou Adventure,90,True,2026-04-10T23:40:41.000Z
2026-04-10 16:45:27,Disneyland,Bayou Country,14326,Tiana's Bayou Adventure Single Rider,0,True,2026-04-10T23:40:41.000Z
2026-04-10 16:45:27,Disneyland,Fantasyland,307,"""it's a small world""",25,True,2026-04-10T23:40:41.000Z
2026-04-10 16:45:27,Disneyland,Fantasyland,285,Alice in Wonderland,0,False,2026-04-10T23:40:41.000Z
2026-04-10 16:45:27,Disneyland,Fantasyland,303,Casey Jr. Circus Train,15,True,2026-04-10T23:40:41.000Z
2026-04-10 16:45:27,Disneyland,Fantasyland,275,Dumbo the Flying Elephant,20,True,2026-04-10T23:40:41.000Z
2026-04-10 16:45:27,Disneyland,Fantasyland,277,King Arthur Carrousel,5,True,2026-04-10T23:40:41.000Z
2026-04-10 16:45:27,Disneyland,Fantasyland,278,Mad Tea Party,15,True,2026-04-10T23:40:41.000Z
2026-04-10 16:45:27,Disneyland,Fantasyland,279,Matterhorn Bobsleds,45,True,2026-04-10T23:40:41.000Z
2026-04-10 16:45:27,Disneyland,Fantasyland,6711,Meet Disney Princesses at Royal Hall,45,True,2026-04-10T23:40:41.000Z
2026-04-10 16:45:27,Disneyland,Fantasyland,280,Mr. Toad's Wild Ride,20,True,2026-04-10T23:40:41.000Z
2026-04-10 16:45:27,Disneyland,Fantasyland,281,Peter Pan's Flight,35,True,2026-04-10T23:40:41.000Z
2026-04-10 16:45:27,Disneyland,Fantasyland,282,Pinocchio's Daring Journey,15,True,2026-04-10T23:40:41.000Z
2026-04-10 16:45:27,Disneyland,Fantasyland,687,Sleeping Beauty Castle Walkthrough,0,False,2026-04-10T23:40:41.000Z
2026-04-10 16:45:27,Disneyland,Fantasyland,283,Snow White's Enchanted Wish,15,True,2026-04-10T23:40:41.000Z
2026-04-10 16:45:27,Disneyland,Fantasyland,305,Storybook Land Canal Boats,20,True,2026-04-10T23:40:41.000Z
2026-04-10 16:45:27,Disneyland,Frontierland,323,Big Thunder Mountain Railroad,55,True,2026-04-10T23:40:41.000Z
2026-04-10 16:45:27,Disneyland,Frontierland,679,Frontierland Shootin' Exposition,0,True,2026-04-10T23:40:41.000Z
2026-04-10 16:45:27,Disneyland,Frontierland,456,Mark Twain Riverboat,10,True,2026-04-10T23:40:41.000Z
2026-04-10 16:45:27,Disneyland,Frontierland,331,Pirate's Lair on Tom Sawyer Island,5,True,2026-04-10T23:40:41.000Z
2026-04-10 16:45:27,Disneyland,Frontierland,328,Sailing Ship Columbia,0,False,2026-04-10T23:40:41.000Z
2026-04-10 16:45:27,Disneyland,Main Street U.S.A,674,Disneyland Railroad,15,True,2026-04-10T23:40:41.000Z
2026-04-10 16:45:27,Disneyland,Main Street U.S.A,690,Great Moments with Mr. Lincoln,0,False,2026-04-10T23:40:41.000Z
2026-04-10 16:45:27,Disneyland,Main Street U.S.A,686,Main Street Cinema,0,True,2026-04-10T23:40:41.000Z
2026-04-10 16:45:27,Disneyland,Main Street U.S.A,691,Main Street Vehicles,0,True,2026-04-10T23:40:41.000Z
2026-04-10 16:45:27,Disneyland,Main Street U.S.A,14915,Opera House - Walt Disney - A Magical Life,0,True,2026-04-10T23:40:41.000Z
2026-04-10 16:45:27,Disneyland,Main Street U.S.A,695,The Disney Gallery,0,True,2026-04-10T23:40:41.000Z
2026-04-10 16:45:27,Disneyland,Main Street U.S.A,14923,Walt Disney - A Magical Life,0,True,2026-04-10T23:40:41.000Z
2026-04-10 16:45:27,Disneyland,Mickey's Toontown,324,Chip 'n' Dale's GADGETcoaster,30,True,2026-04-10T23:40:41.000Z
2026-04-10 16:45:27,Disneyland,Mickey's Toontown,13814,Donald's Duck Pond,0,True,2026-04-10T23:40:41.000Z
2026-04-10 16:45:27,Disneyland,Mickey's Toontown,11980,Goofy's How-to-Play Yard,0,True,2026-04-10T23:40:41.000Z
2026-04-10 16:45:27,Disneyland,Mickey's Toontown,11526,Mickey & Minnie's Runaway Railway,50,True,2026-04-10T23:40:41.000Z
2026-04-10 16:45:27,Disneyland,Mickey's Toontown,709,Mickey's House and Meet Mickey Mouse,20,True,2026-04-10T23:40:41.000Z
2026-04-10 16:45:27,Disneyland,Mickey's Toontown,327,Mickey's House and Meet Mickey Mouse,0,False,2026-04-10T23:40:41.000Z
2026-04-10 16:45:27,Disneyland,Mickey's Toontown,684,Minnie's House,0,True,2026-04-10T23:40:41.000Z
2026-04-10 16:45:27,Disneyland,Mickey's Toontown,332,Roger Rabbit's Car Toon Spin,0,False,2026-04-10T23:40:41.000Z
2026-04-10 16:45:27,Disneyland,New Orleans Square,13958,Haunted Mansion,45,True,2026-04-10T23:40:41.000Z
2026-04-10 16:45:27,Disneyland,New Orleans Square,289,Pirates of the Caribbean,30,True,2026-04-10T23:40:41.000Z
2026-04-10 16:45:27,Disneyland,Star Wars: Galaxy's Edge,6339,Millennium Falcon: Smugglers Run,45,True,2026-04-10T23:40:41.000Z
2026-04-10 16:45:27,Disneyland,Star Wars: Galaxy's Edge,10903,Millennium Falcon: Smugglers Run Single Rider,0,True,2026-04-10T23:40:41.000Z
2026-04-10 16:45:27,Disneyland,Star Wars: Galaxy's Edge,6340,Star Wars: Rise of the Resistance,70,True,2026-04-10T23:40:41.000Z
2026-04-10 16:45:27,Disneyland,Tomorrowland,287,Astro Orbitor,45,True,2026-04-10T23:40:41.000Z
2026-04-10 16:45:27,Disneyland,Tomorrowland,317,Autopia,45,True,2026-04-10T23:40:41.000Z
2026-04-10 16:45:27,Disneyland,Tomorrowland,273,Buzz Lightyear Astro Blasters,30,True,2026-04-10T23:40:41.000Z
2026-04-10 16:45:27,Disneyland,Tomorrowland,274,Disneyland Monorail,0,False,2026-04-10T23:40:41.000Z
2026-04-10 16:45:27,Disneyland,Tomorrowland,276,Finding Nemo Submarine Voyage,25,True,2026-04-10T23:40:41.000Z
2026-04-10 16:45:27,Disneyland,Tomorrowland,284,Space Mountain,70,True,2026-04-10T23:40:41.000Z
2026-04-10 16:45:27,Disneyland,Tomorrowland,286,Star Tours - The Adventures Continue,20,True,2026-04-10T23:40:41.000Z
2026-04-10 16:45:27,Disney California Adventure,Avengers Campus,329,Guardians of the Galaxy - Mission: BREAKOUT!,300,True,2026-04-10T23:40:41.000Z
2026-04-10 16:45:27,Disney California Adventure,Avengers Campus,8843,WEB SLINGERS: A Spider-Man Adventure,70,True,2026-04-10T23:40:41.000Z
2026-04-10 16:45:27,Disney California Adventure,Avengers Campus,10907,WEB SLINGERS: A Spider-Man Adventure Single Rider,0,True,2026-04-10T23:40:41.000Z
2026-04-10 16:45:27,Disney California Adventure,Cars Land,13961,Luigi's Rollickin' Roadsters,50,True,2026-04-10T23:40:41.000Z
2026-04-10 16:45:27,Disney California Adventure,Cars Land,315,Mater's Junkyard Jamboree,25,True,2026-04-10T23:40:41.000Z
2026-04-10 16:45:27,Disney California Adventure,Cars Land,295,Radiator Springs Racers,140,True,2026-04-10T23:40:41.000Z
2026-04-10 16:45:27,Disney California Adventure,Cars Land,10904,Radiator Springs Racers Single Rider,0,True,2026-04-10T23:40:41.000Z
2026-04-10 16:45:27,Disney California Adventure,Grizzly Peak,302,Grizzly River Run,35,True,2026-04-10T23:40:41.000Z
2026-04-10 16:45:27,Disney California Adventure,Grizzly Peak,293,Redwood Creek Challenge Trail,5,True,2026-04-10T23:40:41.000Z
2026-04-10 16:45:27,Disney California Adventure,Grizzly Peak,312,Soarin' Over California,65,True,2026-04-10T23:40:41.000Z
2026-04-10 16:45:27,Disney California Adventure,Hollywood Land,321,Animation Academy,0,True,2026-04-10T23:40:41.000Z
2026-04-10 16:45:27,Disney California Adventure,Hollywood Land,6440,Mickey's PhilharMagic,10,True,2026-04-10T23:40:41.000Z
2026-04-10 16:45:27,Disney California Adventure,Hollywood Land,291,"Monsters, Inc. Mike & Sulley to the Rescue!",60,True,2026-04-10T23:40:41.000Z
2026-04-10 16:45:27,Disney California Adventure,Hollywood Land,868,Sorcerer's Workshop,0,False,2026-04-10T23:40:41.000Z
2026-04-10 16:45:27,Disney California Adventure,Hollywood Land,294,Turtle Talk with Crush,0,True,2026-04-10T23:40:41.000Z
2026-04-10 16:45:27,Disney California Adventure,Paradise Gardens Park,298,Golden Zephyr,0,False,2026-04-10T23:40:41.000Z
2026-04-10 16:45:27,Disney California Adventure,Paradise Gardens Park,319,Goofy's Sky School,55,True,2026-04-10T23:40:41.000Z
2026-04-10 16:45:27,Disney California Adventure,Paradise Gardens Park,301,Silly Symphony Swings,25,True,2026-04-10T23:40:41.000Z
2026-04-10 16:45:27,Disney California Adventure,Paradise Gardens Park,10905,Silly Symphony Swings Single Rider,0,True,2026-04-10T23:40:41.000Z
2026-04-10 16:45:27,Disney California Adventure,Paradise Gardens Park,316,The Little Mermaid - Ariel's Undersea Adventure,25,True,2026-04-10T23:40:41.000Z
2026-04-10 16:45:27,Disney California Adventure,Paradise Gardens Park,14742,World of Color Happiness!,0,True,2026-04-10T23:40:41.000Z
2026-04-10 16:45:27,Disney California Adventure,Pixar Pier,13960,Games of Pixar Pier,0,True,2026-04-10T23:40:41.000Z
2026-04-10 16:45:27,Disney California Adventure,Pixar Pier,322,Incredicoaster,60,True,2026-04-10T23:40:41.000Z
2026-04-10 16:45:27,Disney California Adventure,Pixar Pier,10906,Incredicoaster Single Rider,0,True,2026-04-10T23:40:41.000Z
2026-04-10 16:45:27,Disney California Adventure,Pixar Pier,6643,Inside Out Emotional Whirlwind,0,False,2026-04-10T23:40:41.000Z
2026-04-10 16:45:27,Disney California Adventure,Pixar Pier,310,Jessie's Critter Carousel,15,True,2026-04-10T23:40:41.000Z
2026-04-10 16:45:27,Disney California Adventure,Pixar Pier,300,Jumpin' Jellyfish,10,True,2026-04-10T23:40:41.000Z
2026-04-10 16:45:27,Disney California Adventure,Pixar Pier,311,Pixar Pal-A-Round - Swinging,60,True,2026-04-10T23:40:41.000Z
2026-04-10 16:45:27,Disney California Adventure,Pixar Pier,5557,Pixar Pal-A-Round – Non-Swinging,60,True,2026-04-10T23:40:41.000Z
2026-04-10 16:45:27,Disney California Adventure,Pixar Pier,313,Toy Story Midway Mania!,0,False,2026-04-10T23:40:41.000Z
2026-04-10 16:45:27,Disney California Adventure,San Fransokyo Square,13959,The Bakery Tour,0,True,2026-04-10T23:40:41.000Z
2026-04-10 16:50:29,Disneyland,Adventureland,12428,Adventureland Treehouse inspired by Walt Disney’s Swiss Family Robinson,0,True,2026-04-10T23:45:34.000Z
2026-04-10 16:50:29,Disneyland,Adventureland,326,Indiana Jones™ Adventure,75,True,2026-04-10T23:45:34.000Z
2026-04-10 16:50:29,Disneyland,Adventureland,296,Jungle Cruise,0,False,2026-04-10T23:45:34.000Z
2026-04-10 16:50:29,Disneyland,Adventureland,288,Walt Disney's Enchanted Tiki Room,0,True,2026-04-10T23:45:34.000Z
2026-04-10 16:50:29,Disneyland,Bayou Country,304,Davy Crockett's Explorer Canoes,15,True,2026-04-10T23:45:34.000Z
2026-04-10 16:50:29,Disneyland,Bayou Country,306,The Many Adventures of Winnie the Pooh,20,True,2026-04-10T23:45:34.000Z
2026-04-10 16:50:29,Disneyland,Bayou Country,14168,Tiana's Bayou Adventure,90,True,2026-04-10T23:45:34.000Z
2026-04-10 16:50:29,Disneyland,Bayou Country,14326,Tiana's Bayou Adventure Single Rider,0,True,2026-04-10T23:45:34.000Z
2026-04-10 16:50:29,Disneyland,Fantasyland,307,"""it's a small world""",25,True,2026-04-10T23:45:34.000Z
2026-04-10 16:50:29,Disneyland,Fantasyland,285,Alice in Wonderland,0,False,2026-04-10T23:45:34.000Z
2026-04-10 16:50:29,Disneyland,Fantasyland,303,Casey Jr. Circus Train,15,True,2026-04-10T23:45:34.000Z
2026-04-10 16:50:29,Disneyland,Fantasyland,275,Dumbo the Flying Elephant,20,True,2026-04-10T23:45:34.000Z
2026-04-10 16:50:29,Disneyland,Fantasyland,277,King Arthur Carrousel,5,True,2026-04-10T23:45:34.000Z
2026-04-10 16:50:29,Disneyland,Fantasyland,278,Mad Tea Party,15,True,2026-04-10T23:45:34.000Z
2026-04-10 16:50:29,Disneyland,Fantasyland,279,Matterhorn Bobsleds,40,True,2026-04-10T23:45:34.000Z
2026-04-10 16:50:29,Disneyland,Fantasyland,6711,Meet Disney Princesses at Royal Hall,45,True,2026-04-10T23:45:34.000Z
2026-04-10 16:50:29,Disneyland,Fantasyland,280,Mr. Toad's Wild Ride,20,True,2026-04-10T23:45:34.000Z
2026-04-10 16:50:29,Disneyland,Fantasyland,281,Peter Pan's Flight,35,True,2026-04-10T23:45:34.000Z
2026-04-10 16:50:29,Disneyland,Fantasyland,282,Pinocchio's Daring Journey,15,True,2026-04-10T23:45:34.000Z
2026-04-10 16:50:29,Disneyland,Fantasyland,687,Sleeping Beauty Castle Walkthrough,0,False,2026-04-10T23:45:34.000Z
2026-04-10 16:50:29,Disneyland,Fantasyland,283,Snow White's Enchanted Wish,15,True,2026-04-10T23:45:34.000Z
2026-04-10 16:50:29,Disneyland,Fantasyland,305,Storybook Land Canal Boats,20,True,2026-04-10T23:45:34.000Z
2026-04-10 16:50:29,Disneyland,Frontierland,323,Big Thunder Mountain Railroad,50,True,2026-04-10T23:45:34.000Z
2026-04-10 16:50:29,Disneyland,Frontierland,679,Frontierland Shootin' Exposition,0,True,2026-04-10T23:45:34.000Z
2026-04-10 16:50:29,Disneyland,Frontierland,456,Mark Twain Riverboat,10,True,2026-04-10T23:45:34.000Z
2026-04-10 16:50:29,Disneyland,Frontierland,331,Pirate's Lair on Tom Sawyer Island,5,True,2026-04-10T23:45:34.000Z
2026-04-10 16:50:29,Disneyland,Frontierland,328,Sailing Ship Columbia,0,False,2026-04-10T23:45:34.000Z
2026-04-10 16:50:29,Disneyland,Main Street U.S.A,674,Disneyland Railroad,15,True,2026-04-10T23:45:34.000Z
2026-04-10 16:50:29,Disneyland,Main Street U.S.A,690,Great Moments with Mr. Lincoln,0,False,2026-04-10T23:45:34.000Z
2026-04-10 16:50:29,Disneyland,Main Street U.S.A,686,Main Street Cinema,0,True,2026-04-10T23:45:34.000Z
2026-04-10 16:50:29,Disneyland,Main Street U.S.A,691,Main Street Vehicles,0,True,2026-04-10T23:45:34.000Z
2026-04-10 16:50:29,Disneyland,Main Street U.S.A,14915,Opera House - Walt Disney - A Magical Life,0,True,2026-04-10T23:45:34.000Z
2026-04-10 16:50:29,Disneyland,Main Street U.S.A,695,The Disney Gallery,0,True,2026-04-10T23:45:34.000Z
2026-04-10 16:50:29,Disneyland,Main Street U.S.A,14923,Walt Disney - A Magical Life,0,True,2026-04-10T23:45:34.000Z
2026-04-10 16:50:29,Disneyland,Mickey's Toontown,324,Chip 'n' Dale's GADGETcoaster,40,True,2026-04-10T23:45:34.000Z
2026-04-10 16:50:29,Disneyland,Mickey's Toontown,13814,Donald's Duck Pond,0,True,2026-04-10T23:45:34.000Z
2026-04-10 16:50:29,Disneyland,Mickey's Toontown,11980,Goofy's How-to-Play Yard,0,True,2026-04-10T23:45:34.000Z
2026-04-10 16:50:29,Disneyland,Mickey's Toontown,11526,Mickey & Minnie's Runaway Railway,50,True,2026-04-10T23:45:34.000Z
2026-04-10 16:50:29,Disneyland,Mickey's Toontown,709,Mickey's House and Meet Mickey Mouse,20,True,2026-04-10T23:45:34.000Z
2026-04-10 16:50:29,Disneyland,Mickey's Toontown,327,Mickey's House and Meet Mickey Mouse,0,False,2026-04-10T23:45:34.000Z
2026-04-10 16:50:29,Disneyland,Mickey's Toontown,684,Minnie's House,0,True,2026-04-10T23:45:34.000Z
2026-04-10 16:50:29,Disneyland,Mickey's Toontown,332,Roger Rabbit's Car Toon Spin,0,False,2026-04-10T23:45:34.000Z
2026-04-10 16:50:29,Disneyland,New Orleans Square,13958,Haunted Mansion,45,True,2026-04-10T23:45:34.000Z
2026-04-10 16:50:29,Disneyland,New Orleans Square,289,Pirates of the Caribbean,30,True,2026-04-10T23:45:34.000Z
2026-04-10 16:50:29,Disneyland,Star Wars: Galaxy's Edge,6339,Millennium Falcon: Smugglers Run,35,True,2026-04-10T23:45:34.000Z
2026-04-10 16:50:29,Disneyland,Star Wars: Galaxy's Edge,10903,Millennium Falcon: Smugglers Run Single Rider,0,True,2026-04-10T23:45:34.000Z
2026-04-10 16:50:29,Disneyland,Star Wars: Galaxy's Edge,6340,Star Wars: Rise of the Resistance,90,True,2026-04-10T23:45:34.000Z
2026-04-10 16:50:29,Disneyland,Tomorrowland,287,Astro Orbitor,45,True,2026-04-10T23:45:34.000Z
2026-04-10 16:50:29,Disneyland,Tomorrowland,317,Autopia,45,True,2026-04-10T23:45:34.000Z
2026-04-10 16:50:29,Disneyland,Tomorrowland,273,Buzz Lightyear Astro Blasters,30,True,2026-04-10T23:45:34.000Z
2026-04-10 16:50:29,Disneyland,Tomorrowland,274,Disneyland Monorail,0,False,2026-04-10T23:45:34.000Z
2026-04-10 16:50:29,Disneyland,Tomorrowland,276,Finding Nemo Submarine Voyage,25,True,2026-04-10T23:45:34.000Z
2026-04-10 16:50:29,Disneyland,Tomorrowland,284,Space Mountain,65,True,2026-04-10T23:45:34.000Z
2026-04-10 16:50:29,Disneyland,Tomorrowland,286,Star Tours - The Adventures Continue,20,True,2026-04-10T23:45:34.000Z
2026-04-10 16:50:29,Disney California Adventure,Avengers Campus,329,Guardians of the Galaxy - Mission: BREAKOUT!,125,True,2026-04-10T23:45:39.000Z
2026-04-10 16:50:29,Disney California Adventure,Avengers Campus,8843,WEB SLINGERS: A Spider-Man Adventure,70,True,2026-04-10T23:45:39.000Z
2026-04-10 16:50:29,Disney California Adventure,Avengers Campus,10907,WEB SLINGERS: A Spider-Man Adventure Single Rider,0,True,2026-04-10T23:45:39.000Z
2026-04-10 16:50:29,Disney California Adventure,Cars Land,13961,Luigi's Rollickin' Roadsters,50,True,2026-04-10T23:45:39.000Z
2026-04-10 16:50:29,Disney California Adventure,Cars Land,315,Mater's Junkyard Jamboree,25,True,2026-04-10T23:45:39.000Z
2026-04-10 16:50:29,Disney California Adventure,Cars Land,295,Radiator Springs Racers,140,True,2026-04-10T23:45:39.000Z
2026-04-10 16:50:29,Disney California Adventure,Cars Land,10904,Radiator Springs Racers Single Rider,0,True,2026-04-10T23:45:39.000Z
2026-04-10 16:50:29,Disney California Adventure,Grizzly Peak,302,Grizzly River Run,35,True,2026-04-10T23:45:39.000Z
2026-04-10 16:50:29,Disney California Adventure,Grizzly Peak,293,Redwood Creek Challenge Trail,5,True,2026-04-10T23:45:39.000Z
2026-04-10 16:50:29,Disney California Adventure,Grizzly Peak,312,Soarin' Over California,65,True,2026-04-10T23:45:39.000Z
2026-04-10 16:50:29,Disney California Adventure,Hollywood Land,321,Animation Academy,0,True,2026-04-10T23:45:39.000Z
2026-04-10 16:50:29,Disney California Adventure,Hollywood Land,6440,Mickey's PhilharMagic,10,True,2026-04-10T23:45:39.000Z
2026-04-10 16:50:29,Disney California Adventure,Hollywood Land,291,"Monsters, Inc. Mike & Sulley to the Rescue!",60,True,2026-04-10T23:45:39.000Z
2026-04-10 16:50:29,Disney California Adventure,Hollywood Land,868,Sorcerer's Workshop,0,False,2026-04-10T23:45:39.000Z
2026-04-10 16:50:29,Disney California Adventure,Hollywood Land,294,Turtle Talk with Crush,0,True,2026-04-10T23:45:39.000Z
2026-04-10 16:50:29,Disney California Adventure,Paradise Gardens Park,298,Golden Zephyr,0,False,2026-04-10T23:45:39.000Z
2026-04-10 16:50:29,Disney California Adventure,Paradise Gardens Park,319,Goofy's Sky School,55,True,2026-04-10T23:45:39.000Z
2026-04-10 16:50:29,Disney California Adventure,Paradise Gardens Park,301,Silly Symphony Swings,20,True,2026-04-10T23:45:39.000Z
2026-04-10 16:50:29,Disney California Adventure,Paradise Gardens Park,10905,Silly Symphony Swings Single Rider,0,True,2026-04-10T23:45:39.000Z
2026-04-10 16:50:29,Disney California Adventure,Paradise Gardens Park,316,The Little Mermaid - Ariel's Undersea Adventure,25,True,2026-04-10T23:45:39.000Z
2026-04-10 16:50:29,Disney California Adventure,Paradise Gardens Park,14742,World of Color Happiness!,0,True,2026-04-10T23:45:39.000Z
2026-04-10 16:50:29,Disney California Adventure,Pixar Pier,13960,Games of Pixar Pier,0,True,2026-04-10T23:45:39.000Z
2026-04-10 16:50:29,Disney California Adventure,Pixar Pier,322,Incredicoaster,45,True,2026-04-10T23:45:39.000Z
2026-04-10 16:50:29,Disney California Adventure,Pixar Pier,10906,Incredicoaster Single Rider,0,True,2026-04-10T23:45:39.000Z
2026-04-10 16:50:29,Disney California Adventure,Pixar Pier,6643,Inside Out Emotional Whirlwind,0,False,2026-04-10T23:45:39.000Z
2026-04-10 16:50:29,Disney California Adventure,Pixar Pier,310,Jessie's Critter Carousel,15,True,2026-04-10T23:45:39.000Z
2026-04-10 16:50:29,Disney California Adventure,Pixar Pier,300,Jumpin' Jellyfish,10,True,2026-04-10T23:45:39.000Z
2026-04-10 16:50:29,Disney California Adventure,Pixar Pier,311,Pixar Pal-A-Round - Swinging,60,True,2026-04-10T23:45:39.000Z
2026-04-10 16:50:29,Disney California Adventure,Pixar Pier,5557,Pixar Pal-A-Round – Non-Swinging,60,True,2026-04-10T23:45:39.000Z
2026-04-10 16:50:29,Disney California Adventure,Pixar Pier,313,Toy Story Midway Mania!,0,False,2026-04-10T23:45:39.000Z
2026-04-10 16:50:29,Disney California Adventure,San Fransokyo Square,13959,The Bakery Tour,0,True,2026-04-10T23:45:39.000Z
2026-04-10 16:55:28,Disneyland,Adventureland,12428,Adventureland Treehouse inspired by Walt Disney’s Swiss Family Robinson,0,True,2026-04-10T23:50:49.000Z
2026-04-10 16:55:28,Disneyland,Adventureland,326,Indiana Jones™ Adventure,65,True,2026-04-10T23:50:49.000Z
2026-04-10 16:55:28,Disneyland,Adventureland,296,Jungle Cruise,0,False,2026-04-10T23:50:49.000Z
2026-04-10 16:55:28,Disneyland,Adventureland,288,Walt Disney's Enchanted Tiki Room,0,True,2026-04-10T23:50:49.000Z
2026-04-10 16:55:28,Disneyland,Bayou Country,304,Davy Crockett's Explorer Canoes,15,True,2026-04-10T23:50:49.000Z
2026-04-10 16:55:28,Disneyland,Bayou Country,306,The Many Adventures of Winnie the Pooh,20,True,2026-04-10T23:50:49.000Z
2026-04-10 16:55:28,Disneyland,Bayou Country,14168,Tiana's Bayou Adventure,90,True,2026-04-10T23:50:49.000Z
2026-04-10 16:55:28,Disneyland,Bayou Country,14326,Tiana's Bayou Adventure Single Rider,0,True,2026-04-10T23:50:49.000Z
2026-04-10 16:55:28,Disneyland,Fantasyland,307,"""it's a small world""",25,True,2026-04-10T23:50:49.000Z
2026-04-10 16:55:28,Disneyland,Fantasyland,285,Alice in Wonderland,40,True,2026-04-10T23:50:49.000Z
2026-04-10 16:55:28,Disneyland,Fantasyland,303,Casey Jr. Circus Train,15,True,2026-04-10T23:50:49.000Z
2026-04-10 16:55:28,Disneyland,Fantasyland,275,Dumbo the Flying Elephant,20,True,2026-04-10T23:50:49.000Z
2026-04-10 16:55:28,Disneyland,Fantasyland,277,King Arthur Carrousel,5,True,2026-04-10T23:50:49.000Z
2026-04-10 16:55:28,Disneyland,Fantasyland,278,Mad Tea Party,15,True,2026-04-10T23:50:49.000Z
2026-04-10 16:55:28,Disneyland,Fantasyland,279,Matterhorn Bobsleds,45,True,2026-04-10T23:50:49.000Z
2026-04-10 16:55:28,Disneyland,Fantasyland,6711,Meet Disney Princesses at Royal Hall,45,True,2026-04-10T23:50:49.000Z
2026-04-10 16:55:28,Disneyland,Fantasyland,280,Mr. Toad's Wild Ride,20,True,2026-04-10T23:50:49.000Z
2026-04-10 16:55:28,Disneyland,Fantasyland,281,Peter Pan's Flight,40,True,2026-04-10T23:50:49.000Z
2026-04-10 16:55:28,Disneyland,Fantasyland,282,Pinocchio's Daring Journey,15,True,2026-04-10T23:50:49.000Z
2026-04-10 16:55:28,Disneyland,Fantasyland,687,Sleeping Beauty Castle Walkthrough,0,False,2026-04-10T23:50:49.000Z
2026-04-10 16:55:28,Disneyland,Fantasyland,283,Snow White's Enchanted Wish,15,True,2026-04-10T23:50:49.000Z
2026-04-10 16:55:28,Disneyland,Fantasyland,305,Storybook Land Canal Boats,20,True,2026-04-10T23:50:49.000Z
2026-04-10 16:55:28,Disneyland,Frontierland,323,Big Thunder Mountain Railroad,70,True,2026-04-10T23:50:49.000Z
2026-04-10 16:55:28,Disneyland,Frontierland,679,Frontierland Shootin' Exposition,0,True,2026-04-10T23:50:49.000Z
2026-04-10 16:55:28,Disneyland,Frontierland,456,Mark Twain Riverboat,10,True,2026-04-10T23:50:49.000Z
2026-04-10 16:55:28,Disneyland,Frontierland,331,Pirate's Lair on Tom Sawyer Island,5,True,2026-04-10T23:50:49.000Z
2026-04-10 16:55:28,Disneyland,Frontierland,328,Sailing Ship Columbia,0,False,2026-04-10T23:50:49.000Z
2026-04-10 16:55:28,Disneyland,Main Street U.S.A,674,Disneyland Railroad,15,True,2026-04-10T23:50:49.000Z
2026-04-10 16:55:28,Disneyland,Main Street U.S.A,690,Great Moments with Mr. Lincoln,0,False,2026-04-10T23:50:49.000Z
2026-04-10 16:55:28,Disneyland,Main Street U.S.A,686,Main Street Cinema,0,True,2026-04-10T23:50:49.000Z
2026-04-10 16:55:28,Disneyland,Main Street U.S.A,691,Main Street Vehicles,0,True,2026-04-10T23:50:49.000Z
2026-04-10 16:55:28,Disneyland,Main Street U.S.A,14915,Opera House - Walt Disney - A Magical Life,0,True,2026-04-10T23:50:49.000Z
2026-04-10 16:55:28,Disneyland,Main Street U.S.A,695,The Disney Gallery,0,True,2026-04-10T23:50:49.000Z
2026-04-10 16:55:28,Disneyland,Main Street U.S.A,14923,Walt Disney - A Magical Life,0,True,2026-04-10T23:50:49.000Z
2026-04-10 16:55:28,Disneyland,Mickey's Toontown,324,Chip 'n' Dale's GADGETcoaster,40,True,2026-04-10T23:50:49.000Z
2026-04-10 16:55:28,Disneyland,Mickey's Toontown,13814,Donald's Duck Pond,0,True,2026-04-10T23:50:49.000Z
2026-04-10 16:55:28,Disneyland,Mickey's Toontown,11980,Goofy's How-to-Play Yard,0,True,2026-04-10T23:50:49.000Z
2026-04-10 16:55:28,Disneyland,Mickey's Toontown,11526,Mickey & Minnie's Runaway Railway,50,True,2026-04-10T23:50:49.000Z
2026-04-10 16:55:28,Disneyland,Mickey's Toontown,709,Mickey's House and Meet Mickey Mouse,20,True,2026-04-10T23:50:49.000Z
2026-04-10 16:55:28,Disneyland,Mickey's Toontown,327,Mickey's House and Meet Mickey Mouse,0,False,2026-04-10T23:50:49.000Z
2026-04-10 16:55:28,Disneyland,Mickey's Toontown,684,Minnie's House,0,True,2026-04-10T23:50:49.000Z
2026-04-10 16:55:28,Disneyland,Mickey's Toontown,332,Roger Rabbit's Car Toon Spin,0,False,2026-04-10T23:50:49.000Z
2026-04-10 16:55:28,Disneyland,New Orleans Square,13958,Haunted Mansion,45,True,2026-04-10T23:50:49.000Z
2026-04-10 16:55:28,Disneyland,New Orleans Square,289,Pirates of the Caribbean,20,True,2026-04-10T23:50:49.000Z
2026-04-10 16:55:28,Disneyland,Star Wars: Galaxy's Edge,6339,Millennium Falcon: Smugglers Run,35,True,2026-04-10T23:50:49.000Z
2026-04-10 16:55:28,Disneyland,Star Wars: Galaxy's Edge,10903,Millennium Falcon: Smugglers Run Single Rider,0,True,2026-04-10T23:50:49.000Z
2026-04-10 16:55:28,Disneyland,Star Wars: Galaxy's Edge,6340,Star Wars: Rise of the Resistance,90,True,2026-04-10T23:50:49.000Z
2026-04-10 16:55:28,Disneyland,Tomorrowland,287,Astro Orbitor,45,True,2026-04-10T23:50:49.000Z
2026-04-10 16:55:28,Disneyland,Tomorrowland,317,Autopia,25,True,2026-04-10T23:50:49.000Z
2026-04-10 16:55:28,Disneyland,Tomorrowland,273,Buzz Lightyear Astro Blasters,30,True,2026-04-10T23:50:49.000Z
2026-04-10 16:55:28,Disneyland,Tomorrowland,274,Disneyland Monorail,0,False,2026-04-10T23:50:49.000Z
2026-04-10 16:55:28,Disneyland,Tomorrowland,276,Finding Nemo Submarine Voyage,25,True,2026-04-10T23:50:49.000Z
2026-04-10 16:55:28,Disneyland,Tomorrowland,284,Space Mountain,65,True,2026-04-10T23:50:49.000Z
2026-04-10 16:55:28,Disneyland,Tomorrowland,286,Star Tours - The Adventures Continue,20,True,2026-04-10T23:50:49.000Z
2026-04-10 16:55:28,Disney California Adventure,Avengers Campus,329,Guardians of the Galaxy - Mission: BREAKOUT!,125,True,2026-04-10T23:50:49.000Z
2026-04-10 16:55:28,Disney California Adventure,Avengers Campus,8843,WEB SLINGERS: A Spider-Man Adventure,70,True,2026-04-10T23:50:49.000Z
2026-04-10 16:55:28,Disney California Adventure,Avengers Campus,10907,WEB SLINGERS: A Spider-Man Adventure Single Rider,0,True,2026-04-10T23:50:49.000Z
2026-04-10 16:55:28,Disney California Adventure,Cars Land,13961,Luigi's Rollickin' Roadsters,50,True,2026-04-10T23:50:49.000Z
2026-04-10 16:55:28,Disney California Adventure,Cars Land,315,Mater's Junkyard Jamboree,25,True,2026-04-10T23:50:49.000Z
2026-04-10 16:55:28,Disney California Adventure,Cars Land,295,Radiator Springs Racers,140,True,2026-04-10T23:50:49.000Z
2026-04-10 16:55:28,Disney California Adventure,Cars Land,10904,Radiator Springs Racers Single Rider,0,True,2026-04-10T23:50:49.000Z
2026-04-10 16:55:28,Disney California Adventure,Grizzly Peak,302,Grizzly River Run,35,True,2026-04-10T23:50:49.000Z
2026-04-10 16:55:28,Disney California Adventure,Grizzly Peak,293,Redwood Creek Challenge Trail,5,True,2026-04-10T23:50:49.000Z
2026-04-10 16:55:28,Disney California Adventure,Grizzly Peak,312,Soarin' Over California,65,True,2026-04-10T23:50:49.000Z
2026-04-10 16:55:28,Disney California Adventure,Hollywood Land,321,Animation Academy,0,True,2026-04-10T23:50:49.000Z
2026-04-10 16:55:28,Disney California Adventure,Hollywood Land,6440,Mickey's PhilharMagic,10,True,2026-04-10T23:50:49.000Z
2026-04-10 16:55:28,Disney California Adventure,Hollywood Land,291,"Monsters, Inc. Mike & Sulley to the Rescue!",60,True,2026-04-10T23:50:49.000Z
2026-04-10 16:55:28,Disney California Adventure,Hollywood Land,868,Sorcerer's Workshop,0,False,2026-04-10T23:50:49.000Z
2026-04-10 16:55:28,Disney California Adventure,Hollywood Land,294,Turtle Talk with Crush,0,True,2026-04-10T23:50:49.000Z
2026-04-10 16:55:28,Disney California Adventure,Paradise Gardens Park,298,Golden Zephyr,0,False,2026-04-10T23:50:49.000Z
2026-04-10 16:55:28,Disney California Adventure,Paradise Gardens Park,319,Goofy's Sky School,55,True,2026-04-10T23:50:49.000Z
2026-04-10 16:55:28,Disney California Adventure,Paradise Gardens Park,301,Silly Symphony Swings,25,True,2026-04-10T23:50:49.000Z
2026-04-10 16:55:28,Disney California Adventure,Paradise Gardens Park,10905,Silly Symphony Swings Single Rider,0,True,2026-04-10T23:50:49.000Z
2026-04-10 16:55:28,Disney California Adventure,Paradise Gardens Park,316,The Little Mermaid - Ariel's Undersea Adventure,25,True,2026-04-10T23:50:49.000Z
2026-04-10 16:55:28,Disney California Adventure,Paradise Gardens Park,14742,World of Color Happiness!,0,True,2026-04-10T23:50:49.000Z
2026-04-10 16:55:28,Disney California Adventure,Pixar Pier,13960,Games of Pixar Pier,0,True,2026-04-10T23:50:49.000Z
2026-04-10 16:55:28,Disney California Adventure,Pixar Pier,322,Incredicoaster,45,True,2026-04-10T23:50:49.000Z
2026-04-10 16:55:28,Disney California Adventure,Pixar Pier,10906,Incredicoaster Single Rider,0,True,2026-04-10T23:50:49.000Z
2026-04-10 16:55:28,Disney California Adventure,Pixar Pier,6643,Inside Out Emotional Whirlwind,0,False,2026-04-10T23:50:49.000Z
2026-04-10 16:55:28,Disney California Adventure,Pixar Pier,310,Jessie's Critter Carousel,15,True,2026-04-10T23:50:49.000Z
2026-04-10 16:55:28,Disney California Adventure,Pixar Pier,300,Jumpin' Jellyfish,10,True,2026-04-10T23:50:49.000Z
2026-04-10 16:55:28,Disney California Adventure,Pixar Pier,311,Pixar Pal-A-Round - Swinging,60,True,2026-04-10T23:50:49.000Z
2026-04-10 16:55:28,Disney California Adventure,Pixar Pier,5557,Pixar Pal-A-Round – Non-Swinging,60,True,2026-04-10T23:50:49.000Z
2026-04-10 16:55:28,Disney California Adventure,Pixar Pier,313,Toy Story Midway Mania!,0,False,2026-04-10T23:50:49.000Z
2026-04-10 16:55:28,Disney California Adventure,San Fransokyo Square,13959,The Bakery Tour,0,True,2026-04-10T23:50:49.000Z
2026-04-10 17:00:30,Disneyland,Adventureland,12428,Adventureland Treehouse inspired by Walt Disney’s Swiss Family Robinson,0,True,2026-04-10T23:55:38.000Z
2026-04-10 17:00:30,Disneyland,Adventureland,326,Indiana Jones™ Adventure,55,True,2026-04-10T23:55:38.000Z
2026-04-10 17:00:30,Disneyland,Adventureland,296,Jungle Cruise,0,False,2026-04-10T23:55:38.000Z
2026-04-10 17:00:30,Disneyland,Adventureland,288,Walt Disney's Enchanted Tiki Room,0,True,2026-04-10T23:55:38.000Z
2026-04-10 17:00:30,Disneyland,Bayou Country,304,Davy Crockett's Explorer Canoes,15,True,2026-04-10T23:55:38.000Z
2026-04-10 17:00:30,Disneyland,Bayou Country,306,The Many Adventures of Winnie the Pooh,20,True,2026-04-10T23:55:38.000Z
2026-04-10 17:00:30,Disneyland,Bayou Country,14168,Tiana's Bayou Adventure,90,True,2026-04-10T23:55:38.000Z
2026-04-10 17:00:30,Disneyland,Bayou Country,14326,Tiana's Bayou Adventure Single Rider,0,True,2026-04-10T23:55:38.000Z
2026-04-10 17:00:30,Disneyland,Fantasyland,307,"""it's a small world""",25,True,2026-04-10T23:55:38.000Z
2026-04-10 17:00:30,Disneyland,Fantasyland,285,Alice in Wonderland,40,True,2026-04-10T23:55:38.000Z
2026-04-10 17:00:30,Disneyland,Fantasyland,303,Casey Jr. Circus Train,15,True,2026-04-10T23:55:38.000Z
2026-04-10 17:00:30,Disneyland,Fantasyland,275,Dumbo the Flying Elephant,20,True,2026-04-10T23:55:38.000Z
2026-04-10 17:00:30,Disneyland,Fantasyland,277,King Arthur Carrousel,5,True,2026-04-10T23:55:38.000Z
2026-04-10 17:00:30,Disneyland,Fantasyland,278,Mad Tea Party,15,True,2026-04-10T23:55:38.000Z
2026-04-10 17:00:30,Disneyland,Fantasyland,279,Matterhorn Bobsleds,50,True,2026-04-10T23:55:38.000Z
2026-04-10 17:00:30,Disneyland,Fantasyland,6711,Meet Disney Princesses at Royal Hall,45,True,2026-04-10T23:55:38.000Z
2026-04-10 17:00:30,Disneyland,Fantasyland,280,Mr. Toad's Wild Ride,20,True,2026-04-10T23:55:38.000Z
2026-04-10 17:00:30,Disneyland,Fantasyland,281,Peter Pan's Flight,40,True,2026-04-10T23:55:38.000Z
2026-04-10 17:00:30,Disneyland,Fantasyland,282,Pinocchio's Daring Journey,15,True,2026-04-10T23:55:38.000Z
2026-04-10 17:00:30,Disneyland,Fantasyland,687,Sleeping Beauty Castle Walkthrough,0,False,2026-04-10T23:55:38.000Z
2026-04-10 17:00:30,Disneyland,Fantasyland,283,Snow White's Enchanted Wish,15,True,2026-04-10T23:55:38.000Z
2026-04-10 17:00:30,Disneyland,Fantasyland,305,Storybook Land Canal Boats,15,True,2026-04-10T23:55:38.000Z
2026-04-10 17:00:30,Disneyland,Frontierland,323,Big Thunder Mountain Railroad,60,True,2026-04-10T23:55:38.000Z
2026-04-10 17:00:30,Disneyland,Frontierland,679,Frontierland Shootin' Exposition,0,True,2026-04-10T23:55:38.000Z
2026-04-10 17:00:30,Disneyland,Frontierland,456,Mark Twain Riverboat,10,True,2026-04-10T23:55:38.000Z
2026-04-10 17:00:30,Disneyland,Frontierland,331,Pirate's Lair on Tom Sawyer Island,5,True,2026-04-10T23:55:38.000Z
2026-04-10 17:00:30,Disneyland,Frontierland,328,Sailing Ship Columbia,0,False,2026-04-10T23:55:38.000Z
2026-04-10 17:00:30,Disneyland,Main Street U.S.A,674,Disneyland Railroad,15,True,2026-04-10T23:55:38.000Z
2026-04-10 17:00:30,Disneyland,Main Street U.S.A,690,Great Moments with Mr. Lincoln,0,False,2026-04-10T23:55:38.000Z
2026-04-10 17:00:30,Disneyland,Main Street U.S.A,686,Main Street Cinema,0,True,2026-04-10T23:55:38.000Z
2026-04-10 17:00:30,Disneyland,Main Street U.S.A,691,Main Street Vehicles,0,True,2026-04-10T23:55:38.000Z
2026-04-10 17:00:30,Disneyland,Main Street U.S.A,14915,Opera House - Walt Disney - A Magical Life,0,True,2026-04-10T23:55:38.000Z
2026-04-10 17:00:30,Disneyland,Main Street U.S.A,695,The Disney Gallery,0,True,2026-04-10T23:55:38.000Z
2026-04-10 17:00:30,Disneyland,Main Street U.S.A,14923,Walt Disney - A Magical Life,0,True,2026-04-10T23:55:38.000Z
2026-04-10 17:00:30,Disneyland,Mickey's Toontown,324,Chip 'n' Dale's GADGETcoaster,40,True,2026-04-10T23:55:38.000Z
2026-04-10 17:00:30,Disneyland,Mickey's Toontown,13814,Donald's Duck Pond,0,True,2026-04-10T23:55:38.000Z
2026-04-10 17:00:30,Disneyland,Mickey's Toontown,11980,Goofy's How-to-Play Yard,0,True,2026-04-10T23:55:38.000Z
2026-04-10 17:00:30,Disneyland,Mickey's Toontown,11526,Mickey & Minnie's Runaway Railway,45,True,2026-04-10T23:55:38.000Z
2026-04-10 17:00:30,Disneyland,Mickey's Toontown,709,Mickey's House and Meet Mickey Mouse,20,True,2026-04-10T23:55:38.000Z
2026-04-10 17:00:30,Disneyland,Mickey's Toontown,327,Mickey's House and Meet Mickey Mouse,0,False,2026-04-10T23:55:38.000Z
2026-04-10 17:00:30,Disneyland,Mickey's Toontown,684,Minnie's House,0,True,2026-04-10T23:55:38.000Z
2026-04-10 17:00:30,Disneyland,Mickey's Toontown,332,Roger Rabbit's Car Toon Spin,0,False,2026-04-10T23:55:38.000Z
2026-04-10 17:00:30,Disneyland,New Orleans Square,13958,Haunted Mansion,50,True,2026-04-10T23:55:38.000Z
2026-04-10 17:00:30,Disneyland,New Orleans Square,289,Pirates of the Caribbean,20,True,2026-04-10T23:55:38.000Z
2026-04-10 17:00:30,Disneyland,Star Wars: Galaxy's Edge,6339,Millennium Falcon: Smugglers Run,55,True,2026-04-10T23:55:38.000Z
2026-04-10 17:00:30,Disneyland,Star Wars: Galaxy's Edge,10903,Millennium Falcon: Smugglers Run Single Rider,0,True,2026-04-10T23:55:38.000Z
2026-04-10 17:00:30,Disneyland,Star Wars: Galaxy's Edge,6340,Star Wars: Rise of the Resistance,90,True,2026-04-10T23:55:38.000Z
2026-04-10 17:00:30,Disneyland,Tomorrowland,287,Astro Orbitor,45,True,2026-04-10T23:55:38.000Z
2026-04-10 17:00:30,Disneyland,Tomorrowland,317,Autopia,25,True,2026-04-10T23:55:38.000Z
2026-04-10 17:00:30,Disneyland,Tomorrowland,273,Buzz Lightyear Astro Blasters,25,True,2026-04-10T23:55:38.000Z
2026-04-10 17:00:30,Disneyland,Tomorrowland,274,Disneyland Monorail,0,False,2026-04-10T23:55:38.000Z
2026-04-10 17:00:30,Disneyland,Tomorrowland,276,Finding Nemo Submarine Voyage,25,True,2026-04-10T23:55:38.000Z
2026-04-10 17:00:30,Disneyland,Tomorrowland,284,Space Mountain,65,True,2026-04-10T23:55:38.000Z
2026-04-10 17:00:30,Disneyland,Tomorrowland,286,Star Tours - The Adventures Continue,20,True,2026-04-10T23:55:38.000Z
2026-04-10 17:00:30,Disney California Adventure,Avengers Campus,329,Guardians of the Galaxy - Mission: BREAKOUT!,125,True,2026-04-10T23:55:38.000Z
2026-04-10 17:00:30,Disney California Adventure,Avengers Campus,8843,WEB SLINGERS: A Spider-Man Adventure,70,True,2026-04-10T23:55:38.000Z
2026-04-10 17:00:30,Disney California Adventure,Avengers Campus,10907,WEB SLINGERS: A Spider-Man Adventure Single Rider,0,True,2026-04-10T23:55:38.000Z
2026-04-10 17:00:30,Disney California Adventure,Cars Land,13961,Luigi's Rollickin' Roadsters,50,True,2026-04-10T23:55:38.000Z
2026-04-10 17:00:30,Disney California Adventure,Cars Land,315,Mater's Junkyard Jamboree,25,True,2026-04-10T23:55:38.000Z
2026-04-10 17:00:30,Disney California Adventure,Cars Land,295,Radiator Springs Racers,140,True,2026-04-10T23:55:38.000Z
2026-04-10 17:00:30,Disney California Adventure,Cars Land,10904,Radiator Springs Racers Single Rider,0,True,2026-04-10T23:55:38.000Z
2026-04-10 17:00:30,Disney California Adventure,Grizzly Peak,302,Grizzly River Run,45,True,2026-04-10T23:55:38.000Z
2026-04-10 17:00:30,Disney California Adventure,Grizzly Peak,293,Redwood Creek Challenge Trail,5,True,2026-04-10T23:55:38.000Z
2026-04-10 17:00:30,Disney California Adventure,Grizzly Peak,312,Soarin' Over California,65,True,2026-04-10T23:55:38.000Z
2026-04-10 17:00:30,Disney California Adventure,Hollywood Land,321,Animation Academy,0,True,2026-04-10T23:55:38.000Z
2026-04-10 17:00:30,Disney California Adventure,Hollywood Land,6440,Mickey's PhilharMagic,10,True,2026-04-10T23:55:38.000Z
2026-04-10 17:00:30,Disney California Adventure,Hollywood Land,291,"Monsters, Inc. Mike & Sulley to the Rescue!",75,True,2026-04-10T23:55:38.000Z
2026-04-10 17:00:30,Disney California Adventure,Hollywood Land,868,Sorcerer's Workshop,0,False,2026-04-10T23:55:38.000Z
2026-04-10 17:00:30,Disney California Adventure,Hollywood Land,294,Turtle Talk with Crush,0,True,2026-04-10T23:55:38.000Z
2026-04-10 17:00:30,Disney California Adventure,Paradise Gardens Park,298,Golden Zephyr,0,False,2026-04-10T23:55:38.000Z
2026-04-10 17:00:30,Disney California Adventure,Paradise Gardens Park,319,Goofy's Sky School,65,True,2026-04-10T23:55:38.000Z
2026-04-10 17:00:30,Disney California Adventure,Paradise Gardens Park,301,Silly Symphony Swings,25,True,2026-04-10T23:55:38.000Z
2026-04-10 17:00:30,Disney California Adventure,Paradise Gardens Park,10905,Silly Symphony Swings Single Rider,0,True,2026-04-10T23:55:38.000Z
2026-04-10 17:00:30,Disney California Adventure,Paradise Gardens Park,316,The Little Mermaid - Ariel's Undersea Adventure,25,True,2026-04-10T23:55:38.000Z
2026-04-10 17:00:30,Disney California Adventure,Paradise Gardens Park,14742,World of Color Happiness!,0,True,2026-04-10T23:55:38.000Z
2026-04-10 17:00:30,Disney California Adventure,Pixar Pier,13960,Games of Pixar Pier,0,True,2026-04-10T23:55:38.000Z
2026-04-10 17:00:30,Disney California Adventure,Pixar Pier,322,Incredicoaster,45,True,2026-04-10T23:55:38.000Z
2026-04-10 17:00:30,Disney California Adventure,Pixar Pier,10906,Incredicoaster Single Rider,0,True,2026-04-10T23:55:38.000Z
2026-04-10 17:00:30,Disney California Adventure,Pixar Pier,6643,Inside Out Emotional Whirlwind,0,False,2026-04-10T23:55:38.000Z
2026-04-10 17:00:30,Disney California Adventure,Pixar Pier,310,Jessie's Critter Carousel,15,True,2026-04-10T23:55:38.000Z
2026-04-10 17:00:30,Disney California Adventure,Pixar Pier,300,Jumpin' Jellyfish,10,True,2026-04-10T23:55:38.000Z
2026-04-10 17:00:30,Disney California Adventure,Pixar Pier,311,Pixar Pal-A-Round - Swinging,35,True,2026-04-10T23:55:38.000Z
2026-04-10 17:00:30,Disney California Adventure,Pixar Pier,5557,Pixar Pal-A-Round – Non-Swinging,35,True,2026-04-10T23:55:38.000Z
2026-04-10 17:00:30,Disney California Adventure,Pixar Pier,313,Toy Story Midway Mania!,0,False,2026-04-10T23:55:38.000Z
2026-04-10 17:00:30,Disney California Adventure,San Fransokyo Square,13959,The Bakery Tour,0,True,2026-04-10T23:55:38.000Z
2026-04-10 17:05:26,Disneyland,Adventureland,12428,Adventureland Treehouse inspired by Walt Disney’s Swiss Family Robinson,0,True,2026-04-11T00:01:00.000Z
2026-04-10 17:05:26,Disneyland,Adventureland,326,Indiana Jones™ Adventure,55,True,2026-04-11T00:01:00.000Z
2026-04-10 17:05:26,Disneyland,Adventureland,296,Jungle Cruise,0,False,2026-04-11T00:01:00.000Z
2026-04-10 17:05:26,Disneyland,Adventureland,288,Walt Disney's Enchanted Tiki Room,0,True,2026-04-11T00:01:00.000Z
2026-04-10 17:05:26,Disneyland,Bayou Country,304,Davy Crockett's Explorer Canoes,0,False,2026-04-11T00:01:00.000Z
2026-04-10 17:05:26,Disneyland,Bayou Country,306,The Many Adventures of Winnie the Pooh,20,True,2026-04-11T00:01:00.000Z
2026-04-10 17:05:26,Disneyland,Bayou Country,14168,Tiana's Bayou Adventure,90,True,2026-04-11T00:01:00.000Z
2026-04-10 17:05:26,Disneyland,Bayou Country,14326,Tiana's Bayou Adventure Single Rider,0,True,2026-04-11T00:01:00.000Z
2026-04-10 17:05:26,Disneyland,Fantasyland,307,"""it's a small world""",25,True,2026-04-11T00:01:00.000Z
2026-04-10 17:05:26,Disneyland,Fantasyland,285,Alice in Wonderland,40,True,2026-04-11T00:01:00.000Z
2026-04-10 17:05:26,Disneyland,Fantasyland,303,Casey Jr. Circus Train,15,True,2026-04-11T00:01:00.000Z
2026-04-10 17:05:26,Disneyland,Fantasyland,275,Dumbo the Flying Elephant,20,True,2026-04-11T00:01:00.000Z
2026-04-10 17:05:26,Disneyland,Fantasyland,277,King Arthur Carrousel,5,True,2026-04-11T00:01:00.000Z
2026-04-10 17:05:26,Disneyland,Fantasyland,278,Mad Tea Party,15,True,2026-04-11T00:01:00.000Z
2026-04-10 17:05:26,Disneyland,Fantasyland,279,Matterhorn Bobsleds,50,True,2026-04-11T00:01:00.000Z
2026-04-10 17:05:26,Disneyland,Fantasyland,6711,Meet Disney Princesses at Royal Hall,0,False,2026-04-11T00:01:00.000Z
2026-04-10 17:05:26,Disneyland,Fantasyland,280,Mr. Toad's Wild Ride,20,True,2026-04-11T00:01:00.000Z
2026-04-10 17:05:26,Disneyland,Fantasyland,281,Peter Pan's Flight,40,True,2026-04-11T00:01:00.000Z
2026-04-10 17:05:26,Disneyland,Fantasyland,282,Pinocchio's Daring Journey,0,False,2026-04-11T00:01:00.000Z
2026-04-10 17:05:26,Disneyland,Fantasyland,687,Sleeping Beauty Castle Walkthrough,0,False,2026-04-11T00:01:00.000Z
2026-04-10 17:05:26,Disneyland,Fantasyland,283,Snow White's Enchanted Wish,15,True,2026-04-11T00:01:00.000Z
2026-04-10 17:05:26,Disneyland,Fantasyland,305,Storybook Land Canal Boats,15,True,2026-04-11T00:01:00.000Z
2026-04-10 17:05:26,Disneyland,Frontierland,323,Big Thunder Mountain Railroad,50,True,2026-04-11T00:01:00.000Z
2026-04-10 17:05:26,Disneyland,Frontierland,679,Frontierland Shootin' Exposition,0,True,2026-04-11T00:01:00.000Z
2026-04-10 17:05:26,Disneyland,Frontierland,456,Mark Twain Riverboat,10,True,2026-04-11T00:01:00.000Z
2026-04-10 17:05:26,Disneyland,Frontierland,331,Pirate's Lair on Tom Sawyer Island,0,False,2026-04-11T00:01:00.000Z
2026-04-10 17:05:26,Disneyland,Frontierland,328,Sailing Ship Columbia,0,False,2026-04-11T00:01:00.000Z
2026-04-10 17:05:26,Disneyland,Main Street U.S.A,674,Disneyland Railroad,15,True,2026-04-11T00:01:00.000Z
2026-04-10 17:05:26,Disneyland,Main Street U.S.A,690,Great Moments with Mr. Lincoln,0,False,2026-04-11T00:01:00.000Z
2026-04-10 17:05:26,Disneyland,Main Street U.S.A,686,Main Street Cinema,0,True,2026-04-11T00:01:00.000Z
2026-04-10 17:05:26,Disneyland,Main Street U.S.A,691,Main Street Vehicles,0,True,2026-04-11T00:01:00.000Z
2026-04-10 17:05:26,Disneyland,Main Street U.S.A,14915,Opera House - Walt Disney - A Magical Life,0,True,2026-04-11T00:01:00.000Z
2026-04-10 17:05:26,Disneyland,Main Street U.S.A,695,The Disney Gallery,0,True,2026-04-11T00:01:00.000Z
2026-04-10 17:05:26,Disneyland,Main Street U.S.A,14923,Walt Disney - A Magical Life,0,True,2026-04-11T00:01:00.000Z
2026-04-10 17:05:26,Disneyland,Mickey's Toontown,324,Chip 'n' Dale's GADGETcoaster,40,True,2026-04-11T00:01:00.000Z
2026-04-10 17:05:26,Disneyland,Mickey's Toontown,13814,Donald's Duck Pond,0,True,2026-04-11T00:01:00.000Z
2026-04-10 17:05:26,Disneyland,Mickey's Toontown,11980,Goofy's How-to-Play Yard,0,True,2026-04-11T00:01:00.000Z
2026-04-10 17:05:26,Disneyland,Mickey's Toontown,11526,Mickey & Minnie's Runaway Railway,45,True,2026-04-11T00:01:00.000Z
2026-04-10 17:05:26,Disneyland,Mickey's Toontown,709,Mickey's House and Meet Mickey Mouse,20,True,2026-04-11T00:01:00.000Z
2026-04-10 17:05:26,Disneyland,Mickey's Toontown,327,Mickey's House and Meet Mickey Mouse,0,False,2026-04-11T00:01:00.000Z
2026-04-10 17:05:26,Disneyland,Mickey's Toontown,684,Minnie's House,0,True,2026-04-11T00:01:00.000Z
2026-04-10 17:05:26,Disneyland,Mickey's Toontown,332,Roger Rabbit's Car Toon Spin,0,False,2026-04-11T00:01:00.000Z
2026-04-10 17:05:26,Disneyland,New Orleans Square,13958,Haunted Mansion,35,True,2026-04-11T00:01:00.000Z
2026-04-10 17:05:26,Disneyland,New Orleans Square,289,Pirates of the Caribbean,20,True,2026-04-11T00:01:00.000Z
2026-04-10 17:05:26,Disneyland,Star Wars: Galaxy's Edge,6339,Millennium Falcon: Smugglers Run,55,True,2026-04-11T00:01:00.000Z
2026-04-10 17:05:26,Disneyland,Star Wars: Galaxy's Edge,10903,Millennium Falcon: Smugglers Run Single Rider,0,True,2026-04-11T00:01:00.000Z
2026-04-10 17:05:26,Disneyland,Star Wars: Galaxy's Edge,6340,Star Wars: Rise of the Resistance,90,True,2026-04-11T00:01:00.000Z
2026-04-10 17:05:26,Disneyland,Tomorrowland,287,Astro Orbitor,10,True,2026-04-11T00:01:00.000Z
2026-04-10 17:05:26,Disneyland,Tomorrowland,317,Autopia,25,True,2026-04-11T00:01:00.000Z
2026-04-10 17:05:26,Disneyland,Tomorrowland,273,Buzz Lightyear Astro Blasters,25,True,2026-04-11T00:01:00.000Z
2026-04-10 17:05:26,Disneyland,Tomorrowland,274,Disneyland Monorail,0,False,2026-04-11T00:01:00.000Z
2026-04-10 17:05:26,Disneyland,Tomorrowland,276,Finding Nemo Submarine Voyage,25,True,2026-04-11T00:01:00.000Z
2026-04-10 17:05:26,Disneyland,Tomorrowland,284,Space Mountain,65,True,2026-04-11T00:01:00.000Z
2026-04-10 17:05:26,Disneyland,Tomorrowland,286,Star Tours - The Adventures Continue,20,True,2026-04-11T00:01:00.000Z
2026-04-10 17:05:26,Disney California Adventure,Avengers Campus,329,Guardians of the Galaxy - Mission: BREAKOUT!,125,True,2026-04-11T00:01:01.000Z
2026-04-10 17:05:26,Disney California Adventure,Avengers Campus,8843,WEB SLINGERS: A Spider-Man Adventure,80,True,2026-04-11T00:01:01.000Z
2026-04-10 17:05:26,Disney California Adventure,Avengers Campus,10907,WEB SLINGERS: A Spider-Man Adventure Single Rider,0,True,2026-04-11T00:01:01.000Z
2026-04-10 17:05:26,Disney California Adventure,Cars Land,13961,Luigi's Rollickin' Roadsters,50,True,2026-04-11T00:01:01.000Z
2026-04-10 17:05:26,Disney California Adventure,Cars Land,315,Mater's Junkyard Jamboree,25,True,2026-04-11T00:01:01.000Z
2026-04-10 17:05:26,Disney California Adventure,Cars Land,295,Radiator Springs Racers,140,True,2026-04-11T00:01:01.000Z
2026-04-10 17:05:26,Disney California Adventure,Cars Land,10904,Radiator Springs Racers Single Rider,0,True,2026-04-11T00:01:01.000Z
2026-04-10 17:05:26,Disney California Adventure,Grizzly Peak,302,Grizzly River Run,55,True,2026-04-11T00:01:01.000Z
2026-04-10 17:05:26,Disney California Adventure,Grizzly Peak,293,Redwood Creek Challenge Trail,5,True,2026-04-11T00:01:01.000Z
2026-04-10 17:05:26,Disney California Adventure,Grizzly Peak,312,Soarin' Over California,65,True,2026-04-11T00:01:01.000Z
2026-04-10 17:05:26,Disney California Adventure,Hollywood Land,321,Animation Academy,0,True,2026-04-11T00:01:01.000Z
2026-04-10 17:05:26,Disney California Adventure,Hollywood Land,6440,Mickey's PhilharMagic,10,True,2026-04-11T00:01:01.000Z
2026-04-10 17:05:26,Disney California Adventure,Hollywood Land,291,"Monsters, Inc. Mike & Sulley to the Rescue!",75,True,2026-04-11T00:01:01.000Z
2026-04-10 17:05:26,Disney California Adventure,Hollywood Land,868,Sorcerer's Workshop,0,False,2026-04-11T00:01:01.000Z
2026-04-10 17:05:26,Disney California Adventure,Hollywood Land,294,Turtle Talk with Crush,0,True,2026-04-11T00:01:01.000Z
2026-04-10 17:05:26,Disney California Adventure,Paradise Gardens Park,298,Golden Zephyr,0,False,2026-04-11T00:01:01.000Z
2026-04-10 17:05:26,Disney California Adventure,Paradise Gardens Park,319,Goofy's Sky School,70,True,2026-04-11T00:01:01.000Z
2026-04-10 17:05:26,Disney California Adventure,Paradise Gardens Park,301,Silly Symphony Swings,25,True,2026-04-11T00:01:01.000Z
2026-04-10 17:05:26,Disney California Adventure,Paradise Gardens Park,10905,Silly Symphony Swings Single Rider,0,True,2026-04-11T00:01:01.000Z
2026-04-10 17:05:26,Disney California Adventure,Paradise Gardens Park,316,The Little Mermaid - Ariel's Undersea Adventure,25,True,2026-04-11T00:01:01.000Z
2026-04-10 17:05:26,Disney California Adventure,Paradise Gardens Park,14742,World of Color Happiness!,0,True,2026-04-11T00:01:01.000Z
2026-04-10 17:05:26,Disney California Adventure,Pixar Pier,13960,Games of Pixar Pier,0,True,2026-04-11T00:01:01.000Z
2026-04-10 17:05:26,Disney California Adventure,Pixar Pier,322,Incredicoaster,45,True,2026-04-11T00:01:01.000Z
2026-04-10 17:05:26,Disney California Adventure,Pixar Pier,10906,Incredicoaster Single Rider,0,True,2026-04-11T00:01:01.000Z
2026-04-10 17:05:26,Disney California Adventure,Pixar Pier,6643,Inside Out Emotional Whirlwind,0,False,2026-04-11T00:01:01.000Z
2026-04-10 17:05:26,Disney California Adventure,Pixar Pier,310,Jessie's Critter Carousel,15,True,2026-04-11T00:01:01.000Z
2026-04-10 17:05:26,Disney California Adventure,Pixar Pier,300,Jumpin' Jellyfish,10,True,2026-04-11T00:01:01.000Z
2026-04-10 17:05:26,Disney California Adventure,Pixar Pier,311,Pixar Pal-A-Round - Swinging,35,True,2026-04-11T00:01:01.000Z
2026-04-10 17:05:26,Disney California Adventure,Pixar Pier,5557,Pixar Pal-A-Round – Non-Swinging,35,True,2026-04-11T00:01:01.000Z
2026-04-10 17:05:26,Disney California Adventure,Pixar Pier,313,Toy Story Midway Mania!,0,False,2026-04-11T00:01:01.000Z
2026-04-10 17:05:26,Disney California Adventure,San Fransokyo Square,13959,The Bakery Tour,0,True,2026-04-11T00:01:01.000Z
2026-04-10 17:10:36,Disneyland,Adventureland,12428,Adventureland Treehouse inspired by Walt Disney’s Swiss Family Robinson,0,True,2026-04-11T00:05:38.000Z
2026-04-10 17:10:36,Disneyland,Adventureland,326,Indiana Jones™ Adventure,75,True,2026-04-11T00:05:38.000Z
2026-04-10 17:10:36,Disneyland,Adventureland,296,Jungle Cruise,0,False,2026-04-11T00:05:38.000Z
2026-04-10 17:10:36,Disneyland,Adventureland,288,Walt Disney's Enchanted Tiki Room,0,True,2026-04-11T00:05:38.000Z
2026-04-10 17:10:36,Disneyland,Bayou Country,304,Davy Crockett's Explorer Canoes,0,False,2026-04-11T00:05:38.000Z
2026-04-10 17:10:36,Disneyland,Bayou Country,306,The Many Adventures of Winnie the Pooh,20,True,2026-04-11T00:05:38.000Z
2026-04-10 17:10:36,Disneyland,Bayou Country,14168,Tiana's Bayou Adventure,75,True,2026-04-11T00:05:38.000Z
2026-04-10 17:10:36,Disneyland,Bayou Country,14326,Tiana's Bayou Adventure Single Rider,0,True,2026-04-11T00:05:38.000Z
2026-04-10 17:10:36,Disneyland,Fantasyland,307,"""it's a small world""",25,True,2026-04-11T00:05:38.000Z
2026-04-10 17:10:36,Disneyland,Fantasyland,285,Alice in Wonderland,30,True,2026-04-11T00:05:38.000Z
2026-04-10 17:10:36,Disneyland,Fantasyland,303,Casey Jr. Circus Train,15,True,2026-04-11T00:05:38.000Z
2026-04-10 17:10:36,Disneyland,Fantasyland,275,Dumbo the Flying Elephant,50,True,2026-04-11T00:05:38.000Z
2026-04-10 17:10:36,Disneyland,Fantasyland,277,King Arthur Carrousel,5,True,2026-04-11T00:05:38.000Z
2026-04-10 17:10:36,Disneyland,Fantasyland,278,Mad Tea Party,15,True,2026-04-11T00:05:38.000Z
2026-04-10 17:10:36,Disneyland,Fantasyland,279,Matterhorn Bobsleds,50,True,2026-04-11T00:05:38.000Z
2026-04-10 17:10:36,Disneyland,Fantasyland,6711,Meet Disney Princesses at Royal Hall,0,False,2026-04-11T00:05:38.000Z
2026-04-10 17:10:36,Disneyland,Fantasyland,280,Mr. Toad's Wild Ride,20,True,2026-04-11T00:05:38.000Z
2026-04-10 17:10:36,Disneyland,Fantasyland,281,Peter Pan's Flight,40,True,2026-04-11T00:05:38.000Z
2026-04-10 17:10:36,Disneyland,Fantasyland,282,Pinocchio's Daring Journey,0,False,2026-04-11T00:05:38.000Z
2026-04-10 17:10:36,Disneyland,Fantasyland,687,Sleeping Beauty Castle Walkthrough,0,False,2026-04-11T00:05:38.000Z
2026-04-10 17:10:36,Disneyland,Fantasyland,283,Snow White's Enchanted Wish,20,True,2026-04-11T00:05:38.000Z
2026-04-10 17:10:36,Disneyland,Fantasyland,305,Storybook Land Canal Boats,15,True,2026-04-11T00:05:38.000Z
2026-04-10 17:10:36,Disneyland,Frontierland,323,Big Thunder Mountain Railroad,50,True,2026-04-11T00:05:38.000Z
2026-04-10 17:10:36,Disneyland,Frontierland,679,Frontierland Shootin' Exposition,0,True,2026-04-11T00:05:38.000Z
2026-04-10 17:10:36,Disneyland,Frontierland,456,Mark Twain Riverboat,10,True,2026-04-11T00:05:38.000Z
2026-04-10 17:10:36,Disneyland,Frontierland,331,Pirate's Lair on Tom Sawyer Island,0,False,2026-04-11T00:05:38.000Z
2026-04-10 17:10:36,Disneyland,Frontierland,328,Sailing Ship Columbia,0,False,2026-04-11T00:05:38.000Z
2026-04-10 17:10:36,Disneyland,Main Street U.S.A,674,Disneyland Railroad,15,True,2026-04-11T00:05:38.000Z
2026-04-10 17:10:36,Disneyland,Main Street U.S.A,690,Great Moments with Mr. Lincoln,0,False,2026-04-11T00:05:38.000Z
2026-04-10 17:10:36,Disneyland,Main Street U.S.A,686,Main Street Cinema,0,True,2026-04-11T00:05:38.000Z
2026-04-10 17:10:36,Disneyland,Main Street U.S.A,691,Main Street Vehicles,0,True,2026-04-11T00:05:38.000Z
2026-04-10 17:10:36,Disneyland,Main Street U.S.A,14915,Opera House - Walt Disney - A Magical Life,0,True,2026-04-11T00:05:38.000Z
2026-04-10 17:10:36,Disneyland,Main Street U.S.A,695,The Disney Gallery,0,True,2026-04-11T00:05:38.000Z
2026-04-10 17:10:36,Disneyland,Main Street U.S.A,14923,Walt Disney - A Magical Life,0,True,2026-04-11T00:05:38.000Z
2026-04-10 17:10:36,Disneyland,Mickey's Toontown,324,Chip 'n' Dale's GADGETcoaster,40,True,2026-04-11T00:05:38.000Z
2026-04-10 17:10:36,Disneyland,Mickey's Toontown,13814,Donald's Duck Pond,0,True,2026-04-11T00:05:38.000Z
2026-04-10 17:10:36,Disneyland,Mickey's Toontown,11980,Goofy's How-to-Play Yard,0,True,2026-04-11T00:05:38.000Z
2026-04-10 17:10:36,Disneyland,Mickey's Toontown,11526,Mickey & Minnie's Runaway Railway,35,True,2026-04-11T00:05:38.000Z
2026-04-10 17:10:36,Disneyland,Mickey's Toontown,709,Mickey's House and Meet Mickey Mouse,30,True,2026-04-11T00:05:38.000Z
2026-04-10 17:10:36,Disneyland,Mickey's Toontown,327,Mickey's House and Meet Mickey Mouse,0,False,2026-04-11T00:05:38.000Z
2026-04-10 17:10:36,Disneyland,Mickey's Toontown,684,Minnie's House,0,True,2026-04-11T00:05:38.000Z
2026-04-10 17:10:36,Disneyland,Mickey's Toontown,332,Roger Rabbit's Car Toon Spin,0,False,2026-04-11T00:05:38.000Z
2026-04-10 17:10:36,Disneyland,New Orleans Square,13958,Haunted Mansion,35,True,2026-04-11T00:05:38.000Z
2026-04-10 17:10:36,Disneyland,New Orleans Square,289,Pirates of the Caribbean,25,True,2026-04-11T00:05:38.000Z
2026-04-10 17:10:36,Disneyland,Star Wars: Galaxy's Edge,6339,Millennium Falcon: Smugglers Run,55,True,2026-04-11T00:05:38.000Z
2026-04-10 17:10:36,Disneyland,Star Wars: Galaxy's Edge,10903,Millennium Falcon: Smugglers Run Single Rider,0,True,2026-04-11T00:05:38.000Z
2026-04-10 17:10:36,Disneyland,Star Wars: Galaxy's Edge,6340,Star Wars: Rise of the Resistance,80,True,2026-04-11T00:05:38.000Z
2026-04-10 17:10:36,Disneyland,Tomorrowland,287,Astro Orbitor,15,True,2026-04-11T00:05:38.000Z
2026-04-10 17:10:36,Disneyland,Tomorrowland,317,Autopia,25,True,2026-04-11T00:05:38.000Z
2026-04-10 17:10:36,Disneyland,Tomorrowland,273,Buzz Lightyear Astro Blasters,25,True,2026-04-11T00:05:38.000Z
2026-04-10 17:10:36,Disneyland,Tomorrowland,274,Disneyland Monorail,0,False,2026-04-11T00:05:38.000Z
2026-04-10 17:10:36,Disneyland,Tomorrowland,276,Finding Nemo Submarine Voyage,25,True,2026-04-11T00:05:38.000Z
2026-04-10 17:10:36,Disneyland,Tomorrowland,284,Space Mountain,70,True,2026-04-11T00:05:38.000Z
2026-04-10 17:10:36,Disneyland,Tomorrowland,286,Star Tours - The Adventures Continue,25,True,2026-04-11T00:05:38.000Z
2026-04-10 17:10:37,Disney California Adventure,Avengers Campus,329,Guardians of the Galaxy - Mission: BREAKOUT!,110,True,2026-04-11T00:05:38.000Z
2026-04-10 17:10:37,Disney California Adventure,Avengers Campus,8843,WEB SLINGERS: A Spider-Man Adventure,80,True,2026-04-11T00:05:38.000Z
2026-04-10 17:10:37,Disney California Adventure,Avengers Campus,10907,WEB SLINGERS: A Spider-Man Adventure Single Rider,0,True,2026-04-11T00:05:38.000Z
2026-04-10 17:10:37,Disney California Adventure,Cars Land,13961,Luigi's Rollickin' Roadsters,50,True,2026-04-11T00:05:38.000Z
2026-04-10 17:10:37,Disney California Adventure,Cars Land,315,Mater's Junkyard Jamboree,30,True,2026-04-11T00:05:38.000Z
2026-04-10 17:10:37,Disney California Adventure,Cars Land,295,Radiator Springs Racers,140,True,2026-04-11T00:05:38.000Z
2026-04-10 17:10:37,Disney California Adventure,Cars Land,10904,Radiator Springs Racers Single Rider,0,True,2026-04-11T00:05:38.000Z
2026-04-10 17:10:37,Disney California Adventure,Grizzly Peak,302,Grizzly River Run,55,True,2026-04-11T00:05:38.000Z
2026-04-10 17:10:37,Disney California Adventure,Grizzly Peak,293,Redwood Creek Challenge Trail,5,True,2026-04-11T00:05:38.000Z
2026-04-10 17:10:37,Disney California Adventure,Grizzly Peak,312,Soarin' Over California,65,True,2026-04-11T00:05:38.000Z
2026-04-10 17:10:37,Disney California Adventure,Hollywood Land,321,Animation Academy,0,True,2026-04-11T00:05:38.000Z
2026-04-10 17:10:37,Disney California Adventure,Hollywood Land,6440,Mickey's PhilharMagic,10,True,2026-04-11T00:05:38.000Z
2026-04-10 17:10:37,Disney California Adventure,Hollywood Land,291,"Monsters, Inc. Mike & Sulley to the Rescue!",75,True,2026-04-11T00:05:38.000Z
2026-04-10 17:10:37,Disney California Adventure,Hollywood Land,868,Sorcerer's Workshop,0,False,2026-04-11T00:05:38.000Z
2026-04-10 17:10:37,Disney California Adventure,Hollywood Land,294,Turtle Talk with Crush,0,True,2026-04-11T00:05:38.000Z
2026-04-10 17:10:37,Disney California Adventure,Paradise Gardens Park,298,Golden Zephyr,0,False,2026-04-11T00:05:38.000Z
2026-04-10 17:10:37,Disney California Adventure,Paradise Gardens Park,319,Goofy's Sky School,70,True,2026-04-11T00:05:38.000Z
2026-04-10 17:10:37,Disney California Adventure,Paradise Gardens Park,301,Silly Symphony Swings,25,True,2026-04-11T00:05:38.000Z
2026-04-10 17:10:37,Disney California Adventure,Paradise Gardens Park,10905,Silly Symphony Swings Single Rider,0,True,2026-04-11T00:05:38.000Z
2026-04-10 17:10:37,Disney California Adventure,Paradise Gardens Park,316,The Little Mermaid - Ariel's Undersea Adventure,25,True,2026-04-11T00:05:38.000Z
2026-04-10 17:10:37,Disney California Adventure,Paradise Gardens Park,14742,World of Color Happiness!,0,True,2026-04-11T00:05:38.000Z
2026-04-10 17:10:37,Disney California Adventure,Pixar Pier,13960,Games of Pixar Pier,0,True,2026-04-11T00:05:38.000Z
2026-04-10 17:10:37,Disney California Adventure,Pixar Pier,322,Incredicoaster,55,True,2026-04-11T00:05:38.000Z
2026-04-10 17:10:37,Disney California Adventure,Pixar Pier,10906,Incredicoaster Single Rider,0,True,2026-04-11T00:05:38.000Z
2026-04-10 17:10:37,Disney California Adventure,Pixar Pier,6643,Inside Out Emotional Whirlwind,0,False,2026-04-11T00:05:38.000Z
2026-04-10 17:10:37,Disney California Adventure,Pixar Pier,310,Jessie's Critter Carousel,15,True,2026-04-11T00:05:38.000Z
2026-04-10 17:10:37,Disney California Adventure,Pixar Pier,300,Jumpin' Jellyfish,20,True,2026-04-11T00:05:38.000Z
2026-04-10 17:10:37,Disney California Adventure,Pixar Pier,311,Pixar Pal-A-Round - Swinging,35,True,2026-04-11T00:05:38.000Z
2026-04-10 17:10:37,Disney California Adventure,Pixar Pier,5557,Pixar Pal-A-Round – Non-Swinging,35,True,2026-04-11T00:05:38.000Z
2026-04-10 17:10:37,Disney California Adventure,Pixar Pier,313,Toy Story Midway Mania!,0,False,2026-04-11T00:05:38.000Z
2026-04-10 17:10:37,Disney California Adventure,San Fransokyo Square,13959,The Bakery Tour,0,True,2026-04-11T00:05:38.000Z
2026-04-10 17:15:27,Disneyland,Adventureland,12428,Adventureland Treehouse inspired by Walt Disney’s Swiss Family Robinson,0,True,2026-04-11T00:10:53.000Z
2026-04-10 17:15:27,Disneyland,Adventureland,326,Indiana Jones™ Adventure,75,True,2026-04-11T00:10:53.000Z
2026-04-10 17:15:27,Disneyland,Adventureland,296,Jungle Cruise,0,False,2026-04-11T00:10:53.000Z
2026-04-10 17:15:27,Disneyland,Adventureland,288,Walt Disney's Enchanted Tiki Room,0,True,2026-04-11T00:10:53.000Z
2026-04-10 17:15:27,Disneyland,Bayou Country,304,Davy Crockett's Explorer Canoes,0,False,2026-04-11T00:10:53.000Z
2026-04-10 17:15:27,Disneyland,Bayou Country,306,The Many Adventures of Winnie the Pooh,20,True,2026-04-11T00:10:53.000Z
2026-04-10 17:15:27,Disneyland,Bayou Country,14168,Tiana's Bayou Adventure,75,True,2026-04-11T00:10:53.000Z
2026-04-10 17:15:27,Disneyland,Bayou Country,14326,Tiana's Bayou Adventure Single Rider,0,True,2026-04-11T00:10:53.000Z
2026-04-10 17:15:27,Disneyland,Fantasyland,307,"""it's a small world""",15,True,2026-04-11T00:10:53.000Z
2026-04-10 17:15:27,Disneyland,Fantasyland,285,Alice in Wonderland,30,True,2026-04-11T00:10:53.000Z
2026-04-10 17:15:27,Disneyland,Fantasyland,303,Casey Jr. Circus Train,15,True,2026-04-11T00:10:53.000Z
2026-04-10 17:15:27,Disneyland,Fantasyland,275,Dumbo the Flying Elephant,50,True,2026-04-11T00:10:53.000Z
2026-04-10 17:15:27,Disneyland,Fantasyland,277,King Arthur Carrousel,5,True,2026-04-11T00:10:53.000Z
2026-04-10 17:15:27,Disneyland,Fantasyland,278,Mad Tea Party,15,True,2026-04-11T00:10:53.000Z
2026-04-10 17:15:27,Disneyland,Fantasyland,279,Matterhorn Bobsleds,50,True,2026-04-11T00:10:53.000Z
2026-04-10 17:15:27,Disneyland,Fantasyland,6711,Meet Disney Princesses at Royal Hall,0,False,2026-04-11T00:10:53.000Z
2026-04-10 17:15:27,Disneyland,Fantasyland,280,Mr. Toad's Wild Ride,20,True,2026-04-11T00:10:53.000Z
2026-04-10 17:15:27,Disneyland,Fantasyland,281,Peter Pan's Flight,40,True,2026-04-11T00:10:53.000Z
2026-04-10 17:15:27,Disneyland,Fantasyland,282,Pinocchio's Daring Journey,0,False,2026-04-11T00:10:53.000Z
2026-04-10 17:15:27,Disneyland,Fantasyland,687,Sleeping Beauty Castle Walkthrough,0,False,2026-04-11T00:10:53.000Z
2026-04-10 17:15:27,Disneyland,Fantasyland,283,Snow White's Enchanted Wish,20,True,2026-04-11T00:10:53.000Z
2026-04-10 17:15:27,Disneyland,Fantasyland,305,Storybook Land Canal Boats,10,True,2026-04-11T00:10:53.000Z
2026-04-10 17:15:27,Disneyland,Frontierland,323,Big Thunder Mountain Railroad,45,True,2026-04-11T00:10:53.000Z
2026-04-10 17:15:27,Disneyland,Frontierland,679,Frontierland Shootin' Exposition,0,True,2026-04-11T00:10:53.000Z
2026-04-10 17:15:27,Disneyland,Frontierland,456,Mark Twain Riverboat,10,True,2026-04-11T00:10:53.000Z
2026-04-10 17:15:27,Disneyland,Frontierland,331,Pirate's Lair on Tom Sawyer Island,0,False,2026-04-11T00:10:53.000Z
2026-04-10 17:15:27,Disneyland,Frontierland,328,Sailing Ship Columbia,0,False,2026-04-11T00:10:53.000Z
2026-04-10 17:15:27,Disneyland,Main Street U.S.A,674,Disneyland Railroad,15,True,2026-04-11T00:10:53.000Z
2026-04-10 17:15:27,Disneyland,Main Street U.S.A,690,Great Moments with Mr. Lincoln,0,False,2026-04-11T00:10:53.000Z
2026-04-10 17:15:27,Disneyland,Main Street U.S.A,686,Main Street Cinema,0,True,2026-04-11T00:10:53.000Z
2026-04-10 17:15:27,Disneyland,Main Street U.S.A,691,Main Street Vehicles,0,True,2026-04-11T00:10:53.000Z
2026-04-10 17:15:27,Disneyland,Main Street U.S.A,14915,Opera House - Walt Disney - A Magical Life,0,True,2026-04-11T00:10:53.000Z
2026-04-10 17:15:27,Disneyland,Main Street U.S.A,695,The Disney Gallery,0,True,2026-04-11T00:10:53.000Z
2026-04-10 17:15:27,Disneyland,Main Street U.S.A,14923,Walt Disney - A Magical Life,0,True,2026-04-11T00:10:53.000Z
2026-04-10 17:15:27,Disneyland,Mickey's Toontown,324,Chip 'n' Dale's GADGETcoaster,30,True,2026-04-11T00:10:53.000Z
2026-04-10 17:15:27,Disneyland,Mickey's Toontown,13814,Donald's Duck Pond,0,True,2026-04-11T00:10:53.000Z
2026-04-10 17:15:27,Disneyland,Mickey's Toontown,11980,Goofy's How-to-Play Yard,0,True,2026-04-11T00:10:53.000Z
2026-04-10 17:15:27,Disneyland,Mickey's Toontown,11526,Mickey & Minnie's Runaway Railway,35,True,2026-04-11T00:10:53.000Z
2026-04-10 17:15:27,Disneyland,Mickey's Toontown,709,Mickey's House and Meet Mickey Mouse,30,True,2026-04-11T00:10:53.000Z
2026-04-10 17:15:27,Disneyland,Mickey's Toontown,327,Mickey's House and Meet Mickey Mouse,0,False,2026-04-11T00:10:53.000Z
2026-04-10 17:15:27,Disneyland,Mickey's Toontown,684,Minnie's House,0,True,2026-04-11T00:10:53.000Z
2026-04-10 17:15:27,Disneyland,Mickey's Toontown,332,Roger Rabbit's Car Toon Spin,0,False,2026-04-11T00:10:53.000Z
2026-04-10 17:15:27,Disneyland,New Orleans Square,13958,Haunted Mansion,35,True,2026-04-11T00:10:53.000Z
2026-04-10 17:15:27,Disneyland,New Orleans Square,289,Pirates of the Caribbean,25,True,2026-04-11T00:10:53.000Z
2026-04-10 17:15:27,Disneyland,Star Wars: Galaxy's Edge,6339,Millennium Falcon: Smugglers Run,55,True,2026-04-11T00:10:53.000Z
2026-04-10 17:15:27,Disneyland,Star Wars: Galaxy's Edge,10903,Millennium Falcon: Smugglers Run Single Rider,0,True,2026-04-11T00:10:53.000Z
2026-04-10 17:15:27,Disneyland,Star Wars: Galaxy's Edge,6340,Star Wars: Rise of the Resistance,80,True,2026-04-11T00:10:53.000Z
2026-04-10 17:15:27,Disneyland,Tomorrowland,287,Astro Orbitor,25,True,2026-04-11T00:10:53.000Z
2026-04-10 17:15:27,Disneyland,Tomorrowland,317,Autopia,25,True,2026-04-11T00:10:53.000Z
2026-04-10 17:15:27,Disneyland,Tomorrowland,273,Buzz Lightyear Astro Blasters,30,True,2026-04-11T00:10:53.000Z
2026-04-10 17:15:27,Disneyland,Tomorrowland,274,Disneyland Monorail,0,False,2026-04-11T00:10:53.000Z
2026-04-10 17:15:27,Disneyland,Tomorrowland,276,Finding Nemo Submarine Voyage,25,True,2026-04-11T00:10:53.000Z
2026-04-10 17:15:27,Disneyland,Tomorrowland,284,Space Mountain,75,True,2026-04-11T00:10:53.000Z
2026-04-10 17:15:27,Disneyland,Tomorrowland,286,Star Tours - The Adventures Continue,25,True,2026-04-11T00:10:53.000Z
2026-04-10 17:15:27,Disney California Adventure,Avengers Campus,329,Guardians of the Galaxy - Mission: BREAKOUT!,110,True,2026-04-11T00:10:59.000Z
2026-04-10 17:15:27,Disney California Adventure,Avengers Campus,8843,WEB SLINGERS: A Spider-Man Adventure,80,True,2026-04-11T00:10:59.000Z
2026-04-10 17:15:27,Disney California Adventure,Avengers Campus,10907,WEB SLINGERS: A Spider-Man Adventure Single Rider,0,True,2026-04-11T00:10:59.000Z
2026-04-10 17:15:27,Disney California Adventure,Cars Land,13961,Luigi's Rollickin' Roadsters,50,True,2026-04-11T00:10:59.000Z
2026-04-10 17:15:27,Disney California Adventure,Cars Land,315,Mater's Junkyard Jamboree,30,True,2026-04-11T00:10:59.000Z
2026-04-10 17:15:27,Disney California Adventure,Cars Land,295,Radiator Springs Racers,140,True,2026-04-11T00:10:59.000Z
2026-04-10 17:15:27,Disney California Adventure,Cars Land,10904,Radiator Springs Racers Single Rider,0,True,2026-04-11T00:10:59.000Z
2026-04-10 17:15:27,Disney California Adventure,Grizzly Peak,302,Grizzly River Run,55,True,2026-04-11T00:10:59.000Z
2026-04-10 17:15:27,Disney California Adventure,Grizzly Peak,293,Redwood Creek Challenge Trail,5,True,2026-04-11T00:10:59.000Z
2026-04-10 17:15:27,Disney California Adventure,Grizzly Peak,312,Soarin' Over California,65,True,2026-04-11T00:10:59.000Z
2026-04-10 17:15:27,Disney California Adventure,Hollywood Land,321,Animation Academy,0,True,2026-04-11T00:10:59.000Z
2026-04-10 17:15:27,Disney California Adventure,Hollywood Land,6440,Mickey's PhilharMagic,10,True,2026-04-11T00:10:59.000Z
2026-04-10 17:15:27,Disney California Adventure,Hollywood Land,291,"Monsters, Inc. Mike & Sulley to the Rescue!",75,True,2026-04-11T00:10:59.000Z
2026-04-10 17:15:27,Disney California Adventure,Hollywood Land,868,Sorcerer's Workshop,0,False,2026-04-11T00:10:59.000Z
2026-04-10 17:15:27,Disney California Adventure,Hollywood Land,294,Turtle Talk with Crush,0,True,2026-04-11T00:10:59.000Z
2026-04-10 17:15:27,Disney California Adventure,Paradise Gardens Park,298,Golden Zephyr,0,False,2026-04-11T00:10:59.000Z
2026-04-10 17:15:27,Disney California Adventure,Paradise Gardens Park,319,Goofy's Sky School,70,True,2026-04-11T00:10:59.000Z
2026-04-10 17:15:27,Disney California Adventure,Paradise Gardens Park,301,Silly Symphony Swings,25,True,2026-04-11T00:10:59.000Z
2026-04-10 17:15:27,Disney California Adventure,Paradise Gardens Park,10905,Silly Symphony Swings Single Rider,0,True,2026-04-11T00:10:59.000Z
2026-04-10 17:15:27,Disney California Adventure,Paradise Gardens Park,316,The Little Mermaid - Ariel's Undersea Adventure,45,True,2026-04-11T00:10:59.000Z
2026-04-10 17:15:27,Disney California Adventure,Paradise Gardens Park,14742,World of Color Happiness!,0,True,2026-04-11T00:10:59.000Z
2026-04-10 17:15:27,Disney California Adventure,Pixar Pier,13960,Games of Pixar Pier,0,True,2026-04-11T00:10:59.000Z
2026-04-10 17:15:27,Disney California Adventure,Pixar Pier,322,Incredicoaster,75,True,2026-04-11T00:10:59.000Z
2026-04-10 17:15:27,Disney California Adventure,Pixar Pier,10906,Incredicoaster Single Rider,0,True,2026-04-11T00:10:59.000Z
2026-04-10 17:15:27,Disney California Adventure,Pixar Pier,6643,Inside Out Emotional Whirlwind,0,False,2026-04-11T00:10:59.000Z
2026-04-10 17:15:27,Disney California Adventure,Pixar Pier,310,Jessie's Critter Carousel,15,True,2026-04-11T00:10:59.000Z
2026-04-10 17:15:27,Disney California Adventure,Pixar Pier,300,Jumpin' Jellyfish,20,True,2026-04-11T00:10:59.000Z
2026-04-10 17:15:27,Disney California Adventure,Pixar Pier,311,Pixar Pal-A-Round - Swinging,40,True,2026-04-11T00:10:59.000Z
2026-04-10 17:15:27,Disney California Adventure,Pixar Pier,5557,Pixar Pal-A-Round – Non-Swinging,30,True,2026-04-11T00:10:59.000Z
2026-04-10 17:15:27,Disney California Adventure,Pixar Pier,313,Toy Story Midway Mania!,0,False,2026-04-11T00:10:59.000Z
2026-04-10 17:15:27,Disney California Adventure,San Fransokyo Square,13959,The Bakery Tour,0,True,2026-04-11T00:10:59.000Z
2026-04-10 17:20:26,Disneyland,Adventureland,12428,Adventureland Treehouse inspired by Walt Disney’s Swiss Family Robinson,0,True,2026-04-11T00:15:58.000Z
2026-04-10 17:20:26,Disneyland,Adventureland,326,Indiana Jones™ Adventure,75,True,2026-04-11T00:15:58.000Z
2026-04-10 17:20:26,Disneyland,Adventureland,296,Jungle Cruise,0,False,2026-04-11T00:15:58.000Z
2026-04-10 17:20:26,Disneyland,Adventureland,288,Walt Disney's Enchanted Tiki Room,0,True,2026-04-11T00:15:58.000Z
2026-04-10 17:20:26,Disneyland,Bayou Country,304,Davy Crockett's Explorer Canoes,0,False,2026-04-11T00:15:58.000Z
2026-04-10 17:20:26,Disneyland,Bayou Country,306,The Many Adventures of Winnie the Pooh,20,True,2026-04-11T00:15:58.000Z
2026-04-10 17:20:26,Disneyland,Bayou Country,14168,Tiana's Bayou Adventure,75,True,2026-04-11T00:15:58.000Z
2026-04-10 17:20:26,Disneyland,Bayou Country,14326,Tiana's Bayou Adventure Single Rider,0,True,2026-04-11T00:15:58.000Z
2026-04-10 17:20:26,Disneyland,Fantasyland,307,"""it's a small world""",10,True,2026-04-11T00:15:58.000Z
2026-04-10 17:20:26,Disneyland,Fantasyland,285,Alice in Wonderland,30,True,2026-04-11T00:15:58.000Z
2026-04-10 17:20:26,Disneyland,Fantasyland,303,Casey Jr. Circus Train,15,True,2026-04-11T00:15:58.000Z
2026-04-10 17:20:26,Disneyland,Fantasyland,275,Dumbo the Flying Elephant,45,True,2026-04-11T00:15:58.000Z
2026-04-10 17:20:26,Disneyland,Fantasyland,277,King Arthur Carrousel,5,True,2026-04-11T00:15:58.000Z
2026-04-10 17:20:26,Disneyland,Fantasyland,278,Mad Tea Party,15,True,2026-04-11T00:15:58.000Z
2026-04-10 17:20:26,Disneyland,Fantasyland,279,Matterhorn Bobsleds,0,False,2026-04-11T00:15:58.000Z
2026-04-10 17:20:26,Disneyland,Fantasyland,6711,Meet Disney Princesses at Royal Hall,0,False,2026-04-11T00:15:58.000Z
2026-04-10 17:20:26,Disneyland,Fantasyland,280,Mr. Toad's Wild Ride,20,True,2026-04-11T00:15:58.000Z
2026-04-10 17:20:26,Disneyland,Fantasyland,281,Peter Pan's Flight,40,True,2026-04-11T00:15:58.000Z
2026-04-10 17:20:26,Disneyland,Fantasyland,282,Pinocchio's Daring Journey,15,True,2026-04-11T00:15:58.000Z
2026-04-10 17:20:26,Disneyland,Fantasyland,687,Sleeping Beauty Castle Walkthrough,0,False,2026-04-11T00:15:58.000Z
2026-04-10 17:20:26,Disneyland,Fantasyland,283,Snow White's Enchanted Wish,20,True,2026-04-11T00:15:58.000Z
2026-04-10 17:20:26,Disneyland,Fantasyland,305,Storybook Land Canal Boats,15,True,2026-04-11T00:15:58.000Z
2026-04-10 17:20:26,Disneyland,Frontierland,323,Big Thunder Mountain Railroad,45,True,2026-04-11T00:15:58.000Z
2026-04-10 17:20:26,Disneyland,Frontierland,679,Frontierland Shootin' Exposition,0,True,2026-04-11T00:15:58.000Z
2026-04-10 17:20:26,Disneyland,Frontierland,456,Mark Twain Riverboat,10,True,2026-04-11T00:15:58.000Z
2026-04-10 17:20:26,Disneyland,Frontierland,331,Pirate's Lair on Tom Sawyer Island,0,False,2026-04-11T00:15:58.000Z
2026-04-10 17:20:26,Disneyland,Frontierland,328,Sailing Ship Columbia,0,False,2026-04-11T00:15:58.000Z
2026-04-10 17:20:26,Disneyland,Main Street U.S.A,674,Disneyland Railroad,15,True,2026-04-11T00:15:58.000Z
2026-04-10 17:20:26,Disneyland,Main Street U.S.A,690,Great Moments with Mr. Lincoln,0,False,2026-04-11T00:15:58.000Z
2026-04-10 17:20:26,Disneyland,Main Street U.S.A,686,Main Street Cinema,0,True,2026-04-11T00:15:58.000Z
2026-04-10 17:20:26,Disneyland,Main Street U.S.A,691,Main Street Vehicles,0,True,2026-04-11T00:15:58.000Z
2026-04-10 17:20:26,Disneyland,Main Street U.S.A,14915,Opera House - Walt Disney - A Magical Life,0,True,2026-04-11T00:15:58.000Z
2026-04-10 17:20:26,Disneyland,Main Street U.S.A,695,The Disney Gallery,0,True,2026-04-11T00:15:58.000Z
2026-04-10 17:20:26,Disneyland,Main Street U.S.A,14923,Walt Disney - A Magical Life,0,True,2026-04-11T00:15:58.000Z
2026-04-10 17:20:26,Disneyland,Mickey's Toontown,324,Chip 'n' Dale's GADGETcoaster,30,True,2026-04-11T00:15:58.000Z
2026-04-10 17:20:26,Disneyland,Mickey's Toontown,13814,Donald's Duck Pond,0,True,2026-04-11T00:15:58.000Z
2026-04-10 17:20:26,Disneyland,Mickey's Toontown,11980,Goofy's How-to-Play Yard,0,True,2026-04-11T00:15:58.000Z
2026-04-10 17:20:26,Disneyland,Mickey's Toontown,11526,Mickey & Minnie's Runaway Railway,45,True,2026-04-11T00:15:58.000Z
2026-04-10 17:20:26,Disneyland,Mickey's Toontown,709,Mickey's House and Meet Mickey Mouse,30,True,2026-04-11T00:15:58.000Z
2026-04-10 17:20:26,Disneyland,Mickey's Toontown,327,Mickey's House and Meet Mickey Mouse,0,False,2026-04-11T00:15:58.000Z
2026-04-10 17:20:26,Disneyland,Mickey's Toontown,684,Minnie's House,0,True,2026-04-11T00:15:58.000Z
2026-04-10 17:20:26,Disneyland,Mickey's Toontown,332,Roger Rabbit's Car Toon Spin,0,False,2026-04-11T00:15:58.000Z
2026-04-10 17:20:26,Disneyland,New Orleans Square,13958,Haunted Mansion,40,True,2026-04-11T00:15:58.000Z
2026-04-10 17:20:26,Disneyland,New Orleans Square,289,Pirates of the Caribbean,25,True,2026-04-11T00:15:58.000Z
2026-04-10 17:20:26,Disneyland,Star Wars: Galaxy's Edge,6339,Millennium Falcon: Smugglers Run,55,True,2026-04-11T00:15:58.000Z
2026-04-10 17:20:26,Disneyland,Star Wars: Galaxy's Edge,10903,Millennium Falcon: Smugglers Run Single Rider,0,True,2026-04-11T00:15:58.000Z
2026-04-10 17:20:26,Disneyland,Star Wars: Galaxy's Edge,6340,Star Wars: Rise of the Resistance,80,True,2026-04-11T00:15:58.000Z
2026-04-10 17:20:26,Disneyland,Tomorrowland,287,Astro Orbitor,25,True,2026-04-11T00:15:58.000Z
2026-04-10 17:20:26,Disneyland,Tomorrowland,317,Autopia,25,True,2026-04-11T00:15:58.000Z
2026-04-10 17:20:26,Disneyland,Tomorrowland,273,Buzz Lightyear Astro Blasters,30,True,2026-04-11T00:15:58.000Z
2026-04-10 17:20:26,Disneyland,Tomorrowland,274,Disneyland Monorail,0,False,2026-04-11T00:15:58.000Z
2026-04-10 17:20:26,Disneyland,Tomorrowland,276,Finding Nemo Submarine Voyage,25,True,2026-04-11T00:15:58.000Z
2026-04-10 17:20:26,Disneyland,Tomorrowland,284,Space Mountain,75,True,2026-04-11T00:15:58.000Z
2026-04-10 17:20:26,Disneyland,Tomorrowland,286,Star Tours - The Adventures Continue,35,True,2026-04-11T00:15:58.000Z
2026-04-10 17:20:27,Disney California Adventure,Avengers Campus,329,Guardians of the Galaxy - Mission: BREAKOUT!,110,True,2026-04-11T00:15:58.000Z
2026-04-10 17:20:27,Disney California Adventure,Avengers Campus,8843,WEB SLINGERS: A Spider-Man Adventure,80,True,2026-04-11T00:15:58.000Z
2026-04-10 17:20:27,Disney California Adventure,Avengers Campus,10907,WEB SLINGERS: A Spider-Man Adventure Single Rider,0,True,2026-04-11T00:15:58.000Z
2026-04-10 17:20:27,Disney California Adventure,Cars Land,13961,Luigi's Rollickin' Roadsters,50,True,2026-04-11T00:15:58.000Z
2026-04-10 17:20:27,Disney California Adventure,Cars Land,315,Mater's Junkyard Jamboree,35,True,2026-04-11T00:15:58.000Z
2026-04-10 17:20:27,Disney California Adventure,Cars Land,295,Radiator Springs Racers,140,True,2026-04-11T00:15:58.000Z
2026-04-10 17:20:27,Disney California Adventure,Cars Land,10904,Radiator Springs Racers Single Rider,0,True,2026-04-11T00:15:58.000Z
2026-04-10 17:20:27,Disney California Adventure,Grizzly Peak,302,Grizzly River Run,55,True,2026-04-11T00:15:58.000Z
2026-04-10 17:20:27,Disney California Adventure,Grizzly Peak,293,Redwood Creek Challenge Trail,5,True,2026-04-11T00:15:58.000Z
2026-04-10 17:20:27,Disney California Adventure,Grizzly Peak,312,Soarin' Over California,65,True,2026-04-11T00:15:58.000Z
2026-04-10 17:20:27,Disney California Adventure,Hollywood Land,321,Animation Academy,0,True,2026-04-11T00:15:58.000Z
2026-04-10 17:20:27,Disney California Adventure,Hollywood Land,6440,Mickey's PhilharMagic,10,True,2026-04-11T00:15:58.000Z
2026-04-10 17:20:27,Disney California Adventure,Hollywood Land,291,"Monsters, Inc. Mike & Sulley to the Rescue!",75,True,2026-04-11T00:15:58.000Z
2026-04-10 17:20:27,Disney California Adventure,Hollywood Land,868,Sorcerer's Workshop,0,False,2026-04-11T00:15:58.000Z
2026-04-10 17:20:27,Disney California Adventure,Hollywood Land,294,Turtle Talk with Crush,0,True,2026-04-11T00:15:58.000Z
2026-04-10 17:20:27,Disney California Adventure,Paradise Gardens Park,298,Golden Zephyr,0,False,2026-04-11T00:15:58.000Z
2026-04-10 17:20:27,Disney California Adventure,Paradise Gardens Park,319,Goofy's Sky School,70,True,2026-04-11T00:15:58.000Z
2026-04-10 17:20:27,Disney California Adventure,Paradise Gardens Park,301,Silly Symphony Swings,25,True,2026-04-11T00:15:58.000Z
2026-04-10 17:20:27,Disney California Adventure,Paradise Gardens Park,10905,Silly Symphony Swings Single Rider,0,True,2026-04-11T00:15:58.000Z
2026-04-10 17:20:27,Disney California Adventure,Paradise Gardens Park,316,The Little Mermaid - Ariel's Undersea Adventure,45,True,2026-04-11T00:15:58.000Z
2026-04-10 17:20:27,Disney California Adventure,Paradise Gardens Park,14742,World of Color Happiness!,0,True,2026-04-11T00:15:58.000Z
2026-04-10 17:20:27,Disney California Adventure,Pixar Pier,13960,Games of Pixar Pier,0,True,2026-04-11T00:15:58.000Z
2026-04-10 17:20:27,Disney California Adventure,Pixar Pier,322,Incredicoaster,75,True,2026-04-11T00:15:58.000Z
2026-04-10 17:20:27,Disney California Adventure,Pixar Pier,10906,Incredicoaster Single Rider,0,True,2026-04-11T00:15:58.000Z
2026-04-10 17:20:27,Disney California Adventure,Pixar Pier,6643,Inside Out Emotional Whirlwind,0,False,2026-04-11T00:15:58.000Z
2026-04-10 17:20:27,Disney California Adventure,Pixar Pier,310,Jessie's Critter Carousel,15,True,2026-04-11T00:15:58.000Z
2026-04-10 17:20:27,Disney California Adventure,Pixar Pier,300,Jumpin' Jellyfish,20,True,2026-04-11T00:15:58.000Z
2026-04-10 17:20:27,Disney California Adventure,Pixar Pier,311,Pixar Pal-A-Round - Swinging,50,True,2026-04-11T00:15:58.000Z
2026-04-10 17:20:27,Disney California Adventure,Pixar Pier,5557,Pixar Pal-A-Round – Non-Swinging,30,True,2026-04-11T00:15:58.000Z
2026-04-10 17:20:27,Disney California Adventure,Pixar Pier,313,Toy Story Midway Mania!,0,False,2026-04-11T00:15:58.000Z
2026-04-10 17:20:27,Disney California Adventure,San Fransokyo Square,13959,The Bakery Tour,0,True,2026-04-11T00:15:58.000Z
2026-04-10 17:25:27,Disneyland,Adventureland,12428,Adventureland Treehouse inspired by Walt Disney’s Swiss Family Robinson,0,True,2026-04-11T00:20:38.000Z
2026-04-10 17:25:27,Disneyland,Adventureland,326,Indiana Jones™ Adventure,75,True,2026-04-11T00:20:38.000Z
2026-04-10 17:25:27,Disneyland,Adventureland,296,Jungle Cruise,0,False,2026-04-11T00:20:38.000Z
2026-04-10 17:25:27,Disneyland,Adventureland,288,Walt Disney's Enchanted Tiki Room,0,True,2026-04-11T00:20:38.000Z
2026-04-10 17:25:27,Disneyland,Bayou Country,304,Davy Crockett's Explorer Canoes,0,False,2026-04-11T00:20:38.000Z
2026-04-10 17:25:27,Disneyland,Bayou Country,306,The Many Adventures of Winnie the Pooh,20,True,2026-04-11T00:20:38.000Z
2026-04-10 17:25:27,Disneyland,Bayou Country,14168,Tiana's Bayou Adventure,60,True,2026-04-11T00:20:38.000Z
2026-04-10 17:25:27,Disneyland,Bayou Country,14326,Tiana's Bayou Adventure Single Rider,0,True,2026-04-11T00:20:38.000Z
2026-04-10 17:25:27,Disneyland,Fantasyland,307,"""it's a small world""",0,False,2026-04-11T00:20:38.000Z
2026-04-10 17:25:27,Disneyland,Fantasyland,285,Alice in Wonderland,30,True,2026-04-11T00:20:38.000Z
2026-04-10 17:25:27,Disneyland,Fantasyland,303,Casey Jr. Circus Train,15,True,2026-04-11T00:20:38.000Z
2026-04-10 17:25:27,Disneyland,Fantasyland,275,Dumbo the Flying Elephant,45,True,2026-04-11T00:20:38.000Z
2026-04-10 17:25:27,Disneyland,Fantasyland,277,King Arthur Carrousel,5,True,2026-04-11T00:20:38.000Z
2026-04-10 17:25:27,Disneyland,Fantasyland,278,Mad Tea Party,20,True,2026-04-11T00:20:38.000Z
2026-04-10 17:25:27,Disneyland,Fantasyland,279,Matterhorn Bobsleds,0,False,2026-04-11T00:20:38.000Z
2026-04-10 17:25:27,Disneyland,Fantasyland,6711,Meet Disney Princesses at Royal Hall,0,False,2026-04-11T00:20:38.000Z
2026-04-10 17:25:27,Disneyland,Fantasyland,280,Mr. Toad's Wild Ride,20,True,2026-04-11T00:20:38.000Z
2026-04-10 17:25:27,Disneyland,Fantasyland,281,Peter Pan's Flight,40,True,2026-04-11T00:20:38.000Z
2026-04-10 17:25:27,Disneyland,Fantasyland,282,Pinocchio's Daring Journey,15,True,2026-04-11T00:20:38.000Z
2026-04-10 17:25:27,Disneyland,Fantasyland,687,Sleeping Beauty Castle Walkthrough,0,False,2026-04-11T00:20:38.000Z
2026-04-10 17:25:27,Disneyland,Fantasyland,283,Snow White's Enchanted Wish,20,True,2026-04-11T00:20:38.000Z
2026-04-10 17:25:27,Disneyland,Fantasyland,305,Storybook Land Canal Boats,15,True,2026-04-11T00:20:38.000Z
2026-04-10 17:25:27,Disneyland,Frontierland,323,Big Thunder Mountain Railroad,55,True,2026-04-11T00:20:38.000Z
2026-04-10 17:25:27,Disneyland,Frontierland,679,Frontierland Shootin' Exposition,0,True,2026-04-11T00:20:38.000Z
2026-04-10 17:25:27,Disneyland,Frontierland,456,Mark Twain Riverboat,10,True,2026-04-11T00:20:38.000Z
2026-04-10 17:25:27,Disneyland,Frontierland,331,Pirate's Lair on Tom Sawyer Island,0,False,2026-04-11T00:20:38.000Z
2026-04-10 17:25:27,Disneyland,Frontierland,328,Sailing Ship Columbia,0,False,2026-04-11T00:20:38.000Z
2026-04-10 17:25:27,Disneyland,Main Street U.S.A,674,Disneyland Railroad,15,True,2026-04-11T00:20:38.000Z
2026-04-10 17:25:27,Disneyland,Main Street U.S.A,690,Great Moments with Mr. Lincoln,0,False,2026-04-11T00:20:38.000Z
2026-04-10 17:25:27,Disneyland,Main Street U.S.A,686,Main Street Cinema,0,True,2026-04-11T00:20:38.000Z
2026-04-10 17:25:27,Disneyland,Main Street U.S.A,691,Main Street Vehicles,0,True,2026-04-11T00:20:38.000Z
2026-04-10 17:25:27,Disneyland,Main Street U.S.A,14915,Opera House - Walt Disney - A Magical Life,0,True,2026-04-11T00:20:38.000Z
2026-04-10 17:25:27,Disneyland,Main Street U.S.A,695,The Disney Gallery,0,True,2026-04-11T00:20:38.000Z
2026-04-10 17:25:27,Disneyland,Main Street U.S.A,14923,Walt Disney - A Magical Life,0,True,2026-04-11T00:20:38.000Z
2026-04-10 17:25:27,Disneyland,Mickey's Toontown,324,Chip 'n' Dale's GADGETcoaster,30,True,2026-04-11T00:20:38.000Z
2026-04-10 17:25:27,Disneyland,Mickey's Toontown,13814,Donald's Duck Pond,0,True,2026-04-11T00:20:38.000Z
2026-04-10 17:25:27,Disneyland,Mickey's Toontown,11980,Goofy's How-to-Play Yard,0,True,2026-04-11T00:20:38.000Z
2026-04-10 17:25:27,Disneyland,Mickey's Toontown,11526,Mickey & Minnie's Runaway Railway,45,True,2026-04-11T00:20:38.000Z
2026-04-10 17:25:27,Disneyland,Mickey's Toontown,709,Mickey's House and Meet Mickey Mouse,30,True,2026-04-11T00:20:38.000Z
2026-04-10 17:25:27,Disneyland,Mickey's Toontown,327,Mickey's House and Meet Mickey Mouse,0,False,2026-04-11T00:20:38.000Z
2026-04-10 17:25:27,Disneyland,Mickey's Toontown,684,Minnie's House,0,True,2026-04-11T00:20:38.000Z
2026-04-10 17:25:27,Disneyland,Mickey's Toontown,332,Roger Rabbit's Car Toon Spin,0,False,2026-04-11T00:20:38.000Z
2026-04-10 17:25:27,Disneyland,New Orleans Square,13958,Haunted Mansion,40,True,2026-04-11T00:20:38.000Z
2026-04-10 17:25:27,Disneyland,New Orleans Square,289,Pirates of the Caribbean,35,True,2026-04-11T00:20:38.000Z
2026-04-10 17:25:27,Disneyland,Star Wars: Galaxy's Edge,6339,Millennium Falcon: Smugglers Run,55,True,2026-04-11T00:20:38.000Z
2026-04-10 17:25:27,Disneyland,Star Wars: Galaxy's Edge,10903,Millennium Falcon: Smugglers Run Single Rider,0,True,2026-04-11T00:20:38.000Z
2026-04-10 17:25:27,Disneyland,Star Wars: Galaxy's Edge,6340,Star Wars: Rise of the Resistance,80,True,2026-04-11T00:20:38.000Z
2026-04-10 17:25:27,Disneyland,Tomorrowland,287,Astro Orbitor,25,True,2026-04-11T00:20:38.000Z
2026-04-10 17:25:27,Disneyland,Tomorrowland,317,Autopia,10,True,2026-04-11T00:20:38.000Z
2026-04-10 17:25:27,Disneyland,Tomorrowland,273,Buzz Lightyear Astro Blasters,30,True,2026-04-11T00:20:38.000Z
2026-04-10 17:25:27,Disneyland,Tomorrowland,274,Disneyland Monorail,0,False,2026-04-11T00:20:38.000Z
2026-04-10 17:25:27,Disneyland,Tomorrowland,276,Finding Nemo Submarine Voyage,25,True,2026-04-11T00:20:38.000Z
2026-04-10 17:25:27,Disneyland,Tomorrowland,284,Space Mountain,75,True,2026-04-11T00:20:38.000Z
2026-04-10 17:25:27,Disneyland,Tomorrowland,286,Star Tours - The Adventures Continue,40,True,2026-04-11T00:20:38.000Z
2026-04-10 17:25:27,Disney California Adventure,Avengers Campus,329,Guardians of the Galaxy - Mission: BREAKOUT!,110,True,2026-04-11T00:20:38.000Z
2026-04-10 17:25:27,Disney California Adventure,Avengers Campus,8843,WEB SLINGERS: A Spider-Man Adventure,80,True,2026-04-11T00:20:38.000Z
2026-04-10 17:25:27,Disney California Adventure,Avengers Campus,10907,WEB SLINGERS: A Spider-Man Adventure Single Rider,0,True,2026-04-11T00:20:38.000Z
2026-04-10 17:25:27,Disney California Adventure,Cars Land,13961,Luigi's Rollickin' Roadsters,50,True,2026-04-11T00:20:38.000Z
2026-04-10 17:25:27,Disney California Adventure,Cars Land,315,Mater's Junkyard Jamboree,40,True,2026-04-11T00:20:38.000Z
2026-04-10 17:25:27,Disney California Adventure,Cars Land,295,Radiator Springs Racers,140,True,2026-04-11T00:20:38.000Z
2026-04-10 17:25:27,Disney California Adventure,Cars Land,10904,Radiator Springs Racers Single Rider,0,True,2026-04-11T00:20:38.000Z
2026-04-10 17:25:27,Disney California Adventure,Grizzly Peak,302,Grizzly River Run,55,True,2026-04-11T00:20:38.000Z
2026-04-10 17:25:27,Disney California Adventure,Grizzly Peak,293,Redwood Creek Challenge Trail,5,True,2026-04-11T00:20:38.000Z
2026-04-10 17:25:27,Disney California Adventure,Grizzly Peak,312,Soarin' Over California,45,True,2026-04-11T00:20:38.000Z
2026-04-10 17:25:27,Disney California Adventure,Hollywood Land,321,Animation Academy,0,True,2026-04-11T00:20:38.000Z
2026-04-10 17:25:27,Disney California Adventure,Hollywood Land,6440,Mickey's PhilharMagic,10,True,2026-04-11T00:20:38.000Z
2026-04-10 17:25:27,Disney California Adventure,Hollywood Land,291,"Monsters, Inc. Mike & Sulley to the Rescue!",75,True,2026-04-11T00:20:38.000Z
2026-04-10 17:25:27,Disney California Adventure,Hollywood Land,868,Sorcerer's Workshop,0,False,2026-04-11T00:20:38.000Z
2026-04-10 17:25:27,Disney California Adventure,Hollywood Land,294,Turtle Talk with Crush,0,True,2026-04-11T00:20:38.000Z
2026-04-10 17:25:27,Disney California Adventure,Paradise Gardens Park,298,Golden Zephyr,0,False,2026-04-11T00:20:38.000Z
2026-04-10 17:25:27,Disney California Adventure,Paradise Gardens Park,319,Goofy's Sky School,70,True,2026-04-11T00:20:38.000Z
2026-04-10 17:25:27,Disney California Adventure,Paradise Gardens Park,301,Silly Symphony Swings,25,True,2026-04-11T00:20:38.000Z
2026-04-10 17:25:27,Disney California Adventure,Paradise Gardens Park,10905,Silly Symphony Swings Single Rider,0,True,2026-04-11T00:20:38.000Z
2026-04-10 17:25:27,Disney California Adventure,Paradise Gardens Park,316,The Little Mermaid - Ariel's Undersea Adventure,45,True,2026-04-11T00:20:38.000Z
2026-04-10 17:25:27,Disney California Adventure,Paradise Gardens Park,14742,World of Color Happiness!,0,True,2026-04-11T00:20:38.000Z
2026-04-10 17:25:27,Disney California Adventure,Pixar Pier,13960,Games of Pixar Pier,0,True,2026-04-11T00:20:38.000Z
2026-04-10 17:25:27,Disney California Adventure,Pixar Pier,322,Incredicoaster,75,True,2026-04-11T00:20:38.000Z
2026-04-10 17:25:27,Disney California Adventure,Pixar Pier,10906,Incredicoaster Single Rider,0,True,2026-04-11T00:20:38.000Z
2026-04-10 17:25:27,Disney California Adventure,Pixar Pier,6643,Inside Out Emotional Whirlwind,0,False,2026-04-11T00:20:38.000Z
2026-04-10 17:25:27,Disney California Adventure,Pixar Pier,310,Jessie's Critter Carousel,15,True,2026-04-11T00:20:38.000Z
2026-04-10 17:25:27,Disney California Adventure,Pixar Pier,300,Jumpin' Jellyfish,20,True,2026-04-11T00:20:38.000Z
2026-04-10 17:25:27,Disney California Adventure,Pixar Pier,311,Pixar Pal-A-Round - Swinging,50,True,2026-04-11T00:20:38.000Z
2026-04-10 17:25:27,Disney California Adventure,Pixar Pier,5557,Pixar Pal-A-Round – Non-Swinging,30,True,2026-04-11T00:20:38.000Z
2026-04-10 17:25:27,Disney California Adventure,Pixar Pier,313,Toy Story Midway Mania!,0,False,2026-04-11T00:20:38.000Z
2026-04-10 17:25:27,Disney California Adventure,San Fransokyo Square,13959,The Bakery Tour,0,True,2026-04-11T00:20:38.000Z
2026-04-10 17:30:27,Disneyland,Adventureland,12428,Adventureland Treehouse inspired by Walt Disney’s Swiss Family Robinson,0,True,2026-04-11T00:25:30.000Z
2026-04-10 17:30:27,Disneyland,Adventureland,326,Indiana Jones™ Adventure,75,True,2026-04-11T00:25:30.000Z
2026-04-10 17:30:27,Disneyland,Adventureland,296,Jungle Cruise,0,False,2026-04-11T00:25:30.000Z
2026-04-10 17:30:27,Disneyland,Adventureland,288,Walt Disney's Enchanted Tiki Room,0,True,2026-04-11T00:25:30.000Z
2026-04-10 17:30:27,Disneyland,Bayou Country,304,Davy Crockett's Explorer Canoes,0,False,2026-04-11T00:25:30.000Z
2026-04-10 17:30:27,Disneyland,Bayou Country,306,The Many Adventures of Winnie the Pooh,20,True,2026-04-11T00:25:30.000Z
2026-04-10 17:30:27,Disneyland,Bayou Country,14168,Tiana's Bayou Adventure,60,True,2026-04-11T00:25:30.000Z
2026-04-10 17:30:27,Disneyland,Bayou Country,14326,Tiana's Bayou Adventure Single Rider,0,True,2026-04-11T00:25:30.000Z
2026-04-10 17:30:27,Disneyland,Fantasyland,307,"""it's a small world""",0,False,2026-04-11T00:25:30.000Z
2026-04-10 17:30:27,Disneyland,Fantasyland,285,Alice in Wonderland,30,True,2026-04-11T00:25:30.000Z
2026-04-10 17:30:27,Disneyland,Fantasyland,303,Casey Jr. Circus Train,15,True,2026-04-11T00:25:30.000Z
2026-04-10 17:30:27,Disneyland,Fantasyland,275,Dumbo the Flying Elephant,45,True,2026-04-11T00:25:30.000Z
2026-04-10 17:30:27,Disneyland,Fantasyland,277,King Arthur Carrousel,5,True,2026-04-11T00:25:30.000Z
2026-04-10 17:30:27,Disneyland,Fantasyland,278,Mad Tea Party,20,True,2026-04-11T00:25:30.000Z
2026-04-10 17:30:27,Disneyland,Fantasyland,279,Matterhorn Bobsleds,0,False,2026-04-11T00:25:30.000Z
2026-04-10 17:30:27,Disneyland,Fantasyland,6711,Meet Disney Princesses at Royal Hall,0,False,2026-04-11T00:25:30.000Z
2026-04-10 17:30:27,Disneyland,Fantasyland,280,Mr. Toad's Wild Ride,20,True,2026-04-11T00:25:30.000Z
2026-04-10 17:30:27,Disneyland,Fantasyland,281,Peter Pan's Flight,40,True,2026-04-11T00:25:30.000Z
2026-04-10 17:30:27,Disneyland,Fantasyland,282,Pinocchio's Daring Journey,15,True,2026-04-11T00:25:30.000Z
2026-04-10 17:30:27,Disneyland,Fantasyland,687,Sleeping Beauty Castle Walkthrough,0,False,2026-04-11T00:25:30.000Z
2026-04-10 17:30:27,Disneyland,Fantasyland,283,Snow White's Enchanted Wish,20,True,2026-04-11T00:25:30.000Z
2026-04-10 17:30:27,Disneyland,Fantasyland,305,Storybook Land Canal Boats,15,True,2026-04-11T00:25:30.000Z
2026-04-10 17:30:27,Disneyland,Frontierland,323,Big Thunder Mountain Railroad,60,True,2026-04-11T00:25:30.000Z
2026-04-10 17:30:27,Disneyland,Frontierland,679,Frontierland Shootin' Exposition,0,True,2026-04-11T00:25:30.000Z
2026-04-10 17:30:27,Disneyland,Frontierland,456,Mark Twain Riverboat,10,True,2026-04-11T00:25:30.000Z
2026-04-10 17:30:27,Disneyland,Frontierland,331,Pirate's Lair on Tom Sawyer Island,0,False,2026-04-11T00:25:30.000Z
2026-04-10 17:30:27,Disneyland,Frontierland,328,Sailing Ship Columbia,0,False,2026-04-11T00:25:30.000Z
2026-04-10 17:30:27,Disneyland,Main Street U.S.A,674,Disneyland Railroad,15,True,2026-04-11T00:25:30.000Z
2026-04-10 17:30:27,Disneyland,Main Street U.S.A,690,Great Moments with Mr. Lincoln,0,False,2026-04-11T00:25:30.000Z
2026-04-10 17:30:27,Disneyland,Main Street U.S.A,686,Main Street Cinema,0,True,2026-04-11T00:25:30.000Z
2026-04-10 17:30:27,Disneyland,Main Street U.S.A,691,Main Street Vehicles,0,True,2026-04-11T00:25:30.000Z
2026-04-10 17:30:27,Disneyland,Main Street U.S.A,14915,Opera House - Walt Disney - A Magical Life,0,True,2026-04-11T00:25:30.000Z
2026-04-10 17:30:27,Disneyland,Main Street U.S.A,695,The Disney Gallery,0,True,2026-04-11T00:25:30.000Z
2026-04-10 17:30:27,Disneyland,Main Street U.S.A,14923,Walt Disney - A Magical Life,0,True,2026-04-11T00:25:30.000Z
2026-04-10 17:30:27,Disneyland,Mickey's Toontown,324,Chip 'n' Dale's GADGETcoaster,30,True,2026-04-11T00:25:30.000Z
2026-04-10 17:30:27,Disneyland,Mickey's Toontown,13814,Donald's Duck Pond,0,True,2026-04-11T00:25:30.000Z
2026-04-10 17:30:27,Disneyland,Mickey's Toontown,11980,Goofy's How-to-Play Yard,0,True,2026-04-11T00:25:30.000Z
2026-04-10 17:30:27,Disneyland,Mickey's Toontown,11526,Mickey & Minnie's Runaway Railway,55,True,2026-04-11T00:25:30.000Z
2026-04-10 17:30:27,Disneyland,Mickey's Toontown,709,Mickey's House and Meet Mickey Mouse,30,True,2026-04-11T00:25:30.000Z
2026-04-10 17:30:27,Disneyland,Mickey's Toontown,327,Mickey's House and Meet Mickey Mouse,0,False,2026-04-11T00:25:30.000Z
2026-04-10 17:30:27,Disneyland,Mickey's Toontown,684,Minnie's House,0,True,2026-04-11T00:25:30.000Z
2026-04-10 17:30:27,Disneyland,Mickey's Toontown,332,Roger Rabbit's Car Toon Spin,0,False,2026-04-11T00:25:30.000Z
2026-04-10 17:30:27,Disneyland,New Orleans Square,13958,Haunted Mansion,40,True,2026-04-11T00:25:30.000Z
2026-04-10 17:30:27,Disneyland,New Orleans Square,289,Pirates of the Caribbean,35,True,2026-04-11T00:25:30.000Z
2026-04-10 17:30:27,Disneyland,Star Wars: Galaxy's Edge,6339,Millennium Falcon: Smugglers Run,45,True,2026-04-11T00:25:30.000Z
2026-04-10 17:30:27,Disneyland,Star Wars: Galaxy's Edge,10903,Millennium Falcon: Smugglers Run Single Rider,0,True,2026-04-11T00:25:30.000Z
2026-04-10 17:30:27,Disneyland,Star Wars: Galaxy's Edge,6340,Star Wars: Rise of the Resistance,80,True,2026-04-11T00:25:30.000Z
2026-04-10 17:30:27,Disneyland,Tomorrowland,287,Astro Orbitor,25,True,2026-04-11T00:25:30.000Z
2026-04-10 17:30:27,Disneyland,Tomorrowland,317,Autopia,5,True,2026-04-11T00:25:30.000Z
2026-04-10 17:30:27,Disneyland,Tomorrowland,273,Buzz Lightyear Astro Blasters,30,True,2026-04-11T00:25:30.000Z
2026-04-10 17:30:27,Disneyland,Tomorrowland,274,Disneyland Monorail,0,False,2026-04-11T00:25:30.000Z
2026-04-10 17:30:27,Disneyland,Tomorrowland,276,Finding Nemo Submarine Voyage,25,True,2026-04-11T00:25:30.000Z
2026-04-10 17:30:27,Disneyland,Tomorrowland,284,Space Mountain,75,True,2026-04-11T00:25:30.000Z
2026-04-10 17:30:27,Disneyland,Tomorrowland,286,Star Tours - The Adventures Continue,45,True,2026-04-11T00:25:30.000Z
2026-04-10 17:30:28,Disney California Adventure,Avengers Campus,329,Guardians of the Galaxy - Mission: BREAKOUT!,110,True,2026-04-11T00:25:43.000Z
2026-04-10 17:30:28,Disney California Adventure,Avengers Campus,8843,WEB SLINGERS: A Spider-Man Adventure,80,True,2026-04-11T00:25:43.000Z
2026-04-10 17:30:28,Disney California Adventure,Avengers Campus,10907,WEB SLINGERS: A Spider-Man Adventure Single Rider,0,True,2026-04-11T00:25:43.000Z
2026-04-10 17:30:28,Disney California Adventure,Cars Land,13961,Luigi's Rollickin' Roadsters,35,True,2026-04-11T00:25:43.000Z
2026-04-10 17:30:28,Disney California Adventure,Cars Land,315,Mater's Junkyard Jamboree,40,True,2026-04-11T00:25:43.000Z
2026-04-10 17:30:28,Disney California Adventure,Cars Land,295,Radiator Springs Racers,140,True,2026-04-11T00:25:43.000Z
2026-04-10 17:30:28,Disney California Adventure,Cars Land,10904,Radiator Springs Racers Single Rider,0,True,2026-04-11T00:25:43.000Z
2026-04-10 17:30:28,Disney California Adventure,Grizzly Peak,302,Grizzly River Run,55,True,2026-04-11T00:25:43.000Z
2026-04-10 17:30:28,Disney California Adventure,Grizzly Peak,293,Redwood Creek Challenge Trail,5,True,2026-04-11T00:25:43.000Z
2026-04-10 17:30:28,Disney California Adventure,Grizzly Peak,312,Soarin' Over California,45,True,2026-04-11T00:25:43.000Z
2026-04-10 17:30:28,Disney California Adventure,Hollywood Land,321,Animation Academy,0,True,2026-04-11T00:25:43.000Z
2026-04-10 17:30:28,Disney California Adventure,Hollywood Land,6440,Mickey's PhilharMagic,10,True,2026-04-11T00:25:43.000Z
2026-04-10 17:30:28,Disney California Adventure,Hollywood Land,291,"Monsters, Inc. Mike & Sulley to the Rescue!",75,True,2026-04-11T00:25:43.000Z
2026-04-10 17:30:28,Disney California Adventure,Hollywood Land,868,Sorcerer's Workshop,0,False,2026-04-11T00:25:43.000Z
2026-04-10 17:30:28,Disney California Adventure,Hollywood Land,294,Turtle Talk with Crush,0,True,2026-04-11T00:25:43.000Z
2026-04-10 17:30:28,Disney California Adventure,Paradise Gardens Park,298,Golden Zephyr,0,False,2026-04-11T00:25:43.000Z
2026-04-10 17:30:28,Disney California Adventure,Paradise Gardens Park,319,Goofy's Sky School,70,True,2026-04-11T00:25:43.000Z
2026-04-10 17:30:28,Disney California Adventure,Paradise Gardens Park,301,Silly Symphony Swings,25,True,2026-04-11T00:25:43.000Z
2026-04-10 17:30:28,Disney California Adventure,Paradise Gardens Park,10905,Silly Symphony Swings Single Rider,0,True,2026-04-11T00:25:43.000Z
2026-04-10 17:30:28,Disney California Adventure,Paradise Gardens Park,316,The Little Mermaid - Ariel's Undersea Adventure,35,True,2026-04-11T00:25:43.000Z
2026-04-10 17:30:28,Disney California Adventure,Paradise Gardens Park,14742,World of Color Happiness!,0,True,2026-04-11T00:25:43.000Z
2026-04-10 17:30:28,Disney California Adventure,Pixar Pier,13960,Games of Pixar Pier,0,True,2026-04-11T00:25:43.000Z
2026-04-10 17:30:28,Disney California Adventure,Pixar Pier,322,Incredicoaster,65,True,2026-04-11T00:25:43.000Z
2026-04-10 17:30:28,Disney California Adventure,Pixar Pier,10906,Incredicoaster Single Rider,0,True,2026-04-11T00:25:43.000Z
2026-04-10 17:30:28,Disney California Adventure,Pixar Pier,6643,Inside Out Emotional Whirlwind,0,False,2026-04-11T00:25:43.000Z
2026-04-10 17:30:28,Disney California Adventure,Pixar Pier,310,Jessie's Critter Carousel,15,True,2026-04-11T00:25:43.000Z
2026-04-10 17:30:28,Disney California Adventure,Pixar Pier,300,Jumpin' Jellyfish,20,True,2026-04-11T00:25:43.000Z
2026-04-10 17:30:28,Disney California Adventure,Pixar Pier,311,Pixar Pal-A-Round - Swinging,50,True,2026-04-11T00:25:43.000Z
2026-04-10 17:30:28,Disney California Adventure,Pixar Pier,5557,Pixar Pal-A-Round – Non-Swinging,30,True,2026-04-11T00:25:43.000Z
2026-04-10 17:30:28,Disney California Adventure,Pixar Pier,313,Toy Story Midway Mania!,0,False,2026-04-11T00:25:43.000Z
2026-04-10 17:30:28,Disney California Adventure,San Fransokyo Square,13959,The Bakery Tour,0,True,2026-04-11T00:25:43.000Z
2026-04-10 17:35:25,Disneyland,Adventureland,12428,Adventureland Treehouse inspired by Walt Disney’s Swiss Family Robinson,0,True,2026-04-11T00:31:02.000Z
2026-04-10 17:35:25,Disneyland,Adventureland,326,Indiana Jones™ Adventure,70,True,2026-04-11T00:31:02.000Z
2026-04-10 17:35:25,Disneyland,Adventureland,296,Jungle Cruise,0,False,2026-04-11T00:31:02.000Z
2026-04-10 17:35:25,Disneyland,Adventureland,288,Walt Disney's Enchanted Tiki Room,0,True,2026-04-11T00:31:02.000Z
2026-04-10 17:35:25,Disneyland,Bayou Country,304,Davy Crockett's Explorer Canoes,0,False,2026-04-11T00:31:02.000Z
2026-04-10 17:35:25,Disneyland,Bayou Country,306,The Many Adventures of Winnie the Pooh,20,True,2026-04-11T00:31:02.000Z
2026-04-10 17:35:25,Disneyland,Bayou Country,14168,Tiana's Bayou Adventure,60,True,2026-04-11T00:31:02.000Z
2026-04-10 17:35:25,Disneyland,Bayou Country,14326,Tiana's Bayou Adventure Single Rider,0,True,2026-04-11T00:31:02.000Z
2026-04-10 17:35:25,Disneyland,Fantasyland,307,"""it's a small world""",0,False,2026-04-11T00:31:02.000Z
2026-04-10 17:35:25,Disneyland,Fantasyland,285,Alice in Wonderland,30,True,2026-04-11T00:31:02.000Z
2026-04-10 17:35:25,Disneyland,Fantasyland,303,Casey Jr. Circus Train,15,True,2026-04-11T00:31:02.000Z
2026-04-10 17:35:25,Disneyland,Fantasyland,275,Dumbo the Flying Elephant,45,True,2026-04-11T00:31:02.000Z
2026-04-10 17:35:25,Disneyland,Fantasyland,277,King Arthur Carrousel,5,True,2026-04-11T00:31:02.000Z
2026-04-10 17:35:25,Disneyland,Fantasyland,278,Mad Tea Party,20,True,2026-04-11T00:31:02.000Z
2026-04-10 17:35:25,Disneyland,Fantasyland,279,Matterhorn Bobsleds,0,False,2026-04-11T00:31:02.000Z
2026-04-10 17:35:25,Disneyland,Fantasyland,6711,Meet Disney Princesses at Royal Hall,0,False,2026-04-11T00:31:02.000Z
2026-04-10 17:35:25,Disneyland,Fantasyland,280,Mr. Toad's Wild Ride,20,True,2026-04-11T00:31:02.000Z
2026-04-10 17:35:25,Disneyland,Fantasyland,281,Peter Pan's Flight,40,True,2026-04-11T00:31:02.000Z
2026-04-10 17:35:25,Disneyland,Fantasyland,282,Pinocchio's Daring Journey,15,True,2026-04-11T00:31:02.000Z
2026-04-10 17:35:25,Disneyland,Fantasyland,687,Sleeping Beauty Castle Walkthrough,0,False,2026-04-11T00:31:02.000Z
2026-04-10 17:35:25,Disneyland,Fantasyland,283,Snow White's Enchanted Wish,20,True,2026-04-11T00:31:02.000Z
2026-04-10 17:35:25,Disneyland,Fantasyland,305,Storybook Land Canal Boats,20,True,2026-04-11T00:31:02.000Z
2026-04-10 17:35:25,Disneyland,Frontierland,323,Big Thunder Mountain Railroad,75,True,2026-04-11T00:31:02.000Z
2026-04-10 17:35:25,Disneyland,Frontierland,679,Frontierland Shootin' Exposition,0,True,2026-04-11T00:31:02.000Z
2026-04-10 17:35:25,Disneyland,Frontierland,456,Mark Twain Riverboat,10,True,2026-04-11T00:31:02.000Z
2026-04-10 17:35:25,Disneyland,Frontierland,331,Pirate's Lair on Tom Sawyer Island,0,False,2026-04-11T00:31:02.000Z
2026-04-10 17:35:25,Disneyland,Frontierland,328,Sailing Ship Columbia,0,False,2026-04-11T00:31:02.000Z
2026-04-10 17:35:25,Disneyland,Main Street U.S.A,674,Disneyland Railroad,15,True,2026-04-11T00:31:02.000Z
2026-04-10 17:35:25,Disneyland,Main Street U.S.A,690,Great Moments with Mr. Lincoln,0,False,2026-04-11T00:31:02.000Z
2026-04-10 17:35:25,Disneyland,Main Street U.S.A,686,Main Street Cinema,0,True,2026-04-11T00:31:02.000Z
2026-04-10 17:35:25,Disneyland,Main Street U.S.A,691,Main Street Vehicles,0,True,2026-04-11T00:31:02.000Z
2026-04-10 17:35:25,Disneyland,Main Street U.S.A,14915,Opera House - Walt Disney - A Magical Life,0,True,2026-04-11T00:31:02.000Z
2026-04-10 17:35:25,Disneyland,Main Street U.S.A,695,The Disney Gallery,0,True,2026-04-11T00:31:02.000Z
2026-04-10 17:35:25,Disneyland,Main Street U.S.A,14923,Walt Disney - A Magical Life,0,True,2026-04-11T00:31:02.000Z
2026-04-10 17:35:25,Disneyland,Mickey's Toontown,324,Chip 'n' Dale's GADGETcoaster,30,True,2026-04-11T00:31:02.000Z
2026-04-10 17:35:25,Disneyland,Mickey's Toontown,13814,Donald's Duck Pond,0,True,2026-04-11T00:31:02.000Z
2026-04-10 17:35:25,Disneyland,Mickey's Toontown,11980,Goofy's How-to-Play Yard,0,True,2026-04-11T00:31:02.000Z
2026-04-10 17:35:25,Disneyland,Mickey's Toontown,11526,Mickey & Minnie's Runaway Railway,55,True,2026-04-11T00:31:02.000Z
2026-04-10 17:35:25,Disneyland,Mickey's Toontown,709,Mickey's House and Meet Mickey Mouse,30,True,2026-04-11T00:31:02.000Z
2026-04-10 17:35:25,Disneyland,Mickey's Toontown,327,Mickey's House and Meet Mickey Mouse,0,False,2026-04-11T00:31:02.000Z
2026-04-10 17:35:25,Disneyland,Mickey's Toontown,684,Minnie's House,0,True,2026-04-11T00:31:02.000Z
2026-04-10 17:35:25,Disneyland,Mickey's Toontown,332,Roger Rabbit's Car Toon Spin,0,False,2026-04-11T00:31:02.000Z
2026-04-10 17:35:25,Disneyland,New Orleans Square,13958,Haunted Mansion,40,True,2026-04-11T00:31:02.000Z
2026-04-10 17:35:25,Disneyland,New Orleans Square,289,Pirates of the Caribbean,35,True,2026-04-11T00:31:02.000Z
2026-04-10 17:35:25,Disneyland,Star Wars: Galaxy's Edge,6339,Millennium Falcon: Smugglers Run,45,True,2026-04-11T00:31:02.000Z
2026-04-10 17:35:25,Disneyland,Star Wars: Galaxy's Edge,10903,Millennium Falcon: Smugglers Run Single Rider,0,True,2026-04-11T00:31:02.000Z
2026-04-10 17:35:25,Disneyland,Star Wars: Galaxy's Edge,6340,Star Wars: Rise of the Resistance,80,True,2026-04-11T00:31:02.000Z
2026-04-10 17:35:25,Disneyland,Tomorrowland,287,Astro Orbitor,25,True,2026-04-11T00:31:02.000Z
2026-04-10 17:35:25,Disneyland,Tomorrowland,317,Autopia,10,True,2026-04-11T00:31:02.000Z
2026-04-10 17:35:25,Disneyland,Tomorrowland,273,Buzz Lightyear Astro Blasters,30,True,2026-04-11T00:31:02.000Z
2026-04-10 17:35:25,Disneyland,Tomorrowland,274,Disneyland Monorail,0,False,2026-04-11T00:31:02.000Z
2026-04-10 17:35:25,Disneyland,Tomorrowland,276,Finding Nemo Submarine Voyage,25,True,2026-04-11T00:31:02.000Z
2026-04-10 17:35:25,Disneyland,Tomorrowland,284,Space Mountain,80,True,2026-04-11T00:31:02.000Z
2026-04-10 17:35:25,Disneyland,Tomorrowland,286,Star Tours - The Adventures Continue,45,True,2026-04-11T00:31:02.000Z
2026-04-10 17:35:25,Disney California Adventure,Avengers Campus,329,Guardians of the Galaxy - Mission: BREAKOUT!,115,True,2026-04-11T00:31:02.000Z
2026-04-10 17:35:25,Disney California Adventure,Avengers Campus,8843,WEB SLINGERS: A Spider-Man Adventure,80,True,2026-04-11T00:31:02.000Z
2026-04-10 17:35:25,Disney California Adventure,Avengers Campus,10907,WEB SLINGERS: A Spider-Man Adventure Single Rider,0,True,2026-04-11T00:31:02.000Z
2026-04-10 17:35:25,Disney California Adventure,Cars Land,13961,Luigi's Rollickin' Roadsters,35,True,2026-04-11T00:31:02.000Z
2026-04-10 17:35:25,Disney California Adventure,Cars Land,315,Mater's Junkyard Jamboree,40,True,2026-04-11T00:31:02.000Z
2026-04-10 17:35:25,Disney California Adventure,Cars Land,295,Radiator Springs Racers,140,True,2026-04-11T00:31:02.000Z
2026-04-10 17:35:25,Disney California Adventure,Cars Land,10904,Radiator Springs Racers Single Rider,0,True,2026-04-11T00:31:02.000Z
2026-04-10 17:35:25,Disney California Adventure,Grizzly Peak,302,Grizzly River Run,55,True,2026-04-11T00:31:02.000Z
2026-04-10 17:35:25,Disney California Adventure,Grizzly Peak,293,Redwood Creek Challenge Trail,5,True,2026-04-11T00:31:02.000Z
2026-04-10 17:35:25,Disney California Adventure,Grizzly Peak,312,Soarin' Over California,45,True,2026-04-11T00:31:02.000Z
2026-04-10 17:35:25,Disney California Adventure,Hollywood Land,321,Animation Academy,0,True,2026-04-11T00:31:02.000Z
2026-04-10 17:35:25,Disney California Adventure,Hollywood Land,6440,Mickey's PhilharMagic,10,True,2026-04-11T00:31:02.000Z
2026-04-10 17:35:25,Disney California Adventure,Hollywood Land,291,"Monsters, Inc. Mike & Sulley to the Rescue!",75,True,2026-04-11T00:31:02.000Z
2026-04-10 17:35:25,Disney California Adventure,Hollywood Land,868,Sorcerer's Workshop,0,False,2026-04-11T00:31:02.000Z
2026-04-10 17:35:25,Disney California Adventure,Hollywood Land,294,Turtle Talk with Crush,0,True,2026-04-11T00:31:02.000Z
2026-04-10 17:35:25,Disney California Adventure,Paradise Gardens Park,298,Golden Zephyr,0,False,2026-04-11T00:31:02.000Z
2026-04-10 17:35:25,Disney California Adventure,Paradise Gardens Park,319,Goofy's Sky School,50,True,2026-04-11T00:31:02.000Z
2026-04-10 17:35:25,Disney California Adventure,Paradise Gardens Park,301,Silly Symphony Swings,30,True,2026-04-11T00:31:02.000Z
2026-04-10 17:35:25,Disney California Adventure,Paradise Gardens Park,10905,Silly Symphony Swings Single Rider,0,True,2026-04-11T00:31:02.000Z
2026-04-10 17:35:25,Disney California Adventure,Paradise Gardens Park,316,The Little Mermaid - Ariel's Undersea Adventure,40,True,2026-04-11T00:31:02.000Z
2026-04-10 17:35:25,Disney California Adventure,Paradise Gardens Park,14742,World of Color Happiness!,0,True,2026-04-11T00:31:02.000Z
2026-04-10 17:35:25,Disney California Adventure,Pixar Pier,13960,Games of Pixar Pier,0,True,2026-04-11T00:31:02.000Z
2026-04-10 17:35:25,Disney California Adventure,Pixar Pier,322,Incredicoaster,65,True,2026-04-11T00:31:02.000Z
2026-04-10 17:35:25,Disney California Adventure,Pixar Pier,10906,Incredicoaster Single Rider,0,True,2026-04-11T00:31:02.000Z
2026-04-10 17:35:25,Disney California Adventure,Pixar Pier,6643,Inside Out Emotional Whirlwind,0,False,2026-04-11T00:31:02.000Z
2026-04-10 17:35:25,Disney California Adventure,Pixar Pier,310,Jessie's Critter Carousel,15,True,2026-04-11T00:31:02.000Z
2026-04-10 17:35:25,Disney California Adventure,Pixar Pier,300,Jumpin' Jellyfish,20,True,2026-04-11T00:31:02.000Z
2026-04-10 17:35:25,Disney California Adventure,Pixar Pier,311,Pixar Pal-A-Round - Swinging,50,True,2026-04-11T00:31:02.000Z
2026-04-10 17:35:25,Disney California Adventure,Pixar Pier,5557,Pixar Pal-A-Round – Non-Swinging,30,True,2026-04-11T00:31:02.000Z
2026-04-10 17:35:25,Disney California Adventure,Pixar Pier,313,Toy Story Midway Mania!,0,False,2026-04-11T00:31:02.000Z
2026-04-10 17:35:25,Disney California Adventure,San Fransokyo Square,13959,The Bakery Tour,0,True,2026-04-11T00:31:02.000Z
2026-04-10 17:40:25,Disneyland,Adventureland,12428,Adventureland Treehouse inspired by Walt Disney’s Swiss Family Robinson,0,True,2026-04-11T00:35:42.000Z
2026-04-10 17:40:25,Disneyland,Adventureland,326,Indiana Jones™ Adventure,60,True,2026-04-11T00:35:42.000Z
2026-04-10 17:40:25,Disneyland,Adventureland,296,Jungle Cruise,0,False,2026-04-11T00:35:42.000Z
2026-04-10 17:40:25,Disneyland,Adventureland,288,Walt Disney's Enchanted Tiki Room,0,True,2026-04-11T00:35:42.000Z
2026-04-10 17:40:25,Disneyland,Bayou Country,304,Davy Crockett's Explorer Canoes,0,False,2026-04-11T00:35:42.000Z
2026-04-10 17:40:25,Disneyland,Bayou Country,306,The Many Adventures of Winnie the Pooh,20,True,2026-04-11T00:35:42.000Z
2026-04-10 17:40:25,Disneyland,Bayou Country,14168,Tiana's Bayou Adventure,60,True,2026-04-11T00:35:42.000Z
2026-04-10 17:40:25,Disneyland,Bayou Country,14326,Tiana's Bayou Adventure Single Rider,0,True,2026-04-11T00:35:42.000Z
2026-04-10 17:40:25,Disneyland,Fantasyland,307,"""it's a small world""",10,True,2026-04-11T00:35:42.000Z
2026-04-10 17:40:25,Disneyland,Fantasyland,285,Alice in Wonderland,35,True,2026-04-11T00:35:42.000Z
2026-04-10 17:40:25,Disneyland,Fantasyland,303,Casey Jr. Circus Train,15,True,2026-04-11T00:35:42.000Z
2026-04-10 17:40:25,Disneyland,Fantasyland,275,Dumbo the Flying Elephant,45,True,2026-04-11T00:35:42.000Z
2026-04-10 17:40:25,Disneyland,Fantasyland,277,King Arthur Carrousel,5,True,2026-04-11T00:35:42.000Z
2026-04-10 17:40:25,Disneyland,Fantasyland,278,Mad Tea Party,20,True,2026-04-11T00:35:42.000Z
2026-04-10 17:40:25,Disneyland,Fantasyland,279,Matterhorn Bobsleds,0,False,2026-04-11T00:35:42.000Z
2026-04-10 17:40:25,Disneyland,Fantasyland,6711,Meet Disney Princesses at Royal Hall,0,False,2026-04-11T00:35:42.000Z
2026-04-10 17:40:25,Disneyland,Fantasyland,280,Mr. Toad's Wild Ride,20,True,2026-04-11T00:35:42.000Z
2026-04-10 17:40:25,Disneyland,Fantasyland,281,Peter Pan's Flight,40,True,2026-04-11T00:35:42.000Z
2026-04-10 17:40:25,Disneyland,Fantasyland,282,Pinocchio's Daring Journey,15,True,2026-04-11T00:35:42.000Z
2026-04-10 17:40:25,Disneyland,Fantasyland,687,Sleeping Beauty Castle Walkthrough,0,False,2026-04-11T00:35:42.000Z
2026-04-10 17:40:25,Disneyland,Fantasyland,283,Snow White's Enchanted Wish,20,True,2026-04-11T00:35:42.000Z
2026-04-10 17:40:25,Disneyland,Fantasyland,305,Storybook Land Canal Boats,20,True,2026-04-11T00:35:42.000Z
2026-04-10 17:40:25,Disneyland,Frontierland,323,Big Thunder Mountain Railroad,85,True,2026-04-11T00:35:42.000Z
2026-04-10 17:40:25,Disneyland,Frontierland,679,Frontierland Shootin' Exposition,0,True,2026-04-11T00:35:42.000Z
2026-04-10 17:40:25,Disneyland,Frontierland,456,Mark Twain Riverboat,10,True,2026-04-11T00:35:42.000Z
2026-04-10 17:40:25,Disneyland,Frontierland,331,Pirate's Lair on Tom Sawyer Island,0,False,2026-04-11T00:35:42.000Z
2026-04-10 17:40:25,Disneyland,Frontierland,328,Sailing Ship Columbia,0,False,2026-04-11T00:35:42.000Z
2026-04-10 17:40:25,Disneyland,Main Street U.S.A,674,Disneyland Railroad,15,True,2026-04-11T00:35:42.000Z
2026-04-10 17:40:25,Disneyland,Main Street U.S.A,690,Great Moments with Mr. Lincoln,0,False,2026-04-11T00:35:42.000Z
2026-04-10 17:40:25,Disneyland,Main Street U.S.A,686,Main Street Cinema,0,True,2026-04-11T00:35:42.000Z
2026-04-10 17:40:25,Disneyland,Main Street U.S.A,691,Main Street Vehicles,0,True,2026-04-11T00:35:42.000Z
2026-04-10 17:40:25,Disneyland,Main Street U.S.A,14915,Opera House - Walt Disney - A Magical Life,0,True,2026-04-11T00:35:42.000Z
2026-04-10 17:40:25,Disneyland,Main Street U.S.A,695,The Disney Gallery,0,True,2026-04-11T00:35:42.000Z
2026-04-10 17:40:25,Disneyland,Main Street U.S.A,14923,Walt Disney - A Magical Life,0,True,2026-04-11T00:35:42.000Z
2026-04-10 17:40:25,Disneyland,Mickey's Toontown,324,Chip 'n' Dale's GADGETcoaster,30,True,2026-04-11T00:35:42.000Z
2026-04-10 17:40:25,Disneyland,Mickey's Toontown,13814,Donald's Duck Pond,0,True,2026-04-11T00:35:42.000Z
2026-04-10 17:40:25,Disneyland,Mickey's Toontown,11980,Goofy's How-to-Play Yard,0,True,2026-04-11T00:35:42.000Z
2026-04-10 17:40:25,Disneyland,Mickey's Toontown,11526,Mickey & Minnie's Runaway Railway,65,True,2026-04-11T00:35:42.000Z
2026-04-10 17:40:25,Disneyland,Mickey's Toontown,709,Mickey's House and Meet Mickey Mouse,30,True,2026-04-11T00:35:42.000Z
2026-04-10 17:40:25,Disneyland,Mickey's Toontown,327,Mickey's House and Meet Mickey Mouse,0,False,2026-04-11T00:35:42.000Z
2026-04-10 17:40:25,Disneyland,Mickey's Toontown,684,Minnie's House,0,True,2026-04-11T00:35:42.000Z
2026-04-10 17:40:25,Disneyland,Mickey's Toontown,332,Roger Rabbit's Car Toon Spin,0,False,2026-04-11T00:35:42.000Z
2026-04-10 17:40:25,Disneyland,New Orleans Square,13958,Haunted Mansion,40,True,2026-04-11T00:35:42.000Z
2026-04-10 17:40:25,Disneyland,New Orleans Square,289,Pirates of the Caribbean,40,True,2026-04-11T00:35:42.000Z
2026-04-10 17:40:25,Disneyland,Star Wars: Galaxy's Edge,6339,Millennium Falcon: Smugglers Run,45,True,2026-04-11T00:35:42.000Z
2026-04-10 17:40:25,Disneyland,Star Wars: Galaxy's Edge,10903,Millennium Falcon: Smugglers Run Single Rider,0,True,2026-04-11T00:35:42.000Z
2026-04-10 17:40:25,Disneyland,Star Wars: Galaxy's Edge,6340,Star Wars: Rise of the Resistance,80,True,2026-04-11T00:35:42.000Z
2026-04-10 17:40:25,Disneyland,Tomorrowland,287,Astro Orbitor,25,True,2026-04-11T00:35:42.000Z
2026-04-10 17:40:25,Disneyland,Tomorrowland,317,Autopia,20,True,2026-04-11T00:35:42.000Z
2026-04-10 17:40:25,Disneyland,Tomorrowland,273,Buzz Lightyear Astro Blasters,30,True,2026-04-11T00:35:42.000Z
2026-04-10 17:40:25,Disneyland,Tomorrowland,274,Disneyland Monorail,0,False,2026-04-11T00:35:42.000Z
2026-04-10 17:40:25,Disneyland,Tomorrowland,276,Finding Nemo Submarine Voyage,25,True,2026-04-11T00:35:42.000Z
2026-04-10 17:40:25,Disneyland,Tomorrowland,284,Space Mountain,85,True,2026-04-11T00:35:42.000Z
2026-04-10 17:40:25,Disneyland,Tomorrowland,286,Star Tours - The Adventures Continue,45,True,2026-04-11T00:35:42.000Z
2026-04-10 17:40:26,Disney California Adventure,Avengers Campus,329,Guardians of the Galaxy - Mission: BREAKOUT!,120,True,2026-04-11T00:35:43.000Z
2026-04-10 17:40:26,Disney California Adventure,Avengers Campus,8843,WEB SLINGERS: A Spider-Man Adventure,80,True,2026-04-11T00:35:43.000Z
2026-04-10 17:40:26,Disney California Adventure,Avengers Campus,10907,WEB SLINGERS: A Spider-Man Adventure Single Rider,0,True,2026-04-11T00:35:43.000Z
2026-04-10 17:40:26,Disney California Adventure,Cars Land,13961,Luigi's Rollickin' Roadsters,35,True,2026-04-11T00:35:43.000Z
2026-04-10 17:40:26,Disney California Adventure,Cars Land,315,Mater's Junkyard Jamboree,40,True,2026-04-11T00:35:43.000Z
2026-04-10 17:40:26,Disney California Adventure,Cars Land,295,Radiator Springs Racers,140,True,2026-04-11T00:35:43.000Z
2026-04-10 17:40:26,Disney California Adventure,Cars Land,10904,Radiator Springs Racers Single Rider,0,True,2026-04-11T00:35:43.000Z
2026-04-10 17:40:26,Disney California Adventure,Grizzly Peak,302,Grizzly River Run,55,True,2026-04-11T00:35:43.000Z
2026-04-10 17:40:26,Disney California Adventure,Grizzly Peak,293,Redwood Creek Challenge Trail,5,True,2026-04-11T00:35:43.000Z
2026-04-10 17:40:26,Disney California Adventure,Grizzly Peak,312,Soarin' Over California,45,True,2026-04-11T00:35:43.000Z
2026-04-10 17:40:26,Disney California Adventure,Hollywood Land,321,Animation Academy,0,True,2026-04-11T00:35:43.000Z
2026-04-10 17:40:26,Disney California Adventure,Hollywood Land,6440,Mickey's PhilharMagic,10,True,2026-04-11T00:35:43.000Z
2026-04-10 17:40:26,Disney California Adventure,Hollywood Land,291,"Monsters, Inc. Mike & Sulley to the Rescue!",45,True,2026-04-11T00:35:43.000Z
2026-04-10 17:40:26,Disney California Adventure,Hollywood Land,868,Sorcerer's Workshop,0,False,2026-04-11T00:35:43.000Z
2026-04-10 17:40:26,Disney California Adventure,Hollywood Land,294,Turtle Talk with Crush,0,True,2026-04-11T00:35:43.000Z
2026-04-10 17:40:26,Disney California Adventure,Paradise Gardens Park,298,Golden Zephyr,0,False,2026-04-11T00:35:43.000Z
2026-04-10 17:40:26,Disney California Adventure,Paradise Gardens Park,319,Goofy's Sky School,50,True,2026-04-11T00:35:43.000Z
2026-04-10 17:40:26,Disney California Adventure,Paradise Gardens Park,301,Silly Symphony Swings,25,True,2026-04-11T00:35:43.000Z
2026-04-10 17:40:26,Disney California Adventure,Paradise Gardens Park,10905,Silly Symphony Swings Single Rider,0,True,2026-04-11T00:35:43.000Z
2026-04-10 17:40:26,Disney California Adventure,Paradise Gardens Park,316,The Little Mermaid - Ariel's Undersea Adventure,40,True,2026-04-11T00:35:43.000Z
2026-04-10 17:40:26,Disney California Adventure,Paradise Gardens Park,14742,World of Color Happiness!,0,True,2026-04-11T00:35:43.000Z
2026-04-10 17:40:26,Disney California Adventure,Pixar Pier,13960,Games of Pixar Pier,0,True,2026-04-11T00:35:43.000Z
2026-04-10 17:40:26,Disney California Adventure,Pixar Pier,322,Incredicoaster,65,True,2026-04-11T00:35:43.000Z
2026-04-10 17:40:26,Disney California Adventure,Pixar Pier,10906,Incredicoaster Single Rider,0,True,2026-04-11T00:35:43.000Z
2026-04-10 17:40:26,Disney California Adventure,Pixar Pier,6643,Inside Out Emotional Whirlwind,0,False,2026-04-11T00:35:43.000Z
2026-04-10 17:40:26,Disney California Adventure,Pixar Pier,310,Jessie's Critter Carousel,15,True,2026-04-11T00:35:43.000Z
2026-04-10 17:40:26,Disney California Adventure,Pixar Pier,300,Jumpin' Jellyfish,20,True,2026-04-11T00:35:43.000Z
2026-04-10 17:40:26,Disney California Adventure,Pixar Pier,311,Pixar Pal-A-Round - Swinging,50,True,2026-04-11T00:35:43.000Z
2026-04-10 17:40:26,Disney California Adventure,Pixar Pier,5557,Pixar Pal-A-Round – Non-Swinging,30,True,2026-04-11T00:35:43.000Z
2026-04-10 17:40:26,Disney California Adventure,Pixar Pier,313,Toy Story Midway Mania!,0,False,2026-04-11T00:35:43.000Z
2026-04-10 17:40:26,Disney California Adventure,San Fransokyo Square,13959,The Bakery Tour,0,True,2026-04-11T00:35:43.000Z
2026-04-10 17:45:29,Disneyland,Adventureland,12428,Adventureland Treehouse inspired by Walt Disney’s Swiss Family Robinson,0,True,2026-04-11T00:40:49.000Z
2026-04-10 17:45:29,Disneyland,Adventureland,326,Indiana Jones™ Adventure,60,True,2026-04-11T00:40:49.000Z
2026-04-10 17:45:29,Disneyland,Adventureland,296,Jungle Cruise,0,False,2026-04-11T00:40:49.000Z
2026-04-10 17:45:29,Disneyland,Adventureland,288,Walt Disney's Enchanted Tiki Room,0,True,2026-04-11T00:40:49.000Z
2026-04-10 17:45:29,Disneyland,Bayou Country,304,Davy Crockett's Explorer Canoes,0,False,2026-04-11T00:40:49.000Z
2026-04-10 17:45:29,Disneyland,Bayou Country,306,The Many Adventures of Winnie the Pooh,20,True,2026-04-11T00:40:49.000Z
2026-04-10 17:45:29,Disneyland,Bayou Country,14168,Tiana's Bayou Adventure,60,True,2026-04-11T00:40:49.000Z
2026-04-10 17:45:29,Disneyland,Bayou Country,14326,Tiana's Bayou Adventure Single Rider,0,True,2026-04-11T00:40:49.000Z
2026-04-10 17:45:29,Disneyland,Fantasyland,307,"""it's a small world""",10,True,2026-04-11T00:40:49.000Z
2026-04-10 17:45:29,Disneyland,Fantasyland,285,Alice in Wonderland,35,True,2026-04-11T00:40:49.000Z
2026-04-10 17:45:29,Disneyland,Fantasyland,303,Casey Jr. Circus Train,15,True,2026-04-11T00:40:49.000Z
2026-04-10 17:45:29,Disneyland,Fantasyland,275,Dumbo the Flying Elephant,30,True,2026-04-11T00:40:49.000Z
2026-04-10 17:45:29,Disneyland,Fantasyland,277,King Arthur Carrousel,5,True,2026-04-11T00:40:49.000Z
2026-04-10 17:45:29,Disneyland,Fantasyland,278,Mad Tea Party,20,True,2026-04-11T00:40:49.000Z
2026-04-10 17:45:29,Disneyland,Fantasyland,279,Matterhorn Bobsleds,0,False,2026-04-11T00:40:49.000Z
2026-04-10 17:45:29,Disneyland,Fantasyland,6711,Meet Disney Princesses at Royal Hall,0,False,2026-04-11T00:40:49.000Z
2026-04-10 17:45:29,Disneyland,Fantasyland,280,Mr. Toad's Wild Ride,20,True,2026-04-11T00:40:49.000Z
2026-04-10 17:45:29,Disneyland,Fantasyland,281,Peter Pan's Flight,40,True,2026-04-11T00:40:49.000Z
2026-04-10 17:45:29,Disneyland,Fantasyland,282,Pinocchio's Daring Journey,15,True,2026-04-11T00:40:49.000Z
2026-04-10 17:45:29,Disneyland,Fantasyland,687,Sleeping Beauty Castle Walkthrough,0,False,2026-04-11T00:40:49.000Z
2026-04-10 17:45:29,Disneyland,Fantasyland,283,Snow White's Enchanted Wish,25,True,2026-04-11T00:40:49.000Z
2026-04-10 17:45:29,Disneyland,Fantasyland,305,Storybook Land Canal Boats,20,True,2026-04-11T00:40:49.000Z
2026-04-10 17:45:29,Disneyland,Frontierland,323,Big Thunder Mountain Railroad,85,True,2026-04-11T00:40:49.000Z
2026-04-10 17:45:29,Disneyland,Frontierland,679,Frontierland Shootin' Exposition,0,True,2026-04-11T00:40:49.000Z
2026-04-10 17:45:29,Disneyland,Frontierland,456,Mark Twain Riverboat,10,True,2026-04-11T00:40:49.000Z
2026-04-10 17:45:29,Disneyland,Frontierland,331,Pirate's Lair on Tom Sawyer Island,0,False,2026-04-11T00:40:49.000Z
2026-04-10 17:45:29,Disneyland,Frontierland,328,Sailing Ship Columbia,0,False,2026-04-11T00:40:49.000Z
2026-04-10 17:45:29,Disneyland,Main Street U.S.A,674,Disneyland Railroad,15,True,2026-04-11T00:40:49.000Z
2026-04-10 17:45:29,Disneyland,Main Street U.S.A,690,Great Moments with Mr. Lincoln,0,False,2026-04-11T00:40:49.000Z
2026-04-10 17:45:29,Disneyland,Main Street U.S.A,686,Main Street Cinema,0,True,2026-04-11T00:40:49.000Z
2026-04-10 17:45:29,Disneyland,Main Street U.S.A,691,Main Street Vehicles,0,True,2026-04-11T00:40:49.000Z
2026-04-10 17:45:29,Disneyland,Main Street U.S.A,14915,Opera House - Walt Disney - A Magical Life,0,True,2026-04-11T00:40:49.000Z
2026-04-10 17:45:29,Disneyland,Main Street U.S.A,695,The Disney Gallery,0,True,2026-04-11T00:40:49.000Z
2026-04-10 17:45:29,Disneyland,Main Street U.S.A,14923,Walt Disney - A Magical Life,0,True,2026-04-11T00:40:49.000Z
2026-04-10 17:45:29,Disneyland,Mickey's Toontown,324,Chip 'n' Dale's GADGETcoaster,30,True,2026-04-11T00:40:49.000Z
2026-04-10 17:45:29,Disneyland,Mickey's Toontown,13814,Donald's Duck Pond,0,True,2026-04-11T00:40:49.000Z
2026-04-10 17:45:29,Disneyland,Mickey's Toontown,11980,Goofy's How-to-Play Yard,0,True,2026-04-11T00:40:49.000Z
2026-04-10 17:45:29,Disneyland,Mickey's Toontown,11526,Mickey & Minnie's Runaway Railway,65,True,2026-04-11T00:40:49.000Z
2026-04-10 17:45:29,Disneyland,Mickey's Toontown,709,Mickey's House and Meet Mickey Mouse,30,True,2026-04-11T00:40:49.000Z
2026-04-10 17:45:29,Disneyland,Mickey's Toontown,327,Mickey's House and Meet Mickey Mouse,0,False,2026-04-11T00:40:49.000Z
2026-04-10 17:45:29,Disneyland,Mickey's Toontown,684,Minnie's House,0,True,2026-04-11T00:40:49.000Z
2026-04-10 17:45:29,Disneyland,Mickey's Toontown,332,Roger Rabbit's Car Toon Spin,0,False,2026-04-11T00:40:49.000Z
2026-04-10 17:45:29,Disneyland,New Orleans Square,13958,Haunted Mansion,40,True,2026-04-11T00:40:49.000Z
2026-04-10 17:45:29,Disneyland,New Orleans Square,289,Pirates of the Caribbean,40,True,2026-04-11T00:40:49.000Z
2026-04-10 17:45:29,Disneyland,Star Wars: Galaxy's Edge,6339,Millennium Falcon: Smugglers Run,55,True,2026-04-11T00:40:49.000Z
2026-04-10 17:45:29,Disneyland,Star Wars: Galaxy's Edge,10903,Millennium Falcon: Smugglers Run Single Rider,0,True,2026-04-11T00:40:49.000Z
2026-04-10 17:45:29,Disneyland,Star Wars: Galaxy's Edge,6340,Star Wars: Rise of the Resistance,80,True,2026-04-11T00:40:49.000Z
2026-04-10 17:45:29,Disneyland,Tomorrowland,287,Astro Orbitor,25,True,2026-04-11T00:40:49.000Z
2026-04-10 17:45:29,Disneyland,Tomorrowland,317,Autopia,20,True,2026-04-11T00:40:49.000Z
2026-04-10 17:45:29,Disneyland,Tomorrowland,273,Buzz Lightyear Astro Blasters,30,True,2026-04-11T00:40:49.000Z
2026-04-10 17:45:29,Disneyland,Tomorrowland,274,Disneyland Monorail,0,False,2026-04-11T00:40:49.000Z
2026-04-10 17:45:29,Disneyland,Tomorrowland,276,Finding Nemo Submarine Voyage,25,True,2026-04-11T00:40:49.000Z
2026-04-10 17:45:29,Disneyland,Tomorrowland,284,Space Mountain,85,True,2026-04-11T00:40:49.000Z
2026-04-10 17:45:29,Disneyland,Tomorrowland,286,Star Tours - The Adventures Continue,45,True,2026-04-11T00:40:49.000Z
2026-04-10 17:45:29,Disney California Adventure,Avengers Campus,329,Guardians of the Galaxy - Mission: BREAKOUT!,120,True,2026-04-11T00:40:52.000Z
2026-04-10 17:45:29,Disney California Adventure,Avengers Campus,8843,WEB SLINGERS: A Spider-Man Adventure,80,True,2026-04-11T00:40:52.000Z
2026-04-10 17:45:29,Disney California Adventure,Avengers Campus,10907,WEB SLINGERS: A Spider-Man Adventure Single Rider,0,True,2026-04-11T00:40:52.000Z
2026-04-10 17:45:29,Disney California Adventure,Cars Land,13961,Luigi's Rollickin' Roadsters,35,True,2026-04-11T00:40:52.000Z
2026-04-10 17:45:29,Disney California Adventure,Cars Land,315,Mater's Junkyard Jamboree,30,True,2026-04-11T00:40:52.000Z
2026-04-10 17:45:29,Disney California Adventure,Cars Land,295,Radiator Springs Racers,140,True,2026-04-11T00:40:52.000Z
2026-04-10 17:45:29,Disney California Adventure,Cars Land,10904,Radiator Springs Racers Single Rider,0,True,2026-04-11T00:40:52.000Z
2026-04-10 17:45:29,Disney California Adventure,Grizzly Peak,302,Grizzly River Run,45,True,2026-04-11T00:40:52.000Z
2026-04-10 17:45:29,Disney California Adventure,Grizzly Peak,293,Redwood Creek Challenge Trail,5,True,2026-04-11T00:40:52.000Z
2026-04-10 17:45:29,Disney California Adventure,Grizzly Peak,312,Soarin' Over California,45,True,2026-04-11T00:40:52.000Z
2026-04-10 17:45:29,Disney California Adventure,Hollywood Land,321,Animation Academy,0,True,2026-04-11T00:40:52.000Z
2026-04-10 17:45:29,Disney California Adventure,Hollywood Land,6440,Mickey's PhilharMagic,10,True,2026-04-11T00:40:52.000Z
2026-04-10 17:45:29,Disney California Adventure,Hollywood Land,291,"Monsters, Inc. Mike & Sulley to the Rescue!",45,True,2026-04-11T00:40:52.000Z
2026-04-10 17:45:29,Disney California Adventure,Hollywood Land,868,Sorcerer's Workshop,0,False,2026-04-11T00:40:52.000Z
2026-04-10 17:45:29,Disney California Adventure,Hollywood Land,294,Turtle Talk with Crush,0,True,2026-04-11T00:40:52.000Z
2026-04-10 17:45:29,Disney California Adventure,Paradise Gardens Park,298,Golden Zephyr,0,False,2026-04-11T00:40:52.000Z
2026-04-10 17:45:29,Disney California Adventure,Paradise Gardens Park,319,Goofy's Sky School,50,True,2026-04-11T00:40:52.000Z
2026-04-10 17:45:29,Disney California Adventure,Paradise Gardens Park,301,Silly Symphony Swings,25,True,2026-04-11T00:40:52.000Z
2026-04-10 17:45:29,Disney California Adventure,Paradise Gardens Park,10905,Silly Symphony Swings Single Rider,0,True,2026-04-11T00:40:52.000Z
2026-04-10 17:45:29,Disney California Adventure,Paradise Gardens Park,316,The Little Mermaid - Ariel's Undersea Adventure,40,True,2026-04-11T00:40:52.000Z
2026-04-10 17:45:29,Disney California Adventure,Paradise Gardens Park,14742,World of Color Happiness!,0,True,2026-04-11T00:40:52.000Z
2026-04-10 17:45:29,Disney California Adventure,Pixar Pier,13960,Games of Pixar Pier,0,True,2026-04-11T00:40:52.000Z
2026-04-10 17:45:29,Disney California Adventure,Pixar Pier,322,Incredicoaster,55,True,2026-04-11T00:40:52.000Z
2026-04-10 17:45:29,Disney California Adventure,Pixar Pier,10906,Incredicoaster Single Rider,0,True,2026-04-11T00:40:52.000Z
2026-04-10 17:45:29,Disney California Adventure,Pixar Pier,6643,Inside Out Emotional Whirlwind,0,False,2026-04-11T00:40:52.000Z
2026-04-10 17:45:29,Disney California Adventure,Pixar Pier,310,Jessie's Critter Carousel,15,True,2026-04-11T00:40:52.000Z
2026-04-10 17:45:29,Disney California Adventure,Pixar Pier,300,Jumpin' Jellyfish,20,True,2026-04-11T00:40:52.000Z
2026-04-10 17:45:29,Disney California Adventure,Pixar Pier,311,Pixar Pal-A-Round - Swinging,50,True,2026-04-11T00:40:52.000Z
2026-04-10 17:45:29,Disney California Adventure,Pixar Pier,5557,Pixar Pal-A-Round – Non-Swinging,30,True,2026-04-11T00:40:52.000Z
2026-04-10 17:45:29,Disney California Adventure,Pixar Pier,313,Toy Story Midway Mania!,0,False,2026-04-11T00:40:52.000Z
2026-04-10 17:45:29,Disney California Adventure,San Fransokyo Square,13959,The Bakery Tour,0,True,2026-04-11T00:40:52.000Z
2026-04-10 17:50:28,Disneyland,Adventureland,12428,Adventureland Treehouse inspired by Walt Disney’s Swiss Family Robinson,0,True,2026-04-11T00:45:32.000Z
2026-04-10 17:50:28,Disneyland,Adventureland,326,Indiana Jones™ Adventure,75,True,2026-04-11T00:45:32.000Z
2026-04-10 17:50:28,Disneyland,Adventureland,296,Jungle Cruise,0,False,2026-04-11T00:45:32.000Z
2026-04-10 17:50:28,Disneyland,Adventureland,288,Walt Disney's Enchanted Tiki Room,0,True,2026-04-11T00:45:32.000Z
2026-04-10 17:50:28,Disneyland,Bayou Country,304,Davy Crockett's Explorer Canoes,0,False,2026-04-11T00:45:32.000Z
2026-04-10 17:50:28,Disneyland,Bayou Country,306,The Many Adventures of Winnie the Pooh,30,True,2026-04-11T00:45:32.000Z
2026-04-10 17:50:28,Disneyland,Bayou Country,14168,Tiana's Bayou Adventure,60,True,2026-04-11T00:45:32.000Z
2026-04-10 17:50:28,Disneyland,Bayou Country,14326,Tiana's Bayou Adventure Single Rider,0,True,2026-04-11T00:45:32.000Z
2026-04-10 17:50:28,Disneyland,Fantasyland,307,"""it's a small world""",10,True,2026-04-11T00:45:32.000Z
2026-04-10 17:50:28,Disneyland,Fantasyland,285,Alice in Wonderland,35,True,2026-04-11T00:45:32.000Z
2026-04-10 17:50:28,Disneyland,Fantasyland,303,Casey Jr. Circus Train,15,True,2026-04-11T00:45:32.000Z
2026-04-10 17:50:28,Disneyland,Fantasyland,275,Dumbo the Flying Elephant,30,True,2026-04-11T00:45:32.000Z
2026-04-10 17:50:28,Disneyland,Fantasyland,277,King Arthur Carrousel,5,True,2026-04-11T00:45:32.000Z
2026-04-10 17:50:28,Disneyland,Fantasyland,278,Mad Tea Party,20,True,2026-04-11T00:45:32.000Z
2026-04-10 17:50:28,Disneyland,Fantasyland,279,Matterhorn Bobsleds,0,False,2026-04-11T00:45:32.000Z
2026-04-10 17:50:28,Disneyland,Fantasyland,6711,Meet Disney Princesses at Royal Hall,0,False,2026-04-11T00:45:32.000Z
2026-04-10 17:50:28,Disneyland,Fantasyland,280,Mr. Toad's Wild Ride,20,True,2026-04-11T00:45:32.000Z
2026-04-10 17:50:28,Disneyland,Fantasyland,281,Peter Pan's Flight,40,True,2026-04-11T00:45:32.000Z
2026-04-10 17:50:28,Disneyland,Fantasyland,282,Pinocchio's Daring Journey,15,True,2026-04-11T00:45:32.000Z
2026-04-10 17:50:28,Disneyland,Fantasyland,687,Sleeping Beauty Castle Walkthrough,0,False,2026-04-11T00:45:32.000Z
2026-04-10 17:50:28,Disneyland,Fantasyland,283,Snow White's Enchanted Wish,25,True,2026-04-11T00:45:32.000Z
2026-04-10 17:50:28,Disneyland,Fantasyland,305,Storybook Land Canal Boats,20,True,2026-04-11T00:45:32.000Z
2026-04-10 17:50:28,Disneyland,Frontierland,323,Big Thunder Mountain Railroad,55,True,2026-04-11T00:45:32.000Z
2026-04-10 17:50:28,Disneyland,Frontierland,679,Frontierland Shootin' Exposition,0,True,2026-04-11T00:45:32.000Z
2026-04-10 17:50:28,Disneyland,Frontierland,456,Mark Twain Riverboat,0,False,2026-04-11T00:45:32.000Z
2026-04-10 17:50:28,Disneyland,Frontierland,331,Pirate's Lair on Tom Sawyer Island,0,False,2026-04-11T00:45:32.000Z
2026-04-10 17:50:28,Disneyland,Frontierland,328,Sailing Ship Columbia,0,False,2026-04-11T00:45:32.000Z
2026-04-10 17:50:28,Disneyland,Main Street U.S.A,674,Disneyland Railroad,15,True,2026-04-11T00:45:32.000Z
2026-04-10 17:50:28,Disneyland,Main Street U.S.A,690,Great Moments with Mr. Lincoln,0,False,2026-04-11T00:45:32.000Z
2026-04-10 17:50:28,Disneyland,Main Street U.S.A,686,Main Street Cinema,0,True,2026-04-11T00:45:32.000Z
2026-04-10 17:50:28,Disneyland,Main Street U.S.A,691,Main Street Vehicles,0,True,2026-04-11T00:45:32.000Z
2026-04-10 17:50:28,Disneyland,Main Street U.S.A,14915,Opera House - Walt Disney - A Magical Life,0,True,2026-04-11T00:45:32.000Z
2026-04-10 17:50:28,Disneyland,Main Street U.S.A,695,The Disney Gallery,0,True,2026-04-11T00:45:32.000Z
2026-04-10 17:50:28,Disneyland,Main Street U.S.A,14923,Walt Disney - A Magical Life,0,True,2026-04-11T00:45:32.000Z
2026-04-10 17:50:28,Disneyland,Mickey's Toontown,324,Chip 'n' Dale's GADGETcoaster,45,True,2026-04-11T00:45:32.000Z
2026-04-10 17:50:28,Disneyland,Mickey's Toontown,13814,Donald's Duck Pond,0,True,2026-04-11T00:45:32.000Z
2026-04-10 17:50:28,Disneyland,Mickey's Toontown,11980,Goofy's How-to-Play Yard,0,True,2026-04-11T00:45:32.000Z
2026-04-10 17:50:28,Disneyland,Mickey's Toontown,11526,Mickey & Minnie's Runaway Railway,65,True,2026-04-11T00:45:32.000Z
2026-04-10 17:50:28,Disneyland,Mickey's Toontown,709,Mickey's House and Meet Mickey Mouse,30,True,2026-04-11T00:45:32.000Z
2026-04-10 17:50:28,Disneyland,Mickey's Toontown,327,Mickey's House and Meet Mickey Mouse,0,False,2026-04-11T00:45:32.000Z
2026-04-10 17:50:28,Disneyland,Mickey's Toontown,684,Minnie's House,0,True,2026-04-11T00:45:32.000Z
2026-04-10 17:50:28,Disneyland,Mickey's Toontown,332,Roger Rabbit's Car Toon Spin,0,False,2026-04-11T00:45:32.000Z
2026-04-10 17:50:28,Disneyland,New Orleans Square,13958,Haunted Mansion,30,True,2026-04-11T00:45:32.000Z
2026-04-10 17:50:28,Disneyland,New Orleans Square,289,Pirates of the Caribbean,40,True,2026-04-11T00:45:32.000Z
2026-04-10 17:50:28,Disneyland,Star Wars: Galaxy's Edge,6339,Millennium Falcon: Smugglers Run,55,True,2026-04-11T00:45:32.000Z
2026-04-10 17:50:28,Disneyland,Star Wars: Galaxy's Edge,10903,Millennium Falcon: Smugglers Run Single Rider,0,True,2026-04-11T00:45:32.000Z
2026-04-10 17:50:28,Disneyland,Star Wars: Galaxy's Edge,6340,Star Wars: Rise of the Resistance,80,True,2026-04-11T00:45:32.000Z
2026-04-10 17:50:28,Disneyland,Tomorrowland,287,Astro Orbitor,25,True,2026-04-11T00:45:32.000Z
2026-04-10 17:50:28,Disneyland,Tomorrowland,317,Autopia,20,True,2026-04-11T00:45:32.000Z
2026-04-10 17:50:28,Disneyland,Tomorrowland,273,Buzz Lightyear Astro Blasters,30,True,2026-04-11T00:45:32.000Z
2026-04-10 17:50:28,Disneyland,Tomorrowland,274,Disneyland Monorail,0,False,2026-04-11T00:45:32.000Z
2026-04-10 17:50:28,Disneyland,Tomorrowland,276,Finding Nemo Submarine Voyage,25,True,2026-04-11T00:45:32.000Z
2026-04-10 17:50:28,Disneyland,Tomorrowland,284,Space Mountain,85,True,2026-04-11T00:45:32.000Z
2026-04-10 17:50:28,Disneyland,Tomorrowland,286,Star Tours - The Adventures Continue,45,True,2026-04-11T00:45:32.000Z
2026-04-10 17:50:28,Disney California Adventure,Avengers Campus,329,Guardians of the Galaxy - Mission: BREAKOUT!,135,True,2026-04-11T00:45:47.000Z
2026-04-10 17:50:28,Disney California Adventure,Avengers Campus,8843,WEB SLINGERS: A Spider-Man Adventure,80,True,2026-04-11T00:45:47.000Z
2026-04-10 17:50:28,Disney California Adventure,Avengers Campus,10907,WEB SLINGERS: A Spider-Man Adventure Single Rider,0,True,2026-04-11T00:45:47.000Z
2026-04-10 17:50:28,Disney California Adventure,Cars Land,13961,Luigi's Rollickin' Roadsters,35,True,2026-04-11T00:45:47.000Z
2026-04-10 17:50:28,Disney California Adventure,Cars Land,315,Mater's Junkyard Jamboree,30,True,2026-04-11T00:45:47.000Z
2026-04-10 17:50:28,Disney California Adventure,Cars Land,295,Radiator Springs Racers,140,True,2026-04-11T00:45:47.000Z
2026-04-10 17:50:28,Disney California Adventure,Cars Land,10904,Radiator Springs Racers Single Rider,0,True,2026-04-11T00:45:47.000Z
2026-04-10 17:50:28,Disney California Adventure,Grizzly Peak,302,Grizzly River Run,45,True,2026-04-11T00:45:47.000Z
2026-04-10 17:50:28,Disney California Adventure,Grizzly Peak,293,Redwood Creek Challenge Trail,5,True,2026-04-11T00:45:47.000Z
2026-04-10 17:50:28,Disney California Adventure,Grizzly Peak,312,Soarin' Over California,70,True,2026-04-11T00:45:47.000Z
2026-04-10 17:50:28,Disney California Adventure,Hollywood Land,321,Animation Academy,0,True,2026-04-11T00:45:47.000Z
2026-04-10 17:50:28,Disney California Adventure,Hollywood Land,6440,Mickey's PhilharMagic,10,True,2026-04-11T00:45:47.000Z
2026-04-10 17:50:28,Disney California Adventure,Hollywood Land,291,"Monsters, Inc. Mike & Sulley to the Rescue!",45,True,2026-04-11T00:45:47.000Z
2026-04-10 17:50:28,Disney California Adventure,Hollywood Land,868,Sorcerer's Workshop,0,False,2026-04-11T00:45:47.000Z
2026-04-10 17:50:28,Disney California Adventure,Hollywood Land,294,Turtle Talk with Crush,0,True,2026-04-11T00:45:47.000Z
2026-04-10 17:50:28,Disney California Adventure,Paradise Gardens Park,298,Golden Zephyr,0,False,2026-04-11T00:45:47.000Z
2026-04-10 17:50:28,Disney California Adventure,Paradise Gardens Park,319,Goofy's Sky School,50,True,2026-04-11T00:45:47.000Z
2026-04-10 17:50:28,Disney California Adventure,Paradise Gardens Park,301,Silly Symphony Swings,25,True,2026-04-11T00:45:47.000Z
2026-04-10 17:50:28,Disney California Adventure,Paradise Gardens Park,10905,Silly Symphony Swings Single Rider,0,True,2026-04-11T00:45:47.000Z
2026-04-10 17:50:28,Disney California Adventure,Paradise Gardens Park,316,The Little Mermaid - Ariel's Undersea Adventure,40,True,2026-04-11T00:45:47.000Z
2026-04-10 17:50:28,Disney California Adventure,Paradise Gardens Park,14742,World of Color Happiness!,0,True,2026-04-11T00:45:47.000Z
2026-04-10 17:50:28,Disney California Adventure,Pixar Pier,13960,Games of Pixar Pier,0,True,2026-04-11T00:45:47.000Z
2026-04-10 17:50:28,Disney California Adventure,Pixar Pier,322,Incredicoaster,55,True,2026-04-11T00:45:47.000Z
2026-04-10 17:50:28,Disney California Adventure,Pixar Pier,10906,Incredicoaster Single Rider,0,True,2026-04-11T00:45:47.000Z
2026-04-10 17:50:28,Disney California Adventure,Pixar Pier,6643,Inside Out Emotional Whirlwind,0,False,2026-04-11T00:45:47.000Z
2026-04-10 17:50:28,Disney California Adventure,Pixar Pier,310,Jessie's Critter Carousel,15,True,2026-04-11T00:45:47.000Z
2026-04-10 17:50:28,Disney California Adventure,Pixar Pier,300,Jumpin' Jellyfish,20,True,2026-04-11T00:45:47.000Z
2026-04-10 17:50:28,Disney California Adventure,Pixar Pier,311,Pixar Pal-A-Round - Swinging,60,True,2026-04-11T00:45:47.000Z
2026-04-10 17:50:28,Disney California Adventure,Pixar Pier,5557,Pixar Pal-A-Round – Non-Swinging,45,True,2026-04-11T00:45:47.000Z
2026-04-10 17:50:28,Disney California Adventure,Pixar Pier,313,Toy Story Midway Mania!,0,False,2026-04-11T00:45:47.000Z
2026-04-10 17:50:28,Disney California Adventure,San Fransokyo Square,13959,The Bakery Tour,0,True,2026-04-11T00:45:47.000Z
2026-04-10 17:55:27,Disneyland,Adventureland,12428,Adventureland Treehouse inspired by Walt Disney’s Swiss Family Robinson,0,True,2026-04-11T00:50:47.000Z
2026-04-10 17:55:27,Disneyland,Adventureland,326,Indiana Jones™ Adventure,75,True,2026-04-11T00:50:47.000Z
2026-04-10 17:55:27,Disneyland,Adventureland,296,Jungle Cruise,0,False,2026-04-11T00:50:47.000Z
2026-04-10 17:55:27,Disneyland,Adventureland,288,Walt Disney's Enchanted Tiki Room,0,True,2026-04-11T00:50:47.000Z
2026-04-10 17:55:27,Disneyland,Bayou Country,304,Davy Crockett's Explorer Canoes,0,False,2026-04-11T00:50:47.000Z
2026-04-10 17:55:27,Disneyland,Bayou Country,306,The Many Adventures of Winnie the Pooh,35,True,2026-04-11T00:50:47.000Z
2026-04-10 17:55:27,Disneyland,Bayou Country,14168,Tiana's Bayou Adventure,60,True,2026-04-11T00:50:47.000Z
2026-04-10 17:55:27,Disneyland,Bayou Country,14326,Tiana's Bayou Adventure Single Rider,0,True,2026-04-11T00:50:47.000Z
2026-04-10 17:55:27,Disneyland,Fantasyland,307,"""it's a small world""",10,True,2026-04-11T00:50:47.000Z
2026-04-10 17:55:27,Disneyland,Fantasyland,285,Alice in Wonderland,35,True,2026-04-11T00:50:47.000Z
2026-04-10 17:55:27,Disneyland,Fantasyland,303,Casey Jr. Circus Train,15,True,2026-04-11T00:50:47.000Z
2026-04-10 17:55:27,Disneyland,Fantasyland,275,Dumbo the Flying Elephant,25,True,2026-04-11T00:50:47.000Z
2026-04-10 17:55:27,Disneyland,Fantasyland,277,King Arthur Carrousel,5,True,2026-04-11T00:50:47.000Z
2026-04-10 17:55:27,Disneyland,Fantasyland,278,Mad Tea Party,20,True,2026-04-11T00:50:47.000Z
2026-04-10 17:55:27,Disneyland,Fantasyland,279,Matterhorn Bobsleds,0,False,2026-04-11T00:50:47.000Z
2026-04-10 17:55:27,Disneyland,Fantasyland,6711,Meet Disney Princesses at Royal Hall,0,False,2026-04-11T00:50:47.000Z
2026-04-10 17:55:27,Disneyland,Fantasyland,280,Mr. Toad's Wild Ride,20,True,2026-04-11T00:50:47.000Z
2026-04-10 17:55:27,Disneyland,Fantasyland,281,Peter Pan's Flight,40,True,2026-04-11T00:50:47.000Z
2026-04-10 17:55:27,Disneyland,Fantasyland,282,Pinocchio's Daring Journey,20,True,2026-04-11T00:50:47.000Z
2026-04-10 17:55:27,Disneyland,Fantasyland,687,Sleeping Beauty Castle Walkthrough,0,False,2026-04-11T00:50:47.000Z
2026-04-10 17:55:27,Disneyland,Fantasyland,283,Snow White's Enchanted Wish,25,True,2026-04-11T00:50:47.000Z
2026-04-10 17:55:27,Disneyland,Fantasyland,305,Storybook Land Canal Boats,20,True,2026-04-11T00:50:47.000Z
2026-04-10 17:55:27,Disneyland,Frontierland,323,Big Thunder Mountain Railroad,60,True,2026-04-11T00:50:47.000Z
2026-04-10 17:55:27,Disneyland,Frontierland,679,Frontierland Shootin' Exposition,0,True,2026-04-11T00:50:47.000Z
2026-04-10 17:55:27,Disneyland,Frontierland,456,Mark Twain Riverboat,0,False,2026-04-11T00:50:47.000Z
2026-04-10 17:55:27,Disneyland,Frontierland,331,Pirate's Lair on Tom Sawyer Island,0,False,2026-04-11T00:50:47.000Z
2026-04-10 17:55:27,Disneyland,Frontierland,328,Sailing Ship Columbia,0,False,2026-04-11T00:50:47.000Z
2026-04-10 17:55:27,Disneyland,Main Street U.S.A,674,Disneyland Railroad,15,True,2026-04-11T00:50:47.000Z
2026-04-10 17:55:27,Disneyland,Main Street U.S.A,690,Great Moments with Mr. Lincoln,0,False,2026-04-11T00:50:47.000Z
2026-04-10 17:55:27,Disneyland,Main Street U.S.A,686,Main Street Cinema,0,True,2026-04-11T00:50:47.000Z
2026-04-10 17:55:27,Disneyland,Main Street U.S.A,691,Main Street Vehicles,0,True,2026-04-11T00:50:47.000Z
2026-04-10 17:55:27,Disneyland,Main Street U.S.A,14915,Opera House - Walt Disney - A Magical Life,0,True,2026-04-11T00:50:47.000Z
2026-04-10 17:55:27,Disneyland,Main Street U.S.A,695,The Disney Gallery,0,True,2026-04-11T00:50:47.000Z
2026-04-10 17:55:27,Disneyland,Main Street U.S.A,14923,Walt Disney - A Magical Life,0,True,2026-04-11T00:50:47.000Z
2026-04-10 17:55:27,Disneyland,Mickey's Toontown,324,Chip 'n' Dale's GADGETcoaster,45,True,2026-04-11T00:50:47.000Z
2026-04-10 17:55:27,Disneyland,Mickey's Toontown,13814,Donald's Duck Pond,0,True,2026-04-11T00:50:47.000Z
2026-04-10 17:55:27,Disneyland,Mickey's Toontown,11980,Goofy's How-to-Play Yard,0,True,2026-04-11T00:50:47.000Z
2026-04-10 17:55:27,Disneyland,Mickey's Toontown,11526,Mickey & Minnie's Runaway Railway,65,True,2026-04-11T00:50:47.000Z
2026-04-10 17:55:27,Disneyland,Mickey's Toontown,709,Mickey's House and Meet Mickey Mouse,30,True,2026-04-11T00:50:47.000Z
2026-04-10 17:55:27,Disneyland,Mickey's Toontown,327,Mickey's House and Meet Mickey Mouse,0,False,2026-04-11T00:50:47.000Z
2026-04-10 17:55:27,Disneyland,Mickey's Toontown,684,Minnie's House,0,True,2026-04-11T00:50:47.000Z
2026-04-10 17:55:27,Disneyland,Mickey's Toontown,332,Roger Rabbit's Car Toon Spin,0,False,2026-04-11T00:50:47.000Z
2026-04-10 17:55:27,Disneyland,New Orleans Square,13958,Haunted Mansion,30,True,2026-04-11T00:50:47.000Z
2026-04-10 17:55:27,Disneyland,New Orleans Square,289,Pirates of the Caribbean,40,True,2026-04-11T00:50:47.000Z
2026-04-10 17:55:27,Disneyland,Star Wars: Galaxy's Edge,6339,Millennium Falcon: Smugglers Run,55,True,2026-04-11T00:50:47.000Z
2026-04-10 17:55:27,Disneyland,Star Wars: Galaxy's Edge,10903,Millennium Falcon: Smugglers Run Single Rider,0,True,2026-04-11T00:50:47.000Z
2026-04-10 17:55:27,Disneyland,Star Wars: Galaxy's Edge,6340,Star Wars: Rise of the Resistance,70,True,2026-04-11T00:50:47.000Z
2026-04-10 17:55:27,Disneyland,Tomorrowland,287,Astro Orbitor,25,True,2026-04-11T00:50:47.000Z
2026-04-10 17:55:27,Disneyland,Tomorrowland,317,Autopia,20,True,2026-04-11T00:50:47.000Z
2026-04-10 17:55:27,Disneyland,Tomorrowland,273,Buzz Lightyear Astro Blasters,30,True,2026-04-11T00:50:47.000Z
2026-04-10 17:55:27,Disneyland,Tomorrowland,274,Disneyland Monorail,0,False,2026-04-11T00:50:47.000Z
2026-04-10 17:55:27,Disneyland,Tomorrowland,276,Finding Nemo Submarine Voyage,25,True,2026-04-11T00:50:47.000Z
2026-04-10 17:55:27,Disneyland,Tomorrowland,284,Space Mountain,85,True,2026-04-11T00:50:47.000Z
2026-04-10 17:55:27,Disneyland,Tomorrowland,286,Star Tours - The Adventures Continue,45,True,2026-04-11T00:50:47.000Z
2026-04-10 17:55:27,Disney California Adventure,Avengers Campus,329,Guardians of the Galaxy - Mission: BREAKOUT!,135,True,2026-04-11T00:50:47.000Z
2026-04-10 17:55:27,Disney California Adventure,Avengers Campus,8843,WEB SLINGERS: A Spider-Man Adventure,80,True,2026-04-11T00:50:47.000Z
2026-04-10 17:55:27,Disney California Adventure,Avengers Campus,10907,WEB SLINGERS: A Spider-Man Adventure Single Rider,0,True,2026-04-11T00:50:47.000Z
2026-04-10 17:55:27,Disney California Adventure,Cars Land,13961,Luigi's Rollickin' Roadsters,35,True,2026-04-11T00:50:47.000Z
2026-04-10 17:55:27,Disney California Adventure,Cars Land,315,Mater's Junkyard Jamboree,30,True,2026-04-11T00:50:47.000Z
2026-04-10 17:55:27,Disney California Adventure,Cars Land,295,Radiator Springs Racers,140,True,2026-04-11T00:50:47.000Z
2026-04-10 17:55:27,Disney California Adventure,Cars Land,10904,Radiator Springs Racers Single Rider,0,True,2026-04-11T00:50:47.000Z
2026-04-10 17:55:27,Disney California Adventure,Grizzly Peak,302,Grizzly River Run,45,True,2026-04-11T00:50:47.000Z
2026-04-10 17:55:27,Disney California Adventure,Grizzly Peak,293,Redwood Creek Challenge Trail,5,True,2026-04-11T00:50:47.000Z
2026-04-10 17:55:27,Disney California Adventure,Grizzly Peak,312,Soarin' Over California,70,True,2026-04-11T00:50:47.000Z
2026-04-10 17:55:27,Disney California Adventure,Hollywood Land,321,Animation Academy,0,True,2026-04-11T00:50:47.000Z
2026-04-10 17:55:27,Disney California Adventure,Hollywood Land,6440,Mickey's PhilharMagic,10,True,2026-04-11T00:50:47.000Z
2026-04-10 17:55:27,Disney California Adventure,Hollywood Land,291,"Monsters, Inc. Mike & Sulley to the Rescue!",45,True,2026-04-11T00:50:47.000Z
2026-04-10 17:55:27,Disney California Adventure,Hollywood Land,868,Sorcerer's Workshop,0,False,2026-04-11T00:50:47.000Z
2026-04-10 17:55:27,Disney California Adventure,Hollywood Land,294,Turtle Talk with Crush,0,True,2026-04-11T00:50:47.000Z
2026-04-10 17:55:27,Disney California Adventure,Paradise Gardens Park,298,Golden Zephyr,0,False,2026-04-11T00:50:47.000Z
2026-04-10 17:55:27,Disney California Adventure,Paradise Gardens Park,319,Goofy's Sky School,50,True,2026-04-11T00:50:47.000Z
2026-04-10 17:55:27,Disney California Adventure,Paradise Gardens Park,301,Silly Symphony Swings,20,True,2026-04-11T00:50:47.000Z
2026-04-10 17:55:27,Disney California Adventure,Paradise Gardens Park,10905,Silly Symphony Swings Single Rider,0,True,2026-04-11T00:50:47.000Z
2026-04-10 17:55:27,Disney California Adventure,Paradise Gardens Park,316,The Little Mermaid - Ariel's Undersea Adventure,40,True,2026-04-11T00:50:47.000Z
2026-04-10 17:55:27,Disney California Adventure,Paradise Gardens Park,14742,World of Color Happiness!,0,True,2026-04-11T00:50:47.000Z
2026-04-10 17:55:27,Disney California Adventure,Pixar Pier,13960,Games of Pixar Pier,0,True,2026-04-11T00:50:47.000Z
2026-04-10 17:55:27,Disney California Adventure,Pixar Pier,322,Incredicoaster,55,True,2026-04-11T00:50:47.000Z
2026-04-10 17:55:27,Disney California Adventure,Pixar Pier,10906,Incredicoaster Single Rider,0,True,2026-04-11T00:50:47.000Z
2026-04-10 17:55:27,Disney California Adventure,Pixar Pier,6643,Inside Out Emotional Whirlwind,0,False,2026-04-11T00:50:47.000Z
2026-04-10 17:55:27,Disney California Adventure,Pixar Pier,310,Jessie's Critter Carousel,15,True,2026-04-11T00:50:47.000Z
2026-04-10 17:55:27,Disney California Adventure,Pixar Pier,300,Jumpin' Jellyfish,20,True,2026-04-11T00:50:47.000Z
2026-04-10 17:55:27,Disney California Adventure,Pixar Pier,311,Pixar Pal-A-Round - Swinging,60,True,2026-04-11T00:50:47.000Z
2026-04-10 17:55:27,Disney California Adventure,Pixar Pier,5557,Pixar Pal-A-Round – Non-Swinging,45,True,2026-04-11T00:50:47.000Z
2026-04-10 17:55:27,Disney California Adventure,Pixar Pier,313,Toy Story Midway Mania!,0,False,2026-04-11T00:50:47.000Z
2026-04-10 17:55:27,Disney California Adventure,San Fransokyo Square,13959,The Bakery Tour,0,True,2026-04-11T00:50:47.000Z
2026-04-10 18:00:27,Disneyland,Adventureland,12428,Adventureland Treehouse inspired by Walt Disney’s Swiss Family Robinson,0,True,2026-04-11T00:55:36.000Z
2026-04-10 18:00:27,Disneyland,Adventureland,326,Indiana Jones™ Adventure,75,True,2026-04-11T00:55:36.000Z
2026-04-10 18:00:27,Disneyland,Adventureland,296,Jungle Cruise,0,False,2026-04-11T00:55:36.000Z
2026-04-10 18:00:27,Disneyland,Adventureland,288,Walt Disney's Enchanted Tiki Room,0,True,2026-04-11T00:55:36.000Z
2026-04-10 18:00:27,Disneyland,Bayou Country,304,Davy Crockett's Explorer Canoes,0,False,2026-04-11T00:55:36.000Z
2026-04-10 18:00:27,Disneyland,Bayou Country,306,The Many Adventures of Winnie the Pooh,40,True,2026-04-11T00:55:36.000Z
2026-04-10 18:00:27,Disneyland,Bayou Country,14168,Tiana's Bayou Adventure,60,True,2026-04-11T00:55:36.000Z
2026-04-10 18:00:27,Disneyland,Bayou Country,14326,Tiana's Bayou Adventure Single Rider,0,True,2026-04-11T00:55:36.000Z
2026-04-10 18:00:27,Disneyland,Fantasyland,307,"""it's a small world""",15,True,2026-04-11T00:55:36.000Z
2026-04-10 18:00:27,Disneyland,Fantasyland,285,Alice in Wonderland,35,True,2026-04-11T00:55:36.000Z
2026-04-10 18:00:27,Disneyland,Fantasyland,303,Casey Jr. Circus Train,15,True,2026-04-11T00:55:36.000Z
2026-04-10 18:00:27,Disneyland,Fantasyland,275,Dumbo the Flying Elephant,25,True,2026-04-11T00:55:36.000Z
2026-04-10 18:00:27,Disneyland,Fantasyland,277,King Arthur Carrousel,5,True,2026-04-11T00:55:36.000Z
2026-04-10 18:00:27,Disneyland,Fantasyland,278,Mad Tea Party,20,True,2026-04-11T00:55:36.000Z
2026-04-10 18:00:27,Disneyland,Fantasyland,279,Matterhorn Bobsleds,0,False,2026-04-11T00:55:36.000Z
2026-04-10 18:00:27,Disneyland,Fantasyland,6711,Meet Disney Princesses at Royal Hall,0,False,2026-04-11T00:55:36.000Z
2026-04-10 18:00:27,Disneyland,Fantasyland,280,Mr. Toad's Wild Ride,20,True,2026-04-11T00:55:36.000Z
2026-04-10 18:00:27,Disneyland,Fantasyland,281,Peter Pan's Flight,40,True,2026-04-11T00:55:36.000Z
2026-04-10 18:00:27,Disneyland,Fantasyland,282,Pinocchio's Daring Journey,20,True,2026-04-11T00:55:36.000Z
2026-04-10 18:00:27,Disneyland,Fantasyland,687,Sleeping Beauty Castle Walkthrough,0,False,2026-04-11T00:55:36.000Z
2026-04-10 18:00:27,Disneyland,Fantasyland,283,Snow White's Enchanted Wish,25,True,2026-04-11T00:55:36.000Z
2026-04-10 18:00:27,Disneyland,Fantasyland,305,Storybook Land Canal Boats,20,True,2026-04-11T00:55:36.000Z
2026-04-10 18:00:27,Disneyland,Frontierland,323,Big Thunder Mountain Railroad,55,True,2026-04-11T00:55:36.000Z
2026-04-10 18:00:27,Disneyland,Frontierland,679,Frontierland Shootin' Exposition,0,True,2026-04-11T00:55:36.000Z
2026-04-10 18:00:27,Disneyland,Frontierland,456,Mark Twain Riverboat,0,False,2026-04-11T00:55:36.000Z
2026-04-10 18:00:27,Disneyland,Frontierland,331,Pirate's Lair on Tom Sawyer Island,0,False,2026-04-11T00:55:36.000Z
2026-04-10 18:00:27,Disneyland,Frontierland,328,Sailing Ship Columbia,0,False,2026-04-11T00:55:36.000Z
2026-04-10 18:00:27,Disneyland,Main Street U.S.A,674,Disneyland Railroad,15,True,2026-04-11T00:55:36.000Z
2026-04-10 18:00:27,Disneyland,Main Street U.S.A,690,Great Moments with Mr. Lincoln,0,False,2026-04-11T00:55:36.000Z
2026-04-10 18:00:27,Disneyland,Main Street U.S.A,686,Main Street Cinema,0,True,2026-04-11T00:55:36.000Z
2026-04-10 18:00:27,Disneyland,Main Street U.S.A,691,Main Street Vehicles,0,True,2026-04-11T00:55:36.000Z
2026-04-10 18:00:27,Disneyland,Main Street U.S.A,14915,Opera House - Walt Disney - A Magical Life,0,True,2026-04-11T00:55:36.000Z
2026-04-10 18:00:27,Disneyland,Main Street U.S.A,695,The Disney Gallery,0,True,2026-04-11T00:55:36.000Z
2026-04-10 18:00:27,Disneyland,Main Street U.S.A,14923,Walt Disney - A Magical Life,0,True,2026-04-11T00:55:36.000Z
2026-04-10 18:00:27,Disneyland,Mickey's Toontown,324,Chip 'n' Dale's GADGETcoaster,35,True,2026-04-11T00:55:36.000Z
2026-04-10 18:00:27,Disneyland,Mickey's Toontown,13814,Donald's Duck Pond,0,True,2026-04-11T00:55:36.000Z
2026-04-10 18:00:27,Disneyland,Mickey's Toontown,11980,Goofy's How-to-Play Yard,0,True,2026-04-11T00:55:36.000Z
2026-04-10 18:00:27,Disneyland,Mickey's Toontown,11526,Mickey & Minnie's Runaway Railway,55,True,2026-04-11T00:55:36.000Z
2026-04-10 18:00:27,Disneyland,Mickey's Toontown,709,Mickey's House and Meet Mickey Mouse,30,True,2026-04-11T00:55:36.000Z
2026-04-10 18:00:27,Disneyland,Mickey's Toontown,327,Mickey's House and Meet Mickey Mouse,0,False,2026-04-11T00:55:36.000Z
2026-04-10 18:00:27,Disneyland,Mickey's Toontown,684,Minnie's House,0,True,2026-04-11T00:55:36.000Z
2026-04-10 18:00:27,Disneyland,Mickey's Toontown,332,Roger Rabbit's Car Toon Spin,0,False,2026-04-11T00:55:36.000Z
2026-04-10 18:00:27,Disneyland,New Orleans Square,13958,Haunted Mansion,40,True,2026-04-11T00:55:36.000Z
2026-04-10 18:00:27,Disneyland,New Orleans Square,289,Pirates of the Caribbean,25,True,2026-04-11T00:55:36.000Z
2026-04-10 18:00:27,Disneyland,Star Wars: Galaxy's Edge,6339,Millennium Falcon: Smugglers Run,55,True,2026-04-11T00:55:36.000Z
2026-04-10 18:00:27,Disneyland,Star Wars: Galaxy's Edge,10903,Millennium Falcon: Smugglers Run Single Rider,0,True,2026-04-11T00:55:36.000Z
2026-04-10 18:00:27,Disneyland,Star Wars: Galaxy's Edge,6340,Star Wars: Rise of the Resistance,65,True,2026-04-11T00:55:36.000Z
2026-04-10 18:00:27,Disneyland,Tomorrowland,287,Astro Orbitor,25,True,2026-04-11T00:55:36.000Z
2026-04-10 18:00:27,Disneyland,Tomorrowland,317,Autopia,40,True,2026-04-11T00:55:36.000Z
2026-04-10 18:00:27,Disneyland,Tomorrowland,273,Buzz Lightyear Astro Blasters,30,True,2026-04-11T00:55:36.000Z
2026-04-10 18:00:27,Disneyland,Tomorrowland,274,Disneyland Monorail,0,False,2026-04-11T00:55:36.000Z
2026-04-10 18:00:27,Disneyland,Tomorrowland,276,Finding Nemo Submarine Voyage,25,True,2026-04-11T00:55:36.000Z
2026-04-10 18:00:27,Disneyland,Tomorrowland,284,Space Mountain,85,True,2026-04-11T00:55:36.000Z
2026-04-10 18:00:27,Disneyland,Tomorrowland,286,Star Tours - The Adventures Continue,45,True,2026-04-11T00:55:36.000Z
2026-04-10 18:00:28,Disney California Adventure,Avengers Campus,329,Guardians of the Galaxy - Mission: BREAKOUT!,135,True,2026-04-11T00:55:36.000Z
2026-04-10 18:00:28,Disney California Adventure,Avengers Campus,8843,WEB SLINGERS: A Spider-Man Adventure,80,True,2026-04-11T00:55:36.000Z
2026-04-10 18:00:28,Disney California Adventure,Avengers Campus,10907,WEB SLINGERS: A Spider-Man Adventure Single Rider,0,True,2026-04-11T00:55:36.000Z
2026-04-10 18:00:28,Disney California Adventure,Cars Land,13961,Luigi's Rollickin' Roadsters,35,True,2026-04-11T00:55:36.000Z
2026-04-10 18:00:28,Disney California Adventure,Cars Land,315,Mater's Junkyard Jamboree,30,True,2026-04-11T00:55:36.000Z
2026-04-10 18:00:28,Disney California Adventure,Cars Land,295,Radiator Springs Racers,140,True,2026-04-11T00:55:36.000Z
2026-04-10 18:00:28,Disney California Adventure,Cars Land,10904,Radiator Springs Racers Single Rider,0,True,2026-04-11T00:55:36.000Z
2026-04-10 18:00:28,Disney California Adventure,Grizzly Peak,302,Grizzly River Run,45,True,2026-04-11T00:55:36.000Z
2026-04-10 18:00:28,Disney California Adventure,Grizzly Peak,293,Redwood Creek Challenge Trail,5,True,2026-04-11T00:55:36.000Z
2026-04-10 18:00:28,Disney California Adventure,Grizzly Peak,312,Soarin' Over California,100,True,2026-04-11T00:55:36.000Z
2026-04-10 18:00:28,Disney California Adventure,Hollywood Land,321,Animation Academy,0,True,2026-04-11T00:55:36.000Z
2026-04-10 18:00:28,Disney California Adventure,Hollywood Land,6440,Mickey's PhilharMagic,10,True,2026-04-11T00:55:36.000Z
2026-04-10 18:00:28,Disney California Adventure,Hollywood Land,291,"Monsters, Inc. Mike & Sulley to the Rescue!",35,True,2026-04-11T00:55:36.000Z
2026-04-10 18:00:28,Disney California Adventure,Hollywood Land,868,Sorcerer's Workshop,0,False,2026-04-11T00:55:36.000Z
2026-04-10 18:00:28,Disney California Adventure,Hollywood Land,294,Turtle Talk with Crush,0,True,2026-04-11T00:55:36.000Z
2026-04-10 18:00:28,Disney California Adventure,Paradise Gardens Park,298,Golden Zephyr,0,False,2026-04-11T00:55:36.000Z
2026-04-10 18:00:28,Disney California Adventure,Paradise Gardens Park,319,Goofy's Sky School,50,True,2026-04-11T00:55:36.000Z
2026-04-10 18:00:28,Disney California Adventure,Paradise Gardens Park,301,Silly Symphony Swings,20,True,2026-04-11T00:55:36.000Z
2026-04-10 18:00:28,Disney California Adventure,Paradise Gardens Park,10905,Silly Symphony Swings Single Rider,0,True,2026-04-11T00:55:36.000Z
2026-04-10 18:00:28,Disney California Adventure,Paradise Gardens Park,316,The Little Mermaid - Ariel's Undersea Adventure,40,True,2026-04-11T00:55:36.000Z
2026-04-10 18:00:28,Disney California Adventure,Paradise Gardens Park,14742,World of Color Happiness!,0,True,2026-04-11T00:55:36.000Z
2026-04-10 18:00:28,Disney California Adventure,Pixar Pier,13960,Games of Pixar Pier,0,True,2026-04-11T00:55:36.000Z
2026-04-10 18:00:28,Disney California Adventure,Pixar Pier,322,Incredicoaster,55,True,2026-04-11T00:55:36.000Z
2026-04-10 18:00:28,Disney California Adventure,Pixar Pier,10906,Incredicoaster Single Rider,0,True,2026-04-11T00:55:36.000Z
2026-04-10 18:00:28,Disney California Adventure,Pixar Pier,6643,Inside Out Emotional Whirlwind,0,False,2026-04-11T00:55:36.000Z
2026-04-10 18:00:28,Disney California Adventure,Pixar Pier,310,Jessie's Critter Carousel,15,True,2026-04-11T00:55:36.000Z
2026-04-10 18:00:28,Disney California Adventure,Pixar Pier,300,Jumpin' Jellyfish,15,True,2026-04-11T00:55:36.000Z
2026-04-10 18:00:28,Disney California Adventure,Pixar Pier,311,Pixar Pal-A-Round - Swinging,45,True,2026-04-11T00:55:36.000Z
2026-04-10 18:00:28,Disney California Adventure,Pixar Pier,5557,Pixar Pal-A-Round – Non-Swinging,45,True,2026-04-11T00:55:36.000Z
2026-04-10 18:00:28,Disney California Adventure,Pixar Pier,313,Toy Story Midway Mania!,0,False,2026-04-11T00:55:36.000Z
2026-04-10 18:00:28,Disney California Adventure,San Fransokyo Square,13959,The Bakery Tour,0,True,2026-04-11T00:55:36.000Z
2026-04-10 18:05:31,Disneyland,Adventureland,12428,Adventureland Treehouse inspired by Walt Disney’s Swiss Family Robinson,0,True,2026-04-11T01:00:44.000Z
2026-04-10 18:05:31,Disneyland,Adventureland,326,Indiana Jones™ Adventure,75,True,2026-04-11T01:00:44.000Z
2026-04-10 18:05:31,Disneyland,Adventureland,296,Jungle Cruise,0,False,2026-04-11T01:00:44.000Z
2026-04-10 18:05:31,Disneyland,Adventureland,288,Walt Disney's Enchanted Tiki Room,0,True,2026-04-11T01:00:44.000Z
2026-04-10 18:05:31,Disneyland,Bayou Country,304,Davy Crockett's Explorer Canoes,0,False,2026-04-11T01:00:44.000Z
2026-04-10 18:05:31,Disneyland,Bayou Country,306,The Many Adventures of Winnie the Pooh,40,True,2026-04-11T01:00:44.000Z
2026-04-10 18:05:31,Disneyland,Bayou Country,14168,Tiana's Bayou Adventure,60,True,2026-04-11T01:00:44.000Z
2026-04-10 18:05:31,Disneyland,Bayou Country,14326,Tiana's Bayou Adventure Single Rider,0,True,2026-04-11T01:00:44.000Z
2026-04-10 18:05:31,Disneyland,Fantasyland,307,"""it's a small world""",20,True,2026-04-11T01:00:44.000Z
2026-04-10 18:05:31,Disneyland,Fantasyland,285,Alice in Wonderland,35,True,2026-04-11T01:00:44.000Z
2026-04-10 18:05:31,Disneyland,Fantasyland,303,Casey Jr. Circus Train,15,True,2026-04-11T01:00:44.000Z
2026-04-10 18:05:31,Disneyland,Fantasyland,275,Dumbo the Flying Elephant,30,True,2026-04-11T01:00:44.000Z
2026-04-10 18:05:31,Disneyland,Fantasyland,277,King Arthur Carrousel,5,True,2026-04-11T01:00:44.000Z
2026-04-10 18:05:31,Disneyland,Fantasyland,278,Mad Tea Party,20,True,2026-04-11T01:00:44.000Z
2026-04-10 18:05:31,Disneyland,Fantasyland,279,Matterhorn Bobsleds,0,False,2026-04-11T01:00:44.000Z
2026-04-10 18:05:31,Disneyland,Fantasyland,6711,Meet Disney Princesses at Royal Hall,0,False,2026-04-11T01:00:44.000Z
2026-04-10 18:05:31,Disneyland,Fantasyland,280,Mr. Toad's Wild Ride,30,True,2026-04-11T01:00:44.000Z
2026-04-10 18:05:31,Disneyland,Fantasyland,281,Peter Pan's Flight,40,True,2026-04-11T01:00:44.000Z
2026-04-10 18:05:31,Disneyland,Fantasyland,282,Pinocchio's Daring Journey,20,True,2026-04-11T01:00:44.000Z
2026-04-10 18:05:31,Disneyland,Fantasyland,687,Sleeping Beauty Castle Walkthrough,0,False,2026-04-11T01:00:44.000Z
2026-04-10 18:05:31,Disneyland,Fantasyland,283,Snow White's Enchanted Wish,25,True,2026-04-11T01:00:44.000Z
2026-04-10 18:05:31,Disneyland,Fantasyland,305,Storybook Land Canal Boats,15,True,2026-04-11T01:00:44.000Z
2026-04-10 18:05:31,Disneyland,Frontierland,323,Big Thunder Mountain Railroad,60,True,2026-04-11T01:00:44.000Z
2026-04-10 18:05:31,Disneyland,Frontierland,679,Frontierland Shootin' Exposition,0,True,2026-04-11T01:00:44.000Z
2026-04-10 18:05:31,Disneyland,Frontierland,456,Mark Twain Riverboat,0,False,2026-04-11T01:00:44.000Z
2026-04-10 18:05:31,Disneyland,Frontierland,331,Pirate's Lair on Tom Sawyer Island,0,False,2026-04-11T01:00:44.000Z
2026-04-10 18:05:31,Disneyland,Frontierland,328,Sailing Ship Columbia,0,False,2026-04-11T01:00:44.000Z
2026-04-10 18:05:31,Disneyland,Main Street U.S.A,674,Disneyland Railroad,15,True,2026-04-11T01:00:44.000Z
2026-04-10 18:05:31,Disneyland,Main Street U.S.A,690,Great Moments with Mr. Lincoln,0,False,2026-04-11T01:00:44.000Z
2026-04-10 18:05:31,Disneyland,Main Street U.S.A,686,Main Street Cinema,0,True,2026-04-11T01:00:44.000Z
2026-04-10 18:05:31,Disneyland,Main Street U.S.A,691,Main Street Vehicles,0,True,2026-04-11T01:00:44.000Z
2026-04-10 18:05:31,Disneyland,Main Street U.S.A,14915,Opera House - Walt Disney - A Magical Life,0,True,2026-04-11T01:00:44.000Z
2026-04-10 18:05:31,Disneyland,Main Street U.S.A,695,The Disney Gallery,0,True,2026-04-11T01:00:44.000Z
2026-04-10 18:05:31,Disneyland,Main Street U.S.A,14923,Walt Disney - A Magical Life,0,True,2026-04-11T01:00:44.000Z
2026-04-10 18:05:31,Disneyland,Mickey's Toontown,324,Chip 'n' Dale's GADGETcoaster,35,True,2026-04-11T01:00:44.000Z
2026-04-10 18:05:31,Disneyland,Mickey's Toontown,13814,Donald's Duck Pond,0,True,2026-04-11T01:00:44.000Z
2026-04-10 18:05:31,Disneyland,Mickey's Toontown,11980,Goofy's How-to-Play Yard,0,True,2026-04-11T01:00:44.000Z
2026-04-10 18:05:31,Disneyland,Mickey's Toontown,11526,Mickey & Minnie's Runaway Railway,55,True,2026-04-11T01:00:44.000Z
2026-04-10 18:05:31,Disneyland,Mickey's Toontown,709,Mickey's House and Meet Mickey Mouse,45,True,2026-04-11T01:00:44.000Z
2026-04-10 18:05:31,Disneyland,Mickey's Toontown,327,Mickey's House and Meet Mickey Mouse,0,False,2026-04-11T01:00:44.000Z
2026-04-10 18:05:31,Disneyland,Mickey's Toontown,684,Minnie's House,0,True,2026-04-11T01:00:44.000Z
2026-04-10 18:05:31,Disneyland,Mickey's Toontown,332,Roger Rabbit's Car Toon Spin,0,False,2026-04-11T01:00:44.000Z
2026-04-10 18:05:31,Disneyland,New Orleans Square,13958,Haunted Mansion,40,True,2026-04-11T01:00:44.000Z
2026-04-10 18:05:31,Disneyland,New Orleans Square,289,Pirates of the Caribbean,25,True,2026-04-11T01:00:44.000Z
2026-04-10 18:05:31,Disneyland,Star Wars: Galaxy's Edge,6339,Millennium Falcon: Smugglers Run,55,True,2026-04-11T01:00:44.000Z
2026-04-10 18:05:31,Disneyland,Star Wars: Galaxy's Edge,10903,Millennium Falcon: Smugglers Run Single Rider,0,True,2026-04-11T01:00:44.000Z
2026-04-10 18:05:31,Disneyland,Star Wars: Galaxy's Edge,6340,Star Wars: Rise of the Resistance,65,True,2026-04-11T01:00:44.000Z
2026-04-10 18:05:31,Disneyland,Tomorrowland,287,Astro Orbitor,25,True,2026-04-11T01:00:44.000Z
2026-04-10 18:05:31,Disneyland,Tomorrowland,317,Autopia,40,True,2026-04-11T01:00:44.000Z
2026-04-10 18:05:31,Disneyland,Tomorrowland,273,Buzz Lightyear Astro Blasters,30,True,2026-04-11T01:00:44.000Z
2026-04-10 18:05:31,Disneyland,Tomorrowland,274,Disneyland Monorail,0,False,2026-04-11T01:00:44.000Z
2026-04-10 18:05:31,Disneyland,Tomorrowland,276,Finding Nemo Submarine Voyage,25,True,2026-04-11T01:00:44.000Z
2026-04-10 18:05:31,Disneyland,Tomorrowland,284,Space Mountain,90,True,2026-04-11T01:00:44.000Z
2026-04-10 18:05:31,Disneyland,Tomorrowland,286,Star Tours - The Adventures Continue,45,True,2026-04-11T01:00:44.000Z
2026-04-10 18:05:32,Disney California Adventure,Avengers Campus,329,Guardians of the Galaxy - Mission: BREAKOUT!,135,True,2026-04-11T01:00:48.000Z
2026-04-10 18:05:32,Disney California Adventure,Avengers Campus,8843,WEB SLINGERS: A Spider-Man Adventure,80,True,2026-04-11T01:00:48.000Z
2026-04-10 18:05:32,Disney California Adventure,Avengers Campus,10907,WEB SLINGERS: A Spider-Man Adventure Single Rider,0,True,2026-04-11T01:00:48.000Z
2026-04-10 18:05:32,Disney California Adventure,Cars Land,13961,Luigi's Rollickin' Roadsters,35,True,2026-04-11T01:00:48.000Z
2026-04-10 18:05:32,Disney California Adventure,Cars Land,315,Mater's Junkyard Jamboree,30,True,2026-04-11T01:00:48.000Z
2026-04-10 18:05:32,Disney California Adventure,Cars Land,295,Radiator Springs Racers,140,True,2026-04-11T01:00:48.000Z
2026-04-10 18:05:32,Disney California Adventure,Cars Land,10904,Radiator Springs Racers Single Rider,0,True,2026-04-11T01:00:48.000Z
2026-04-10 18:05:32,Disney California Adventure,Grizzly Peak,302,Grizzly River Run,45,True,2026-04-11T01:00:48.000Z
2026-04-10 18:05:32,Disney California Adventure,Grizzly Peak,293,Redwood Creek Challenge Trail,5,True,2026-04-11T01:00:48.000Z
2026-04-10 18:05:32,Disney California Adventure,Grizzly Peak,312,Soarin' Over California,100,True,2026-04-11T01:00:48.000Z
2026-04-10 18:05:32,Disney California Adventure,Hollywood Land,321,Animation Academy,0,True,2026-04-11T01:00:48.000Z
2026-04-10 18:05:32,Disney California Adventure,Hollywood Land,6440,Mickey's PhilharMagic,10,True,2026-04-11T01:00:48.000Z
2026-04-10 18:05:32,Disney California Adventure,Hollywood Land,291,"Monsters, Inc. Mike & Sulley to the Rescue!",35,True,2026-04-11T01:00:48.000Z
2026-04-10 18:05:32,Disney California Adventure,Hollywood Land,868,Sorcerer's Workshop,0,False,2026-04-11T01:00:48.000Z
2026-04-10 18:05:32,Disney California Adventure,Hollywood Land,294,Turtle Talk with Crush,0,True,2026-04-11T01:00:48.000Z
2026-04-10 18:05:32,Disney California Adventure,Paradise Gardens Park,298,Golden Zephyr,0,False,2026-04-11T01:00:48.000Z
2026-04-10 18:05:32,Disney California Adventure,Paradise Gardens Park,319,Goofy's Sky School,50,True,2026-04-11T01:00:48.000Z
2026-04-10 18:05:32,Disney California Adventure,Paradise Gardens Park,301,Silly Symphony Swings,20,True,2026-04-11T01:00:48.000Z
2026-04-10 18:05:32,Disney California Adventure,Paradise Gardens Park,10905,Silly Symphony Swings Single Rider,0,True,2026-04-11T01:00:48.000Z
2026-04-10 18:05:32,Disney California Adventure,Paradise Gardens Park,316,The Little Mermaid - Ariel's Undersea Adventure,40,True,2026-04-11T01:00:48.000Z
2026-04-10 18:05:32,Disney California Adventure,Paradise Gardens Park,14742,World of Color Happiness!,0,True,2026-04-11T01:00:48.000Z
2026-04-10 18:05:32,Disney California Adventure,Pixar Pier,13960,Games of Pixar Pier,0,True,2026-04-11T01:00:48.000Z
2026-04-10 18:05:32,Disney California Adventure,Pixar Pier,322,Incredicoaster,55,True,2026-04-11T01:00:48.000Z
2026-04-10 18:05:32,Disney California Adventure,Pixar Pier,10906,Incredicoaster Single Rider,0,True,2026-04-11T01:00:48.000Z
2026-04-10 18:05:32,Disney California Adventure,Pixar Pier,6643,Inside Out Emotional Whirlwind,0,False,2026-04-11T01:00:48.000Z
2026-04-10 18:05:32,Disney California Adventure,Pixar Pier,310,Jessie's Critter Carousel,15,True,2026-04-11T01:00:48.000Z
2026-04-10 18:05:32,Disney California Adventure,Pixar Pier,300,Jumpin' Jellyfish,15,True,2026-04-11T01:00:48.000Z
2026-04-10 18:05:32,Disney California Adventure,Pixar Pier,311,Pixar Pal-A-Round - Swinging,45,True,2026-04-11T01:00:48.000Z
2026-04-10 18:05:32,Disney California Adventure,Pixar Pier,5557,Pixar Pal-A-Round – Non-Swinging,45,True,2026-04-11T01:00:48.000Z
2026-04-10 18:05:32,Disney California Adventure,Pixar Pier,313,Toy Story Midway Mania!,0,False,2026-04-11T01:00:48.000Z
2026-04-10 18:05:32,Disney California Adventure,San Fransokyo Square,13959,The Bakery Tour,0,True,2026-04-11T01:00:48.000Z
2026-04-10 18:10:28,Disneyland,Adventureland,12428,Adventureland Treehouse inspired by Walt Disney’s Swiss Family Robinson,0,True,2026-04-11T01:05:43.000Z
2026-04-10 18:10:28,Disneyland,Adventureland,326,Indiana Jones™ Adventure,75,True,2026-04-11T01:05:43.000Z
2026-04-10 18:10:28,Disneyland,Adventureland,296,Jungle Cruise,0,False,2026-04-11T01:05:43.000Z
2026-04-10 18:10:28,Disneyland,Adventureland,288,Walt Disney's Enchanted Tiki Room,0,True,2026-04-11T01:05:43.000Z
2026-04-10 18:10:28,Disneyland,Bayou Country,304,Davy Crockett's Explorer Canoes,0,False,2026-04-11T01:05:43.000Z
2026-04-10 18:10:28,Disneyland,Bayou Country,306,The Many Adventures of Winnie the Pooh,40,True,2026-04-11T01:05:43.000Z
2026-04-10 18:10:28,Disneyland,Bayou Country,14168,Tiana's Bayou Adventure,60,True,2026-04-11T01:05:43.000Z
2026-04-10 18:10:28,Disneyland,Bayou Country,14326,Tiana's Bayou Adventure Single Rider,0,True,2026-04-11T01:05:43.000Z
2026-04-10 18:10:28,Disneyland,Fantasyland,307,"""it's a small world""",20,True,2026-04-11T01:05:43.000Z
2026-04-10 18:10:28,Disneyland,Fantasyland,285,Alice in Wonderland,35,True,2026-04-11T01:05:43.000Z
2026-04-10 18:10:28,Disneyland,Fantasyland,303,Casey Jr. Circus Train,15,True,2026-04-11T01:05:43.000Z
2026-04-10 18:10:28,Disneyland,Fantasyland,275,Dumbo the Flying Elephant,30,True,2026-04-11T01:05:43.000Z
2026-04-10 18:10:28,Disneyland,Fantasyland,277,King Arthur Carrousel,5,True,2026-04-11T01:05:43.000Z
2026-04-10 18:10:28,Disneyland,Fantasyland,278,Mad Tea Party,20,True,2026-04-11T01:05:43.000Z
2026-04-10 18:10:28,Disneyland,Fantasyland,279,Matterhorn Bobsleds,15,True,2026-04-11T01:05:43.000Z
2026-04-10 18:10:28,Disneyland,Fantasyland,6711,Meet Disney Princesses at Royal Hall,0,False,2026-04-11T01:05:43.000Z
2026-04-10 18:10:28,Disneyland,Fantasyland,280,Mr. Toad's Wild Ride,30,True,2026-04-11T01:05:43.000Z
2026-04-10 18:10:28,Disneyland,Fantasyland,281,Peter Pan's Flight,40,True,2026-04-11T01:05:43.000Z
2026-04-10 18:10:28,Disneyland,Fantasyland,282,Pinocchio's Daring Journey,20,True,2026-04-11T01:05:43.000Z
2026-04-10 18:10:28,Disneyland,Fantasyland,687,Sleeping Beauty Castle Walkthrough,0,False,2026-04-11T01:05:43.000Z
2026-04-10 18:10:28,Disneyland,Fantasyland,283,Snow White's Enchanted Wish,25,True,2026-04-11T01:05:43.000Z
2026-04-10 18:10:28,Disneyland,Fantasyland,305,Storybook Land Canal Boats,15,True,2026-04-11T01:05:43.000Z
2026-04-10 18:10:28,Disneyland,Frontierland,323,Big Thunder Mountain Railroad,65,True,2026-04-11T01:05:43.000Z
2026-04-10 18:10:28,Disneyland,Frontierland,679,Frontierland Shootin' Exposition,0,True,2026-04-11T01:05:43.000Z
2026-04-10 18:10:28,Disneyland,Frontierland,456,Mark Twain Riverboat,0,False,2026-04-11T01:05:43.000Z
2026-04-10 18:10:28,Disneyland,Frontierland,331,Pirate's Lair on Tom Sawyer Island,0,False,2026-04-11T01:05:43.000Z
2026-04-10 18:10:28,Disneyland,Frontierland,328,Sailing Ship Columbia,0,False,2026-04-11T01:05:43.000Z
2026-04-10 18:10:28,Disneyland,Main Street U.S.A,674,Disneyland Railroad,15,True,2026-04-11T01:05:43.000Z
2026-04-10 18:10:28,Disneyland,Main Street U.S.A,690,Great Moments with Mr. Lincoln,0,False,2026-04-11T01:05:43.000Z
2026-04-10 18:10:28,Disneyland,Main Street U.S.A,686,Main Street Cinema,0,True,2026-04-11T01:05:43.000Z
2026-04-10 18:10:28,Disneyland,Main Street U.S.A,691,Main Street Vehicles,0,True,2026-04-11T01:05:43.000Z
2026-04-10 18:10:28,Disneyland,Main Street U.S.A,14915,Opera House - Walt Disney - A Magical Life,0,True,2026-04-11T01:05:43.000Z
2026-04-10 18:10:28,Disneyland,Main Street U.S.A,695,The Disney Gallery,0,True,2026-04-11T01:05:43.000Z
2026-04-10 18:10:28,Disneyland,Main Street U.S.A,14923,Walt Disney - A Magical Life,0,True,2026-04-11T01:05:43.000Z
2026-04-10 18:10:28,Disneyland,Mickey's Toontown,324,Chip 'n' Dale's GADGETcoaster,35,True,2026-04-11T01:05:43.000Z
2026-04-10 18:10:28,Disneyland,Mickey's Toontown,13814,Donald's Duck Pond,0,True,2026-04-11T01:05:43.000Z
2026-04-10 18:10:28,Disneyland,Mickey's Toontown,11980,Goofy's How-to-Play Yard,0,True,2026-04-11T01:05:43.000Z
2026-04-10 18:10:28,Disneyland,Mickey's Toontown,11526,Mickey & Minnie's Runaway Railway,55,True,2026-04-11T01:05:43.000Z
2026-04-10 18:10:28,Disneyland,Mickey's Toontown,709,Mickey's House and Meet Mickey Mouse,45,True,2026-04-11T01:05:43.000Z
2026-04-10 18:10:28,Disneyland,Mickey's Toontown,327,Mickey's House and Meet Mickey Mouse,0,False,2026-04-11T01:05:43.000Z
2026-04-10 18:10:28,Disneyland,Mickey's Toontown,684,Minnie's House,0,True,2026-04-11T01:05:43.000Z
2026-04-10 18:10:28,Disneyland,Mickey's Toontown,332,Roger Rabbit's Car Toon Spin,0,False,2026-04-11T01:05:43.000Z
2026-04-10 18:10:28,Disneyland,New Orleans Square,13958,Haunted Mansion,50,True,2026-04-11T01:05:43.000Z
2026-04-10 18:10:28,Disneyland,New Orleans Square,289,Pirates of the Caribbean,20,True,2026-04-11T01:05:43.000Z
2026-04-10 18:10:28,Disneyland,Star Wars: Galaxy's Edge,6339,Millennium Falcon: Smugglers Run,40,True,2026-04-11T01:05:43.000Z
2026-04-10 18:10:28,Disneyland,Star Wars: Galaxy's Edge,10903,Millennium Falcon: Smugglers Run Single Rider,0,True,2026-04-11T01:05:43.000Z
2026-04-10 18:10:28,Disneyland,Star Wars: Galaxy's Edge,6340,Star Wars: Rise of the Resistance,70,True,2026-04-11T01:05:43.000Z
2026-04-10 18:10:28,Disneyland,Tomorrowland,287,Astro Orbitor,25,True,2026-04-11T01:05:43.000Z
2026-04-10 18:10:28,Disneyland,Tomorrowland,317,Autopia,40,True,2026-04-11T01:05:43.000Z
2026-04-10 18:10:28,Disneyland,Tomorrowland,273,Buzz Lightyear Astro Blasters,25,True,2026-04-11T01:05:43.000Z
2026-04-10 18:10:28,Disneyland,Tomorrowland,274,Disneyland Monorail,0,False,2026-04-11T01:05:43.000Z
2026-04-10 18:10:28,Disneyland,Tomorrowland,276,Finding Nemo Submarine Voyage,25,True,2026-04-11T01:05:43.000Z
2026-04-10 18:10:28,Disneyland,Tomorrowland,284,Space Mountain,90,True,2026-04-11T01:05:43.000Z
2026-04-10 18:10:28,Disneyland,Tomorrowland,286,Star Tours - The Adventures Continue,35,True,2026-04-11T01:05:43.000Z
2026-04-10 18:10:28,Disney California Adventure,Avengers Campus,329,Guardians of the Galaxy - Mission: BREAKOUT!,120,True,2026-04-11T01:05:45.000Z
2026-04-10 18:10:28,Disney California Adventure,Avengers Campus,8843,WEB SLINGERS: A Spider-Man Adventure,80,True,2026-04-11T01:05:45.000Z
2026-04-10 18:10:28,Disney California Adventure,Avengers Campus,10907,WEB SLINGERS: A Spider-Man Adventure Single Rider,0,True,2026-04-11T01:05:45.000Z
2026-04-10 18:10:28,Disney California Adventure,Cars Land,13961,Luigi's Rollickin' Roadsters,35,True,2026-04-11T01:05:45.000Z
2026-04-10 18:10:28,Disney California Adventure,Cars Land,315,Mater's Junkyard Jamboree,30,True,2026-04-11T01:05:45.000Z
2026-04-10 18:10:28,Disney California Adventure,Cars Land,295,Radiator Springs Racers,140,True,2026-04-11T01:05:45.000Z
2026-04-10 18:10:28,Disney California Adventure,Cars Land,10904,Radiator Springs Racers Single Rider,0,True,2026-04-11T01:05:45.000Z
2026-04-10 18:10:28,Disney California Adventure,Grizzly Peak,302,Grizzly River Run,45,True,2026-04-11T01:05:45.000Z
2026-04-10 18:10:28,Disney California Adventure,Grizzly Peak,293,Redwood Creek Challenge Trail,5,True,2026-04-11T01:05:45.000Z
2026-04-10 18:10:28,Disney California Adventure,Grizzly Peak,312,Soarin' Over California,100,True,2026-04-11T01:05:45.000Z
2026-04-10 18:10:28,Disney California Adventure,Hollywood Land,321,Animation Academy,0,True,2026-04-11T01:05:45.000Z
2026-04-10 18:10:28,Disney California Adventure,Hollywood Land,6440,Mickey's PhilharMagic,10,True,2026-04-11T01:05:45.000Z
2026-04-10 18:10:28,Disney California Adventure,Hollywood Land,291,"Monsters, Inc. Mike & Sulley to the Rescue!",45,True,2026-04-11T01:05:45.000Z
2026-04-10 18:10:28,Disney California Adventure,Hollywood Land,868,Sorcerer's Workshop,0,False,2026-04-11T01:05:45.000Z
2026-04-10 18:10:28,Disney California Adventure,Hollywood Land,294,Turtle Talk with Crush,0,True,2026-04-11T01:05:45.000Z
2026-04-10 18:10:28,Disney California Adventure,Paradise Gardens Park,298,Golden Zephyr,0,False,2026-04-11T01:05:45.000Z
2026-04-10 18:10:28,Disney California Adventure,Paradise Gardens Park,319,Goofy's Sky School,50,True,2026-04-11T01:05:45.000Z
2026-04-10 18:10:28,Disney California Adventure,Paradise Gardens Park,301,Silly Symphony Swings,20,True,2026-04-11T01:05:45.000Z
2026-04-10 18:10:28,Disney California Adventure,Paradise Gardens Park,10905,Silly Symphony Swings Single Rider,0,True,2026-04-11T01:05:45.000Z
2026-04-10 18:10:28,Disney California Adventure,Paradise Gardens Park,316,The Little Mermaid - Ariel's Undersea Adventure,35,True,2026-04-11T01:05:45.000Z
2026-04-10 18:10:28,Disney California Adventure,Paradise Gardens Park,14742,World of Color Happiness!,0,True,2026-04-11T01:05:45.000Z
2026-04-10 18:10:28,Disney California Adventure,Pixar Pier,13960,Games of Pixar Pier,0,True,2026-04-11T01:05:45.000Z
2026-04-10 18:10:28,Disney California Adventure,Pixar Pier,322,Incredicoaster,55,True,2026-04-11T01:05:45.000Z
2026-04-10 18:10:28,Disney California Adventure,Pixar Pier,10906,Incredicoaster Single Rider,0,True,2026-04-11T01:05:45.000Z
2026-04-10 18:10:28,Disney California Adventure,Pixar Pier,6643,Inside Out Emotional Whirlwind,0,False,2026-04-11T01:05:45.000Z
2026-04-10 18:10:28,Disney California Adventure,Pixar Pier,310,Jessie's Critter Carousel,15,True,2026-04-11T01:05:45.000Z
2026-04-10 18:10:28,Disney California Adventure,Pixar Pier,300,Jumpin' Jellyfish,15,True,2026-04-11T01:05:45.000Z
2026-04-10 18:10:28,Disney California Adventure,Pixar Pier,311,Pixar Pal-A-Round - Swinging,45,True,2026-04-11T01:05:45.000Z
2026-04-10 18:10:28,Disney California Adventure,Pixar Pier,5557,Pixar Pal-A-Round – Non-Swinging,45,True,2026-04-11T01:05:45.000Z
2026-04-10 18:10:28,Disney California Adventure,Pixar Pier,313,Toy Story Midway Mania!,0,False,2026-04-11T01:05:45.000Z
2026-04-10 18:10:28,Disney California Adventure,San Fransokyo Square,13959,The Bakery Tour,0,True,2026-04-11T01:05:45.000Z
2026-04-10 18:15:26,Disneyland,Adventureland,12428,Adventureland Treehouse inspired by Walt Disney’s Swiss Family Robinson,0,True,2026-04-11T01:10:34.000Z
2026-04-10 18:15:26,Disneyland,Adventureland,326,Indiana Jones™ Adventure,75,True,2026-04-11T01:10:34.000Z
2026-04-10 18:15:26,Disneyland,Adventureland,296,Jungle Cruise,0,False,2026-04-11T01:10:34.000Z
2026-04-10 18:15:26,Disneyland,Adventureland,288,Walt Disney's Enchanted Tiki Room,0,True,2026-04-11T01:10:34.000Z
2026-04-10 18:15:26,Disneyland,Bayou Country,304,Davy Crockett's Explorer Canoes,0,False,2026-04-11T01:10:34.000Z
2026-04-10 18:15:26,Disneyland,Bayou Country,306,The Many Adventures of Winnie the Pooh,30,True,2026-04-11T01:10:34.000Z
2026-04-10 18:15:26,Disneyland,Bayou Country,14168,Tiana's Bayou Adventure,60,True,2026-04-11T01:10:34.000Z
2026-04-10 18:15:26,Disneyland,Bayou Country,14326,Tiana's Bayou Adventure Single Rider,0,True,2026-04-11T01:10:34.000Z
2026-04-10 18:15:26,Disneyland,Fantasyland,307,"""it's a small world""",20,True,2026-04-11T01:10:34.000Z
2026-04-10 18:15:26,Disneyland,Fantasyland,285,Alice in Wonderland,0,False,2026-04-11T01:10:34.000Z
2026-04-10 18:15:26,Disneyland,Fantasyland,303,Casey Jr. Circus Train,15,True,2026-04-11T01:10:34.000Z
2026-04-10 18:15:26,Disneyland,Fantasyland,275,Dumbo the Flying Elephant,30,True,2026-04-11T01:10:34.000Z
2026-04-10 18:15:26,Disneyland,Fantasyland,277,King Arthur Carrousel,5,True,2026-04-11T01:10:34.000Z
2026-04-10 18:15:26,Disneyland,Fantasyland,278,Mad Tea Party,20,True,2026-04-11T01:10:34.000Z
2026-04-10 18:15:26,Disneyland,Fantasyland,279,Matterhorn Bobsleds,15,True,2026-04-11T01:10:34.000Z
2026-04-10 18:15:26,Disneyland,Fantasyland,6711,Meet Disney Princesses at Royal Hall,0,False,2026-04-11T01:10:34.000Z
2026-04-10 18:15:26,Disneyland,Fantasyland,280,Mr. Toad's Wild Ride,30,True,2026-04-11T01:10:34.000Z
2026-04-10 18:15:26,Disneyland,Fantasyland,281,Peter Pan's Flight,40,True,2026-04-11T01:10:34.000Z
2026-04-10 18:15:26,Disneyland,Fantasyland,282,Pinocchio's Daring Journey,20,True,2026-04-11T01:10:34.000Z
2026-04-10 18:15:26,Disneyland,Fantasyland,687,Sleeping Beauty Castle Walkthrough,0,False,2026-04-11T01:10:34.000Z
2026-04-10 18:15:26,Disneyland,Fantasyland,283,Snow White's Enchanted Wish,25,True,2026-04-11T01:10:34.000Z
2026-04-10 18:15:26,Disneyland,Fantasyland,305,Storybook Land Canal Boats,15,True,2026-04-11T01:10:34.000Z
2026-04-10 18:15:26,Disneyland,Frontierland,323,Big Thunder Mountain Railroad,65,True,2026-04-11T01:10:34.000Z
2026-04-10 18:15:26,Disneyland,Frontierland,679,Frontierland Shootin' Exposition,0,True,2026-04-11T01:10:34.000Z
2026-04-10 18:15:26,Disneyland,Frontierland,456,Mark Twain Riverboat,0,False,2026-04-11T01:10:34.000Z
2026-04-10 18:15:26,Disneyland,Frontierland,331,Pirate's Lair on Tom Sawyer Island,0,False,2026-04-11T01:10:34.000Z
2026-04-10 18:15:26,Disneyland,Frontierland,328,Sailing Ship Columbia,0,False,2026-04-11T01:10:34.000Z
2026-04-10 18:15:26,Disneyland,Main Street U.S.A,674,Disneyland Railroad,15,True,2026-04-11T01:10:34.000Z
2026-04-10 18:15:26,Disneyland,Main Street U.S.A,690,Great Moments with Mr. Lincoln,0,False,2026-04-11T01:10:34.000Z
2026-04-10 18:15:26,Disneyland,Main Street U.S.A,686,Main Street Cinema,0,True,2026-04-11T01:10:34.000Z
2026-04-10 18:15:26,Disneyland,Main Street U.S.A,691,Main Street Vehicles,0,True,2026-04-11T01:10:34.000Z
2026-04-10 18:15:26,Disneyland,Main Street U.S.A,14915,Opera House - Walt Disney - A Magical Life,0,True,2026-04-11T01:10:34.000Z
2026-04-10 18:15:26,Disneyland,Main Street U.S.A,695,The Disney Gallery,0,True,2026-04-11T01:10:34.000Z
2026-04-10 18:15:26,Disneyland,Main Street U.S.A,14923,Walt Disney - A Magical Life,0,True,2026-04-11T01:10:34.000Z
2026-04-10 18:15:26,Disneyland,Mickey's Toontown,324,Chip 'n' Dale's GADGETcoaster,35,True,2026-04-11T01:10:34.000Z
2026-04-10 18:15:26,Disneyland,Mickey's Toontown,13814,Donald's Duck Pond,0,True,2026-04-11T01:10:34.000Z
2026-04-10 18:15:26,Disneyland,Mickey's Toontown,11980,Goofy's How-to-Play Yard,0,True,2026-04-11T01:10:34.000Z
2026-04-10 18:15:26,Disneyland,Mickey's Toontown,11526,Mickey & Minnie's Runaway Railway,55,True,2026-04-11T01:10:34.000Z
2026-04-10 18:15:26,Disneyland,Mickey's Toontown,709,Mickey's House and Meet Mickey Mouse,45,True,2026-04-11T01:10:34.000Z
2026-04-10 18:15:26,Disneyland,Mickey's Toontown,327,Mickey's House and Meet Mickey Mouse,0,False,2026-04-11T01:10:34.000Z
2026-04-10 18:15:26,Disneyland,Mickey's Toontown,684,Minnie's House,0,True,2026-04-11T01:10:34.000Z
2026-04-10 18:15:26,Disneyland,Mickey's Toontown,332,Roger Rabbit's Car Toon Spin,0,False,2026-04-11T01:10:34.000Z
2026-04-10 18:15:26,Disneyland,New Orleans Square,13958,Haunted Mansion,50,True,2026-04-11T01:10:34.000Z
2026-04-10 18:15:26,Disneyland,New Orleans Square,289,Pirates of the Caribbean,20,True,2026-04-11T01:10:34.000Z
2026-04-10 18:15:26,Disneyland,Star Wars: Galaxy's Edge,6339,Millennium Falcon: Smugglers Run,40,True,2026-04-11T01:10:34.000Z
2026-04-10 18:15:26,Disneyland,Star Wars: Galaxy's Edge,10903,Millennium Falcon: Smugglers Run Single Rider,0,True,2026-04-11T01:10:34.000Z
2026-04-10 18:15:26,Disneyland,Star Wars: Galaxy's Edge,6340,Star Wars: Rise of the Resistance,70,True,2026-04-11T01:10:34.000Z
2026-04-10 18:15:26,Disneyland,Tomorrowland,287,Astro Orbitor,25,True,2026-04-11T01:10:34.000Z
2026-04-10 18:15:26,Disneyland,Tomorrowland,317,Autopia,40,True,2026-04-11T01:10:34.000Z
2026-04-10 18:15:26,Disneyland,Tomorrowland,273,Buzz Lightyear Astro Blasters,25,True,2026-04-11T01:10:34.000Z
2026-04-10 18:15:26,Disneyland,Tomorrowland,274,Disneyland Monorail,0,False,2026-04-11T01:10:34.000Z
2026-04-10 18:15:26,Disneyland,Tomorrowland,276,Finding Nemo Submarine Voyage,25,True,2026-04-11T01:10:34.000Z
2026-04-10 18:15:26,Disneyland,Tomorrowland,284,Space Mountain,85,True,2026-04-11T01:10:34.000Z
2026-04-10 18:15:26,Disneyland,Tomorrowland,286,Star Tours - The Adventures Continue,35,True,2026-04-11T01:10:34.000Z
2026-04-10 18:15:26,Disney California Adventure,Avengers Campus,329,Guardians of the Galaxy - Mission: BREAKOUT!,120,True,2026-04-11T01:10:42.000Z
2026-04-10 18:15:26,Disney California Adventure,Avengers Campus,8843,WEB SLINGERS: A Spider-Man Adventure,80,True,2026-04-11T01:10:42.000Z
2026-04-10 18:15:26,Disney California Adventure,Avengers Campus,10907,WEB SLINGERS: A Spider-Man Adventure Single Rider,0,True,2026-04-11T01:10:42.000Z
2026-04-10 18:15:26,Disney California Adventure,Cars Land,13961,Luigi's Rollickin' Roadsters,35,True,2026-04-11T01:10:42.000Z
2026-04-10 18:15:26,Disney California Adventure,Cars Land,315,Mater's Junkyard Jamboree,30,True,2026-04-11T01:10:42.000Z
2026-04-10 18:15:26,Disney California Adventure,Cars Land,295,Radiator Springs Racers,140,True,2026-04-11T01:10:42.000Z
2026-04-10 18:15:26,Disney California Adventure,Cars Land,10904,Radiator Springs Racers Single Rider,0,True,2026-04-11T01:10:42.000Z
2026-04-10 18:15:26,Disney California Adventure,Grizzly Peak,302,Grizzly River Run,45,True,2026-04-11T01:10:42.000Z
2026-04-10 18:15:26,Disney California Adventure,Grizzly Peak,293,Redwood Creek Challenge Trail,5,True,2026-04-11T01:10:42.000Z
2026-04-10 18:15:26,Disney California Adventure,Grizzly Peak,312,Soarin' Over California,70,True,2026-04-11T01:10:42.000Z
2026-04-10 18:15:26,Disney California Adventure,Hollywood Land,321,Animation Academy,0,True,2026-04-11T01:10:42.000Z
2026-04-10 18:15:26,Disney California Adventure,Hollywood Land,6440,Mickey's PhilharMagic,10,True,2026-04-11T01:10:42.000Z
2026-04-10 18:15:26,Disney California Adventure,Hollywood Land,291,"Monsters, Inc. Mike & Sulley to the Rescue!",45,True,2026-04-11T01:10:42.000Z
2026-04-10 18:15:26,Disney California Adventure,Hollywood Land,868,Sorcerer's Workshop,0,False,2026-04-11T01:10:42.000Z
2026-04-10 18:15:26,Disney California Adventure,Hollywood Land,294,Turtle Talk with Crush,0,True,2026-04-11T01:10:42.000Z
2026-04-10 18:15:26,Disney California Adventure,Paradise Gardens Park,298,Golden Zephyr,0,False,2026-04-11T01:10:42.000Z
2026-04-10 18:15:26,Disney California Adventure,Paradise Gardens Park,319,Goofy's Sky School,50,True,2026-04-11T01:10:42.000Z
2026-04-10 18:15:26,Disney California Adventure,Paradise Gardens Park,301,Silly Symphony Swings,20,True,2026-04-11T01:10:42.000Z
2026-04-10 18:15:26,Disney California Adventure,Paradise Gardens Park,10905,Silly Symphony Swings Single Rider,0,True,2026-04-11T01:10:42.000Z
2026-04-10 18:15:26,Disney California Adventure,Paradise Gardens Park,316,The Little Mermaid - Ariel's Undersea Adventure,35,True,2026-04-11T01:10:42.000Z
2026-04-10 18:15:26,Disney California Adventure,Paradise Gardens Park,14742,World of Color Happiness!,0,True,2026-04-11T01:10:42.000Z
2026-04-10 18:15:26,Disney California Adventure,Pixar Pier,13960,Games of Pixar Pier,0,True,2026-04-11T01:10:42.000Z
2026-04-10 18:15:26,Disney California Adventure,Pixar Pier,322,Incredicoaster,55,True,2026-04-11T01:10:42.000Z
2026-04-10 18:15:26,Disney California Adventure,Pixar Pier,10906,Incredicoaster Single Rider,0,True,2026-04-11T01:10:42.000Z
2026-04-10 18:15:26,Disney California Adventure,Pixar Pier,6643,Inside Out Emotional Whirlwind,0,False,2026-04-11T01:10:42.000Z
2026-04-10 18:15:26,Disney California Adventure,Pixar Pier,310,Jessie's Critter Carousel,15,True,2026-04-11T01:10:42.000Z
2026-04-10 18:15:26,Disney California Adventure,Pixar Pier,300,Jumpin' Jellyfish,15,True,2026-04-11T01:10:42.000Z
2026-04-10 18:15:26,Disney California Adventure,Pixar Pier,311,Pixar Pal-A-Round - Swinging,45,True,2026-04-11T01:10:42.000Z
2026-04-10 18:15:26,Disney California Adventure,Pixar Pier,5557,Pixar Pal-A-Round – Non-Swinging,45,True,2026-04-11T01:10:42.000Z
2026-04-10 18:15:26,Disney California Adventure,Pixar Pier,313,Toy Story Midway Mania!,0,False,2026-04-11T01:10:42.000Z
2026-04-10 18:15:26,Disney California Adventure,San Fransokyo Square,13959,The Bakery Tour,0,True,2026-04-11T01:10:42.000Z
2026-04-10 18:20:29,Disneyland,Adventureland,12428,Adventureland Treehouse inspired by Walt Disney’s Swiss Family Robinson,0,True,2026-04-11T01:15:34.000Z
2026-04-10 18:20:29,Disneyland,Adventureland,326,Indiana Jones™ Adventure,75,True,2026-04-11T01:15:34.000Z
2026-04-10 18:20:29,Disneyland,Adventureland,296,Jungle Cruise,0,False,2026-04-11T01:15:34.000Z
2026-04-10 18:20:29,Disneyland,Adventureland,288,Walt Disney's Enchanted Tiki Room,0,True,2026-04-11T01:15:34.000Z
2026-04-10 18:20:29,Disneyland,Bayou Country,304,Davy Crockett's Explorer Canoes,0,False,2026-04-11T01:15:34.000Z
2026-04-10 18:20:29,Disneyland,Bayou Country,306,The Many Adventures of Winnie the Pooh,20,True,2026-04-11T01:15:34.000Z
2026-04-10 18:20:29,Disneyland,Bayou Country,14168,Tiana's Bayou Adventure,75,True,2026-04-11T01:15:34.000Z
2026-04-10 18:20:29,Disneyland,Bayou Country,14326,Tiana's Bayou Adventure Single Rider,0,True,2026-04-11T01:15:34.000Z
2026-04-10 18:20:29,Disneyland,Fantasyland,307,"""it's a small world""",20,True,2026-04-11T01:15:34.000Z
2026-04-10 18:20:29,Disneyland,Fantasyland,285,Alice in Wonderland,0,False,2026-04-11T01:15:34.000Z
2026-04-10 18:20:29,Disneyland,Fantasyland,303,Casey Jr. Circus Train,15,True,2026-04-11T01:15:34.000Z
2026-04-10 18:20:29,Disneyland,Fantasyland,275,Dumbo the Flying Elephant,30,True,2026-04-11T01:15:34.000Z
2026-04-10 18:20:29,Disneyland,Fantasyland,277,King Arthur Carrousel,5,True,2026-04-11T01:15:34.000Z
2026-04-10 18:20:29,Disneyland,Fantasyland,278,Mad Tea Party,20,True,2026-04-11T01:15:34.000Z
2026-04-10 18:20:29,Disneyland,Fantasyland,279,Matterhorn Bobsleds,35,True,2026-04-11T01:15:34.000Z
2026-04-10 18:20:29,Disneyland,Fantasyland,6711,Meet Disney Princesses at Royal Hall,0,False,2026-04-11T01:15:34.000Z
2026-04-10 18:20:29,Disneyland,Fantasyland,280,Mr. Toad's Wild Ride,30,True,2026-04-11T01:15:34.000Z
2026-04-10 18:20:29,Disneyland,Fantasyland,281,Peter Pan's Flight,40,True,2026-04-11T01:15:34.000Z
2026-04-10 18:20:29,Disneyland,Fantasyland,282,Pinocchio's Daring Journey,20,True,2026-04-11T01:15:34.000Z
2026-04-10 18:20:29,Disneyland,Fantasyland,687,Sleeping Beauty Castle Walkthrough,0,False,2026-04-11T01:15:34.000Z
2026-04-10 18:20:29,Disneyland,Fantasyland,283,Snow White's Enchanted Wish,25,True,2026-04-11T01:15:34.000Z
2026-04-10 18:20:29,Disneyland,Fantasyland,305,Storybook Land Canal Boats,15,True,2026-04-11T01:15:34.000Z
2026-04-10 18:20:29,Disneyland,Frontierland,323,Big Thunder Mountain Railroad,75,True,2026-04-11T01:15:34.000Z
2026-04-10 18:20:29,Disneyland,Frontierland,679,Frontierland Shootin' Exposition,0,True,2026-04-11T01:15:34.000Z
2026-04-10 18:20:29,Disneyland,Frontierland,456,Mark Twain Riverboat,0,False,2026-04-11T01:15:34.000Z
2026-04-10 18:20:29,Disneyland,Frontierland,331,Pirate's Lair on Tom Sawyer Island,0,False,2026-04-11T01:15:34.000Z
2026-04-10 18:20:29,Disneyland,Frontierland,328,Sailing Ship Columbia,0,False,2026-04-11T01:15:34.000Z
2026-04-10 18:20:29,Disneyland,Main Street U.S.A,674,Disneyland Railroad,15,True,2026-04-11T01:15:34.000Z
2026-04-10 18:20:29,Disneyland,Main Street U.S.A,690,Great Moments with Mr. Lincoln,0,False,2026-04-11T01:15:34.000Z
2026-04-10 18:20:29,Disneyland,Main Street U.S.A,686,Main Street Cinema,0,True,2026-04-11T01:15:34.000Z
2026-04-10 18:20:29,Disneyland,Main Street U.S.A,691,Main Street Vehicles,0,True,2026-04-11T01:15:34.000Z
2026-04-10 18:20:29,Disneyland,Main Street U.S.A,14915,Opera House - Walt Disney - A Magical Life,0,True,2026-04-11T01:15:34.000Z
2026-04-10 18:20:29,Disneyland,Main Street U.S.A,695,The Disney Gallery,0,True,2026-04-11T01:15:34.000Z
2026-04-10 18:20:29,Disneyland,Main Street U.S.A,14923,Walt Disney - A Magical Life,0,True,2026-04-11T01:15:34.000Z
2026-04-10 18:20:29,Disneyland,Mickey's Toontown,324,Chip 'n' Dale's GADGETcoaster,35,True,2026-04-11T01:15:34.000Z
2026-04-10 18:20:29,Disneyland,Mickey's Toontown,13814,Donald's Duck Pond,0,True,2026-04-11T01:15:34.000Z
2026-04-10 18:20:29,Disneyland,Mickey's Toontown,11980,Goofy's How-to-Play Yard,0,True,2026-04-11T01:15:34.000Z
2026-04-10 18:20:29,Disneyland,Mickey's Toontown,11526,Mickey & Minnie's Runaway Railway,40,True,2026-04-11T01:15:34.000Z
2026-04-10 18:20:29,Disneyland,Mickey's Toontown,709,Mickey's House and Meet Mickey Mouse,45,True,2026-04-11T01:15:34.000Z
2026-04-10 18:20:29,Disneyland,Mickey's Toontown,327,Mickey's House and Meet Mickey Mouse,0,False,2026-04-11T01:15:34.000Z
2026-04-10 18:20:29,Disneyland,Mickey's Toontown,684,Minnie's House,0,True,2026-04-11T01:15:34.000Z
2026-04-10 18:20:29,Disneyland,Mickey's Toontown,332,Roger Rabbit's Car Toon Spin,0,False,2026-04-11T01:15:34.000Z
2026-04-10 18:20:29,Disneyland,New Orleans Square,13958,Haunted Mansion,50,True,2026-04-11T01:15:34.000Z
2026-04-10 18:20:29,Disneyland,New Orleans Square,289,Pirates of the Caribbean,40,True,2026-04-11T01:15:34.000Z
2026-04-10 18:20:29,Disneyland,Star Wars: Galaxy's Edge,6339,Millennium Falcon: Smugglers Run,40,True,2026-04-11T01:15:34.000Z
2026-04-10 18:20:29,Disneyland,Star Wars: Galaxy's Edge,10903,Millennium Falcon: Smugglers Run Single Rider,0,True,2026-04-11T01:15:34.000Z
2026-04-10 18:20:29,Disneyland,Star Wars: Galaxy's Edge,6340,Star Wars: Rise of the Resistance,70,True,2026-04-11T01:15:34.000Z
2026-04-10 18:20:29,Disneyland,Tomorrowland,287,Astro Orbitor,25,True,2026-04-11T01:15:34.000Z
2026-04-10 18:20:29,Disneyland,Tomorrowland,317,Autopia,30,True,2026-04-11T01:15:34.000Z
2026-04-10 18:20:29,Disneyland,Tomorrowland,273,Buzz Lightyear Astro Blasters,25,True,2026-04-11T01:15:34.000Z
2026-04-10 18:20:29,Disneyland,Tomorrowland,274,Disneyland Monorail,0,False,2026-04-11T01:15:34.000Z
2026-04-10 18:20:29,Disneyland,Tomorrowland,276,Finding Nemo Submarine Voyage,25,True,2026-04-11T01:15:34.000Z
2026-04-10 18:20:29,Disneyland,Tomorrowland,284,Space Mountain,85,True,2026-04-11T01:15:34.000Z
2026-04-10 18:20:29,Disneyland,Tomorrowland,286,Star Tours - The Adventures Continue,35,True,2026-04-11T01:15:34.000Z
2026-04-10 18:20:29,Disney California Adventure,Avengers Campus,329,Guardians of the Galaxy - Mission: BREAKOUT!,120,True,2026-04-11T01:15:34.000Z
2026-04-10 18:20:29,Disney California Adventure,Avengers Campus,8843,WEB SLINGERS: A Spider-Man Adventure,80,True,2026-04-11T01:15:34.000Z
2026-04-10 18:20:29,Disney California Adventure,Avengers Campus,10907,WEB SLINGERS: A Spider-Man Adventure Single Rider,0,True,2026-04-11T01:15:34.000Z
2026-04-10 18:20:29,Disney California Adventure,Cars Land,13961,Luigi's Rollickin' Roadsters,35,True,2026-04-11T01:15:34.000Z
2026-04-10 18:20:29,Disney California Adventure,Cars Land,315,Mater's Junkyard Jamboree,30,True,2026-04-11T01:15:34.000Z
2026-04-10 18:20:29,Disney California Adventure,Cars Land,295,Radiator Springs Racers,140,True,2026-04-11T01:15:34.000Z
2026-04-10 18:20:29,Disney California Adventure,Cars Land,10904,Radiator Springs Racers Single Rider,0,True,2026-04-11T01:15:34.000Z
2026-04-10 18:20:29,Disney California Adventure,Grizzly Peak,302,Grizzly River Run,45,True,2026-04-11T01:15:34.000Z
2026-04-10 18:20:29,Disney California Adventure,Grizzly Peak,293,Redwood Creek Challenge Trail,5,True,2026-04-11T01:15:34.000Z
2026-04-10 18:20:29,Disney California Adventure,Grizzly Peak,312,Soarin' Over California,70,True,2026-04-11T01:15:34.000Z
2026-04-10 18:20:29,Disney California Adventure,Hollywood Land,321,Animation Academy,0,True,2026-04-11T01:15:34.000Z
2026-04-10 18:20:29,Disney California Adventure,Hollywood Land,6440,Mickey's PhilharMagic,10,True,2026-04-11T01:15:34.000Z
2026-04-10 18:20:29,Disney California Adventure,Hollywood Land,291,"Monsters, Inc. Mike & Sulley to the Rescue!",45,True,2026-04-11T01:15:34.000Z
2026-04-10 18:20:29,Disney California Adventure,Hollywood Land,868,Sorcerer's Workshop,0,False,2026-04-11T01:15:34.000Z
2026-04-10 18:20:29,Disney California Adventure,Hollywood Land,294,Turtle Talk with Crush,0,True,2026-04-11T01:15:34.000Z
2026-04-10 18:20:29,Disney California Adventure,Paradise Gardens Park,298,Golden Zephyr,0,False,2026-04-11T01:15:34.000Z
2026-04-10 18:20:29,Disney California Adventure,Paradise Gardens Park,319,Goofy's Sky School,50,True,2026-04-11T01:15:34.000Z
2026-04-10 18:20:29,Disney California Adventure,Paradise Gardens Park,301,Silly Symphony Swings,20,True,2026-04-11T01:15:34.000Z
2026-04-10 18:20:29,Disney California Adventure,Paradise Gardens Park,10905,Silly Symphony Swings Single Rider,0,True,2026-04-11T01:15:34.000Z
2026-04-10 18:20:29,Disney California Adventure,Paradise Gardens Park,316,The Little Mermaid - Ariel's Undersea Adventure,35,True,2026-04-11T01:15:34.000Z
2026-04-10 18:20:29,Disney California Adventure,Paradise Gardens Park,14742,World of Color Happiness!,0,True,2026-04-11T01:15:34.000Z
2026-04-10 18:20:29,Disney California Adventure,Pixar Pier,13960,Games of Pixar Pier,0,True,2026-04-11T01:15:34.000Z
2026-04-10 18:20:29,Disney California Adventure,Pixar Pier,322,Incredicoaster,55,True,2026-04-11T01:15:34.000Z
2026-04-10 18:20:29,Disney California Adventure,Pixar Pier,10906,Incredicoaster Single Rider,0,True,2026-04-11T01:15:34.000Z
2026-04-10 18:20:29,Disney California Adventure,Pixar Pier,6643,Inside Out Emotional Whirlwind,0,False,2026-04-11T01:15:34.000Z
2026-04-10 18:20:29,Disney California Adventure,Pixar Pier,310,Jessie's Critter Carousel,15,True,2026-04-11T01:15:34.000Z
2026-04-10 18:20:29,Disney California Adventure,Pixar Pier,300,Jumpin' Jellyfish,25,True,2026-04-11T01:15:34.000Z
2026-04-10 18:20:29,Disney California Adventure,Pixar Pier,311,Pixar Pal-A-Round - Swinging,45,True,2026-04-11T01:15:34.000Z
2026-04-10 18:20:29,Disney California Adventure,Pixar Pier,5557,Pixar Pal-A-Round – Non-Swinging,45,True,2026-04-11T01:15:34.000Z
2026-04-10 18:20:29,Disney California Adventure,Pixar Pier,313,Toy Story Midway Mania!,0,False,2026-04-11T01:15:34.000Z
2026-04-10 18:20:29,Disney California Adventure,San Fransokyo Square,13959,The Bakery Tour,0,True,2026-04-11T01:15:34.000Z
2026-04-10 18:25:26,Disneyland,Adventureland,12428,Adventureland Treehouse inspired by Walt Disney’s Swiss Family Robinson,0,True,2026-04-11T01:20:38.000Z
2026-04-10 18:25:26,Disneyland,Adventureland,326,Indiana Jones™ Adventure,75,True,2026-04-11T01:20:38.000Z
2026-04-10 18:25:26,Disneyland,Adventureland,296,Jungle Cruise,0,False,2026-04-11T01:20:38.000Z
2026-04-10 18:25:26,Disneyland,Adventureland,288,Walt Disney's Enchanted Tiki Room,0,True,2026-04-11T01:20:38.000Z
2026-04-10 18:25:26,Disneyland,Bayou Country,304,Davy Crockett's Explorer Canoes,0,False,2026-04-11T01:20:38.000Z
2026-04-10 18:25:26,Disneyland,Bayou Country,306,The Many Adventures of Winnie the Pooh,20,True,2026-04-11T01:20:38.000Z
2026-04-10 18:25:26,Disneyland,Bayou Country,14168,Tiana's Bayou Adventure,75,True,2026-04-11T01:20:38.000Z
2026-04-10 18:25:26,Disneyland,Bayou Country,14326,Tiana's Bayou Adventure Single Rider,0,True,2026-04-11T01:20:38.000Z
2026-04-10 18:25:26,Disneyland,Fantasyland,307,"""it's a small world""",20,True,2026-04-11T01:20:38.000Z
2026-04-10 18:25:26,Disneyland,Fantasyland,285,Alice in Wonderland,30,True,2026-04-11T01:20:38.000Z
2026-04-10 18:25:26,Disneyland,Fantasyland,303,Casey Jr. Circus Train,15,True,2026-04-11T01:20:38.000Z
2026-04-10 18:25:26,Disneyland,Fantasyland,275,Dumbo the Flying Elephant,30,True,2026-04-11T01:20:38.000Z
2026-04-10 18:25:26,Disneyland,Fantasyland,277,King Arthur Carrousel,5,True,2026-04-11T01:20:38.000Z
2026-04-10 18:25:26,Disneyland,Fantasyland,278,Mad Tea Party,20,True,2026-04-11T01:20:38.000Z
2026-04-10 18:25:26,Disneyland,Fantasyland,279,Matterhorn Bobsleds,50,True,2026-04-11T01:20:38.000Z
2026-04-10 18:25:26,Disneyland,Fantasyland,6711,Meet Disney Princesses at Royal Hall,0,False,2026-04-11T01:20:38.000Z
2026-04-10 18:25:26,Disneyland,Fantasyland,280,Mr. Toad's Wild Ride,30,True,2026-04-11T01:20:38.000Z
2026-04-10 18:25:26,Disneyland,Fantasyland,281,Peter Pan's Flight,40,True,2026-04-11T01:20:38.000Z
2026-04-10 18:25:26,Disneyland,Fantasyland,282,Pinocchio's Daring Journey,20,True,2026-04-11T01:20:38.000Z
2026-04-10 18:25:26,Disneyland,Fantasyland,687,Sleeping Beauty Castle Walkthrough,0,False,2026-04-11T01:20:38.000Z
2026-04-10 18:25:26,Disneyland,Fantasyland,283,Snow White's Enchanted Wish,25,True,2026-04-11T01:20:38.000Z
2026-04-10 18:25:26,Disneyland,Fantasyland,305,Storybook Land Canal Boats,15,True,2026-04-11T01:20:38.000Z
2026-04-10 18:25:26,Disneyland,Frontierland,323,Big Thunder Mountain Railroad,75,True,2026-04-11T01:20:38.000Z
2026-04-10 18:25:26,Disneyland,Frontierland,679,Frontierland Shootin' Exposition,0,True,2026-04-11T01:20:38.000Z
2026-04-10 18:25:26,Disneyland,Frontierland,456,Mark Twain Riverboat,0,False,2026-04-11T01:20:38.000Z
2026-04-10 18:25:26,Disneyland,Frontierland,331,Pirate's Lair on Tom Sawyer Island,0,False,2026-04-11T01:20:38.000Z
2026-04-10 18:25:26,Disneyland,Frontierland,328,Sailing Ship Columbia,0,False,2026-04-11T01:20:38.000Z
2026-04-10 18:25:26,Disneyland,Main Street U.S.A,674,Disneyland Railroad,15,True,2026-04-11T01:20:38.000Z
2026-04-10 18:25:26,Disneyland,Main Street U.S.A,690,Great Moments with Mr. Lincoln,0,False,2026-04-11T01:20:38.000Z
2026-04-10 18:25:26,Disneyland,Main Street U.S.A,686,Main Street Cinema,0,True,2026-04-11T01:20:38.000Z
2026-04-10 18:25:26,Disneyland,Main Street U.S.A,691,Main Street Vehicles,0,True,2026-04-11T01:20:38.000Z
2026-04-10 18:25:26,Disneyland,Main Street U.S.A,14915,Opera House - Walt Disney - A Magical Life,0,True,2026-04-11T01:20:38.000Z
2026-04-10 18:25:26,Disneyland,Main Street U.S.A,695,The Disney Gallery,0,True,2026-04-11T01:20:38.000Z
2026-04-10 18:25:26,Disneyland,Main Street U.S.A,14923,Walt Disney - A Magical Life,0,True,2026-04-11T01:20:38.000Z
2026-04-10 18:25:26,Disneyland,Mickey's Toontown,324,Chip 'n' Dale's GADGETcoaster,35,True,2026-04-11T01:20:38.000Z
2026-04-10 18:25:26,Disneyland,Mickey's Toontown,13814,Donald's Duck Pond,0,True,2026-04-11T01:20:38.000Z
2026-04-10 18:25:26,Disneyland,Mickey's Toontown,11980,Goofy's How-to-Play Yard,0,True,2026-04-11T01:20:38.000Z
2026-04-10 18:25:26,Disneyland,Mickey's Toontown,11526,Mickey & Minnie's Runaway Railway,40,True,2026-04-11T01:20:38.000Z
2026-04-10 18:25:26,Disneyland,Mickey's Toontown,709,Mickey's House and Meet Mickey Mouse,45,True,2026-04-11T01:20:38.000Z
2026-04-10 18:25:26,Disneyland,Mickey's Toontown,327,Mickey's House and Meet Mickey Mouse,0,False,2026-04-11T01:20:38.000Z
2026-04-10 18:25:26,Disneyland,Mickey's Toontown,684,Minnie's House,0,True,2026-04-11T01:20:38.000Z
2026-04-10 18:25:26,Disneyland,Mickey's Toontown,332,Roger Rabbit's Car Toon Spin,0,False,2026-04-11T01:20:38.000Z
2026-04-10 18:25:26,Disneyland,New Orleans Square,13958,Haunted Mansion,50,True,2026-04-11T01:20:38.000Z
2026-04-10 18:25:26,Disneyland,New Orleans Square,289,Pirates of the Caribbean,30,True,2026-04-11T01:20:38.000Z
2026-04-10 18:25:26,Disneyland,Star Wars: Galaxy's Edge,6339,Millennium Falcon: Smugglers Run,40,True,2026-04-11T01:20:38.000Z
2026-04-10 18:25:26,Disneyland,Star Wars: Galaxy's Edge,10903,Millennium Falcon: Smugglers Run Single Rider,0,True,2026-04-11T01:20:38.000Z
2026-04-10 18:25:26,Disneyland,Star Wars: Galaxy's Edge,6340,Star Wars: Rise of the Resistance,70,True,2026-04-11T01:20:38.000Z
2026-04-10 18:25:26,Disneyland,Tomorrowland,287,Astro Orbitor,25,True,2026-04-11T01:20:38.000Z
2026-04-10 18:25:26,Disneyland,Tomorrowland,317,Autopia,30,True,2026-04-11T01:20:38.000Z
2026-04-10 18:25:26,Disneyland,Tomorrowland,273,Buzz Lightyear Astro Blasters,25,True,2026-04-11T01:20:38.000Z
2026-04-10 18:25:26,Disneyland,Tomorrowland,274,Disneyland Monorail,0,False,2026-04-11T01:20:38.000Z
2026-04-10 18:25:26,Disneyland,Tomorrowland,276,Finding Nemo Submarine Voyage,25,True,2026-04-11T01:20:38.000Z
2026-04-10 18:25:26,Disneyland,Tomorrowland,284,Space Mountain,85,True,2026-04-11T01:20:38.000Z
2026-04-10 18:25:26,Disneyland,Tomorrowland,286,Star Tours - The Adventures Continue,20,True,2026-04-11T01:20:38.000Z
2026-04-10 18:25:26,Disney California Adventure,Avengers Campus,329,Guardians of the Galaxy - Mission: BREAKOUT!,100,True,2026-04-11T01:20:38.000Z
2026-04-10 18:25:26,Disney California Adventure,Avengers Campus,8843,WEB SLINGERS: A Spider-Man Adventure,80,True,2026-04-11T01:20:38.000Z
2026-04-10 18:25:26,Disney California Adventure,Avengers Campus,10907,WEB SLINGERS: A Spider-Man Adventure Single Rider,0,True,2026-04-11T01:20:38.000Z
2026-04-10 18:25:26,Disney California Adventure,Cars Land,13961,Luigi's Rollickin' Roadsters,45,True,2026-04-11T01:20:38.000Z
2026-04-10 18:25:26,Disney California Adventure,Cars Land,315,Mater's Junkyard Jamboree,30,True,2026-04-11T01:20:38.000Z
2026-04-10 18:25:26,Disney California Adventure,Cars Land,295,Radiator Springs Racers,140,True,2026-04-11T01:20:38.000Z
2026-04-10 18:25:26,Disney California Adventure,Cars Land,10904,Radiator Springs Racers Single Rider,0,True,2026-04-11T01:20:38.000Z
2026-04-10 18:25:26,Disney California Adventure,Grizzly Peak,302,Grizzly River Run,45,True,2026-04-11T01:20:38.000Z
2026-04-10 18:25:26,Disney California Adventure,Grizzly Peak,293,Redwood Creek Challenge Trail,5,True,2026-04-11T01:20:38.000Z
2026-04-10 18:25:26,Disney California Adventure,Grizzly Peak,312,Soarin' Over California,70,True,2026-04-11T01:20:38.000Z
2026-04-10 18:25:26,Disney California Adventure,Hollywood Land,321,Animation Academy,0,True,2026-04-11T01:20:38.000Z
2026-04-10 18:25:26,Disney California Adventure,Hollywood Land,6440,Mickey's PhilharMagic,10,True,2026-04-11T01:20:38.000Z
2026-04-10 18:25:26,Disney California Adventure,Hollywood Land,291,"Monsters, Inc. Mike & Sulley to the Rescue!",45,True,2026-04-11T01:20:38.000Z
2026-04-10 18:25:26,Disney California Adventure,Hollywood Land,868,Sorcerer's Workshop,0,False,2026-04-11T01:20:38.000Z
2026-04-10 18:25:26,Disney California Adventure,Hollywood Land,294,Turtle Talk with Crush,0,True,2026-04-11T01:20:38.000Z
2026-04-10 18:25:26,Disney California Adventure,Paradise Gardens Park,298,Golden Zephyr,0,False,2026-04-11T01:20:38.000Z
2026-04-10 18:25:26,Disney California Adventure,Paradise Gardens Park,319,Goofy's Sky School,50,True,2026-04-11T01:20:38.000Z
2026-04-10 18:25:26,Disney California Adventure,Paradise Gardens Park,301,Silly Symphony Swings,20,True,2026-04-11T01:20:38.000Z
2026-04-10 18:25:26,Disney California Adventure,Paradise Gardens Park,10905,Silly Symphony Swings Single Rider,0,True,2026-04-11T01:20:38.000Z
2026-04-10 18:25:26,Disney California Adventure,Paradise Gardens Park,316,The Little Mermaid - Ariel's Undersea Adventure,35,True,2026-04-11T01:20:38.000Z
2026-04-10 18:25:26,Disney California Adventure,Paradise Gardens Park,14742,World of Color Happiness!,0,True,2026-04-11T01:20:38.000Z
2026-04-10 18:25:26,Disney California Adventure,Pixar Pier,13960,Games of Pixar Pier,0,True,2026-04-11T01:20:38.000Z
2026-04-10 18:25:26,Disney California Adventure,Pixar Pier,322,Incredicoaster,60,True,2026-04-11T01:20:38.000Z
2026-04-10 18:25:26,Disney California Adventure,Pixar Pier,10906,Incredicoaster Single Rider,0,True,2026-04-11T01:20:38.000Z
2026-04-10 18:25:26,Disney California Adventure,Pixar Pier,6643,Inside Out Emotional Whirlwind,0,False,2026-04-11T01:20:38.000Z
2026-04-10 18:25:26,Disney California Adventure,Pixar Pier,310,Jessie's Critter Carousel,15,True,2026-04-11T01:20:38.000Z
2026-04-10 18:25:26,Disney California Adventure,Pixar Pier,300,Jumpin' Jellyfish,25,True,2026-04-11T01:20:38.000Z
2026-04-10 18:25:26,Disney California Adventure,Pixar Pier,311,Pixar Pal-A-Round - Swinging,45,True,2026-04-11T01:20:38.000Z
2026-04-10 18:25:26,Disney California Adventure,Pixar Pier,5557,Pixar Pal-A-Round – Non-Swinging,50,True,2026-04-11T01:20:38.000Z
2026-04-10 18:25:26,Disney California Adventure,Pixar Pier,313,Toy Story Midway Mania!,0,False,2026-04-11T01:20:38.000Z
2026-04-10 18:25:26,Disney California Adventure,San Fransokyo Square,13959,The Bakery Tour,0,True,2026-04-11T01:20:38.000Z
2026-04-10 18:30:28,Disneyland,Adventureland,12428,Adventureland Treehouse inspired by Walt Disney’s Swiss Family Robinson,0,True,2026-04-11T01:25:39.000Z
2026-04-10 18:30:28,Disneyland,Adventureland,326,Indiana Jones™ Adventure,75,True,2026-04-11T01:25:39.000Z
2026-04-10 18:30:28,Disneyland,Adventureland,296,Jungle Cruise,0,False,2026-04-11T01:25:39.000Z
2026-04-10 18:30:28,Disneyland,Adventureland,288,Walt Disney's Enchanted Tiki Room,0,True,2026-04-11T01:25:39.000Z
2026-04-10 18:30:28,Disneyland,Bayou Country,304,Davy Crockett's Explorer Canoes,0,False,2026-04-11T01:25:39.000Z
2026-04-10 18:30:28,Disneyland,Bayou Country,306,The Many Adventures of Winnie the Pooh,0,False,2026-04-11T01:25:39.000Z
2026-04-10 18:30:28,Disneyland,Bayou Country,14168,Tiana's Bayou Adventure,75,True,2026-04-11T01:25:39.000Z
2026-04-10 18:30:28,Disneyland,Bayou Country,14326,Tiana's Bayou Adventure Single Rider,0,True,2026-04-11T01:25:39.000Z
2026-04-10 18:30:28,Disneyland,Fantasyland,307,"""it's a small world""",20,True,2026-04-11T01:25:39.000Z
2026-04-10 18:30:28,Disneyland,Fantasyland,285,Alice in Wonderland,30,True,2026-04-11T01:25:39.000Z
2026-04-10 18:30:28,Disneyland,Fantasyland,303,Casey Jr. Circus Train,15,True,2026-04-11T01:25:39.000Z
2026-04-10 18:30:28,Disneyland,Fantasyland,275,Dumbo the Flying Elephant,30,True,2026-04-11T01:25:39.000Z
2026-04-10 18:30:28,Disneyland,Fantasyland,277,King Arthur Carrousel,5,True,2026-04-11T01:25:39.000Z
2026-04-10 18:30:28,Disneyland,Fantasyland,278,Mad Tea Party,15,True,2026-04-11T01:25:39.000Z
2026-04-10 18:30:28,Disneyland,Fantasyland,279,Matterhorn Bobsleds,50,True,2026-04-11T01:25:39.000Z
2026-04-10 18:30:28,Disneyland,Fantasyland,6711,Meet Disney Princesses at Royal Hall,0,False,2026-04-11T01:25:39.000Z
2026-04-10 18:30:28,Disneyland,Fantasyland,280,Mr. Toad's Wild Ride,20,True,2026-04-11T01:25:39.000Z
2026-04-10 18:30:28,Disneyland,Fantasyland,281,Peter Pan's Flight,40,True,2026-04-11T01:25:39.000Z
2026-04-10 18:30:28,Disneyland,Fantasyland,282,Pinocchio's Daring Journey,20,True,2026-04-11T01:25:39.000Z
2026-04-10 18:30:28,Disneyland,Fantasyland,687,Sleeping Beauty Castle Walkthrough,0,False,2026-04-11T01:25:39.000Z
2026-04-10 18:30:28,Disneyland,Fantasyland,283,Snow White's Enchanted Wish,25,True,2026-04-11T01:25:39.000Z
2026-04-10 18:30:28,Disneyland,Fantasyland,305,Storybook Land Canal Boats,15,True,2026-04-11T01:25:39.000Z
2026-04-10 18:30:28,Disneyland,Frontierland,323,Big Thunder Mountain Railroad,75,True,2026-04-11T01:25:39.000Z
2026-04-10 18:30:28,Disneyland,Frontierland,679,Frontierland Shootin' Exposition,0,True,2026-04-11T01:25:39.000Z
2026-04-10 18:30:28,Disneyland,Frontierland,456,Mark Twain Riverboat,0,False,2026-04-11T01:25:39.000Z
2026-04-10 18:30:28,Disneyland,Frontierland,331,Pirate's Lair on Tom Sawyer Island,0,False,2026-04-11T01:25:39.000Z
2026-04-10 18:30:28,Disneyland,Frontierland,328,Sailing Ship Columbia,0,False,2026-04-11T01:25:39.000Z
2026-04-10 18:30:28,Disneyland,Main Street U.S.A,674,Disneyland Railroad,15,True,2026-04-11T01:25:39.000Z
2026-04-10 18:30:28,Disneyland,Main Street U.S.A,690,Great Moments with Mr. Lincoln,0,False,2026-04-11T01:25:39.000Z
2026-04-10 18:30:28,Disneyland,Main Street U.S.A,686,Main Street Cinema,0,True,2026-04-11T01:25:39.000Z
2026-04-10 18:30:28,Disneyland,Main Street U.S.A,691,Main Street Vehicles,0,True,2026-04-11T01:25:39.000Z
2026-04-10 18:30:28,Disneyland,Main Street U.S.A,14915,Opera House - Walt Disney - A Magical Life,0,True,2026-04-11T01:25:39.000Z
2026-04-10 18:30:28,Disneyland,Main Street U.S.A,695,The Disney Gallery,0,True,2026-04-11T01:25:39.000Z
2026-04-10 18:30:28,Disneyland,Main Street U.S.A,14923,Walt Disney - A Magical Life,0,True,2026-04-11T01:25:39.000Z
2026-04-10 18:30:28,Disneyland,Mickey's Toontown,324,Chip 'n' Dale's GADGETcoaster,35,True,2026-04-11T01:25:39.000Z
2026-04-10 18:30:28,Disneyland,Mickey's Toontown,13814,Donald's Duck Pond,0,True,2026-04-11T01:25:39.000Z
2026-04-10 18:30:28,Disneyland,Mickey's Toontown,11980,Goofy's How-to-Play Yard,0,True,2026-04-11T01:25:39.000Z
2026-04-10 18:30:28,Disneyland,Mickey's Toontown,11526,Mickey & Minnie's Runaway Railway,55,True,2026-04-11T01:25:39.000Z
2026-04-10 18:30:28,Disneyland,Mickey's Toontown,709,Mickey's House and Meet Mickey Mouse,45,True,2026-04-11T01:25:39.000Z
2026-04-10 18:30:28,Disneyland,Mickey's Toontown,327,Mickey's House and Meet Mickey Mouse,0,False,2026-04-11T01:25:39.000Z
2026-04-10 18:30:28,Disneyland,Mickey's Toontown,684,Minnie's House,0,True,2026-04-11T01:25:39.000Z
2026-04-10 18:30:28,Disneyland,Mickey's Toontown,332,Roger Rabbit's Car Toon Spin,0,False,2026-04-11T01:25:39.000Z
2026-04-10 18:30:28,Disneyland,New Orleans Square,13958,Haunted Mansion,45,True,2026-04-11T01:25:39.000Z
2026-04-10 18:30:28,Disneyland,New Orleans Square,289,Pirates of the Caribbean,30,True,2026-04-11T01:25:39.000Z
2026-04-10 18:30:28,Disneyland,Star Wars: Galaxy's Edge,6339,Millennium Falcon: Smugglers Run,40,True,2026-04-11T01:25:39.000Z
2026-04-10 18:30:28,Disneyland,Star Wars: Galaxy's Edge,10903,Millennium Falcon: Smugglers Run Single Rider,0,True,2026-04-11T01:25:39.000Z
2026-04-10 18:30:28,Disneyland,Star Wars: Galaxy's Edge,6340,Star Wars: Rise of the Resistance,60,True,2026-04-11T01:25:39.000Z
2026-04-10 18:30:28,Disneyland,Tomorrowland,287,Astro Orbitor,25,True,2026-04-11T01:25:39.000Z
2026-04-10 18:30:28,Disneyland,Tomorrowland,317,Autopia,30,True,2026-04-11T01:25:39.000Z
2026-04-10 18:30:28,Disneyland,Tomorrowland,273,Buzz Lightyear Astro Blasters,25,True,2026-04-11T01:25:39.000Z
2026-04-10 18:30:28,Disneyland,Tomorrowland,274,Disneyland Monorail,0,False,2026-04-11T01:25:39.000Z
2026-04-10 18:30:28,Disneyland,Tomorrowland,276,Finding Nemo Submarine Voyage,25,True,2026-04-11T01:25:39.000Z
2026-04-10 18:30:28,Disneyland,Tomorrowland,284,Space Mountain,85,True,2026-04-11T01:25:39.000Z
2026-04-10 18:30:28,Disneyland,Tomorrowland,286,Star Tours - The Adventures Continue,20,True,2026-04-11T01:25:39.000Z
2026-04-10 18:30:28,Disney California Adventure,Avengers Campus,329,Guardians of the Galaxy - Mission: BREAKOUT!,100,True,2026-04-11T01:25:39.000Z
2026-04-10 18:30:28,Disney California Adventure,Avengers Campus,8843,WEB SLINGERS: A Spider-Man Adventure,70,True,2026-04-11T01:25:39.000Z
2026-04-10 18:30:28,Disney California Adventure,Avengers Campus,10907,WEB SLINGERS: A Spider-Man Adventure Single Rider,0,True,2026-04-11T01:25:39.000Z
2026-04-10 18:30:28,Disney California Adventure,Cars Land,13961,Luigi's Rollickin' Roadsters,45,True,2026-04-11T01:25:39.000Z
2026-04-10 18:30:28,Disney California Adventure,Cars Land,315,Mater's Junkyard Jamboree,30,True,2026-04-11T01:25:39.000Z
2026-04-10 18:30:28,Disney California Adventure,Cars Land,295,Radiator Springs Racers,140,True,2026-04-11T01:25:39.000Z
2026-04-10 18:30:28,Disney California Adventure,Cars Land,10904,Radiator Springs Racers Single Rider,0,True,2026-04-11T01:25:39.000Z
2026-04-10 18:30:28,Disney California Adventure,Grizzly Peak,302,Grizzly River Run,45,True,2026-04-11T01:25:39.000Z
2026-04-10 18:30:28,Disney California Adventure,Grizzly Peak,293,Redwood Creek Challenge Trail,5,True,2026-04-11T01:25:39.000Z
2026-04-10 18:30:28,Disney California Adventure,Grizzly Peak,312,Soarin' Over California,70,True,2026-04-11T01:25:39.000Z
2026-04-10 18:30:28,Disney California Adventure,Hollywood Land,321,Animation Academy,0,True,2026-04-11T01:25:39.000Z
2026-04-10 18:30:28,Disney California Adventure,Hollywood Land,6440,Mickey's PhilharMagic,10,True,2026-04-11T01:25:39.000Z
2026-04-10 18:30:28,Disney California Adventure,Hollywood Land,291,"Monsters, Inc. Mike & Sulley to the Rescue!",50,True,2026-04-11T01:25:39.000Z
2026-04-10 18:30:28,Disney California Adventure,Hollywood Land,868,Sorcerer's Workshop,0,False,2026-04-11T01:25:39.000Z
2026-04-10 18:30:28,Disney California Adventure,Hollywood Land,294,Turtle Talk with Crush,0,True,2026-04-11T01:25:39.000Z
2026-04-10 18:30:28,Disney California Adventure,Paradise Gardens Park,298,Golden Zephyr,0,False,2026-04-11T01:25:39.000Z
2026-04-10 18:30:28,Disney California Adventure,Paradise Gardens Park,319,Goofy's Sky School,50,True,2026-04-11T01:25:39.000Z
2026-04-10 18:30:28,Disney California Adventure,Paradise Gardens Park,301,Silly Symphony Swings,20,True,2026-04-11T01:25:39.000Z
2026-04-10 18:30:28,Disney California Adventure,Paradise Gardens Park,10905,Silly Symphony Swings Single Rider,0,True,2026-04-11T01:25:39.000Z
2026-04-10 18:30:28,Disney California Adventure,Paradise Gardens Park,316,The Little Mermaid - Ariel's Undersea Adventure,35,True,2026-04-11T01:25:39.000Z
2026-04-10 18:30:28,Disney California Adventure,Paradise Gardens Park,14742,World of Color Happiness!,0,True,2026-04-11T01:25:39.000Z
2026-04-10 18:30:28,Disney California Adventure,Pixar Pier,13960,Games of Pixar Pier,0,True,2026-04-11T01:25:39.000Z
2026-04-10 18:30:28,Disney California Adventure,Pixar Pier,322,Incredicoaster,60,True,2026-04-11T01:25:39.000Z
2026-04-10 18:30:28,Disney California Adventure,Pixar Pier,10906,Incredicoaster Single Rider,0,True,2026-04-11T01:25:39.000Z
2026-04-10 18:30:28,Disney California Adventure,Pixar Pier,6643,Inside Out Emotional Whirlwind,0,False,2026-04-11T01:25:39.000Z
2026-04-10 18:30:28,Disney California Adventure,Pixar Pier,310,Jessie's Critter Carousel,15,True,2026-04-11T01:25:39.000Z
2026-04-10 18:30:28,Disney California Adventure,Pixar Pier,300,Jumpin' Jellyfish,25,True,2026-04-11T01:25:39.000Z
2026-04-10 18:30:28,Disney California Adventure,Pixar Pier,311,Pixar Pal-A-Round - Swinging,45,True,2026-04-11T01:25:39.000Z
2026-04-10 18:30:28,Disney California Adventure,Pixar Pier,5557,Pixar Pal-A-Round – Non-Swinging,50,True,2026-04-11T01:25:39.000Z
2026-04-10 18:30:28,Disney California Adventure,Pixar Pier,313,Toy Story Midway Mania!,0,False,2026-04-11T01:25:39.000Z
2026-04-10 18:30:28,Disney California Adventure,San Fransokyo Square,13959,The Bakery Tour,0,True,2026-04-11T01:25:39.000Z
2026-04-10 18:35:28,Disneyland,Adventureland,12428,Adventureland Treehouse inspired by Walt Disney’s Swiss Family Robinson,0,True,2026-04-11T01:30:35.000Z
2026-04-10 18:35:28,Disneyland,Adventureland,326,Indiana Jones™ Adventure,90,True,2026-04-11T01:30:35.000Z
2026-04-10 18:35:28,Disneyland,Adventureland,296,Jungle Cruise,0,False,2026-04-11T01:30:35.000Z
2026-04-10 18:35:28,Disneyland,Adventureland,288,Walt Disney's Enchanted Tiki Room,0,True,2026-04-11T01:30:35.000Z
2026-04-10 18:35:28,Disneyland,Bayou Country,304,Davy Crockett's Explorer Canoes,0,False,2026-04-11T01:30:35.000Z
2026-04-10 18:35:28,Disneyland,Bayou Country,306,The Many Adventures of Winnie the Pooh,0,False,2026-04-11T01:30:35.000Z
2026-04-10 18:35:28,Disneyland,Bayou Country,14168,Tiana's Bayou Adventure,75,True,2026-04-11T01:30:35.000Z
2026-04-10 18:35:28,Disneyland,Bayou Country,14326,Tiana's Bayou Adventure Single Rider,0,True,2026-04-11T01:30:35.000Z
2026-04-10 18:35:28,Disneyland,Fantasyland,307,"""it's a small world""",20,True,2026-04-11T01:30:35.000Z
2026-04-10 18:35:28,Disneyland,Fantasyland,285,Alice in Wonderland,30,True,2026-04-11T01:30:35.000Z
2026-04-10 18:35:28,Disneyland,Fantasyland,303,Casey Jr. Circus Train,15,True,2026-04-11T01:30:35.000Z
2026-04-10 18:35:28,Disneyland,Fantasyland,275,Dumbo the Flying Elephant,30,True,2026-04-11T01:30:35.000Z
2026-04-10 18:35:28,Disneyland,Fantasyland,277,King Arthur Carrousel,5,True,2026-04-11T01:30:35.000Z
2026-04-10 18:35:28,Disneyland,Fantasyland,278,Mad Tea Party,15,True,2026-04-11T01:30:35.000Z
2026-04-10 18:35:28,Disneyland,Fantasyland,279,Matterhorn Bobsleds,75,True,2026-04-11T01:30:35.000Z
2026-04-10 18:35:28,Disneyland,Fantasyland,6711,Meet Disney Princesses at Royal Hall,0,False,2026-04-11T01:30:35.000Z
2026-04-10 18:35:28,Disneyland,Fantasyland,280,Mr. Toad's Wild Ride,20,True,2026-04-11T01:30:35.000Z
2026-04-10 18:35:28,Disneyland,Fantasyland,281,Peter Pan's Flight,40,True,2026-04-11T01:30:35.000Z
2026-04-10 18:35:28,Disneyland,Fantasyland,282,Pinocchio's Daring Journey,20,True,2026-04-11T01:30:35.000Z
2026-04-10 18:35:28,Disneyland,Fantasyland,687,Sleeping Beauty Castle Walkthrough,0,False,2026-04-11T01:30:35.000Z
2026-04-10 18:35:28,Disneyland,Fantasyland,283,Snow White's Enchanted Wish,25,True,2026-04-11T01:30:35.000Z
2026-04-10 18:35:28,Disneyland,Fantasyland,305,Storybook Land Canal Boats,0,False,2026-04-11T01:30:35.000Z
2026-04-10 18:35:28,Disneyland,Frontierland,323,Big Thunder Mountain Railroad,75,True,2026-04-11T01:30:35.000Z
2026-04-10 18:35:28,Disneyland,Frontierland,679,Frontierland Shootin' Exposition,0,True,2026-04-11T01:30:35.000Z
2026-04-10 18:35:28,Disneyland,Frontierland,456,Mark Twain Riverboat,0,False,2026-04-11T01:30:35.000Z
2026-04-10 18:35:28,Disneyland,Frontierland,331,Pirate's Lair on Tom Sawyer Island,0,False,2026-04-11T01:30:35.000Z
2026-04-10 18:35:28,Disneyland,Frontierland,328,Sailing Ship Columbia,0,False,2026-04-11T01:30:35.000Z
2026-04-10 18:35:28,Disneyland,Main Street U.S.A,674,Disneyland Railroad,15,True,2026-04-11T01:30:35.000Z
2026-04-10 18:35:28,Disneyland,Main Street U.S.A,690,Great Moments with Mr. Lincoln,0,False,2026-04-11T01:30:35.000Z
2026-04-10 18:35:28,Disneyland,Main Street U.S.A,686,Main Street Cinema,0,True,2026-04-11T01:30:35.000Z
2026-04-10 18:35:28,Disneyland,Main Street U.S.A,691,Main Street Vehicles,0,True,2026-04-11T01:30:35.000Z
2026-04-10 18:35:28,Disneyland,Main Street U.S.A,14915,Opera House - Walt Disney - A Magical Life,0,True,2026-04-11T01:30:35.000Z
2026-04-10 18:35:28,Disneyland,Main Street U.S.A,695,The Disney Gallery,0,True,2026-04-11T01:30:35.000Z
2026-04-10 18:35:28,Disneyland,Main Street U.S.A,14923,Walt Disney - A Magical Life,0,True,2026-04-11T01:30:35.000Z
2026-04-10 18:35:28,Disneyland,Mickey's Toontown,324,Chip 'n' Dale's GADGETcoaster,20,True,2026-04-11T01:30:35.000Z
2026-04-10 18:35:28,Disneyland,Mickey's Toontown,13814,Donald's Duck Pond,0,True,2026-04-11T01:30:35.000Z
2026-04-10 18:35:28,Disneyland,Mickey's Toontown,11980,Goofy's How-to-Play Yard,0,True,2026-04-11T01:30:35.000Z
2026-04-10 18:35:28,Disneyland,Mickey's Toontown,11526,Mickey & Minnie's Runaway Railway,60,True,2026-04-11T01:30:35.000Z
2026-04-10 18:35:28,Disneyland,Mickey's Toontown,709,Mickey's House and Meet Mickey Mouse,45,True,2026-04-11T01:30:35.000Z
2026-04-10 18:35:28,Disneyland,Mickey's Toontown,327,Mickey's House and Meet Mickey Mouse,0,False,2026-04-11T01:30:35.000Z
2026-04-10 18:35:28,Disneyland,Mickey's Toontown,684,Minnie's House,0,True,2026-04-11T01:30:35.000Z
2026-04-10 18:35:28,Disneyland,Mickey's Toontown,332,Roger Rabbit's Car Toon Spin,0,False,2026-04-11T01:30:35.000Z
2026-04-10 18:35:28,Disneyland,New Orleans Square,13958,Haunted Mansion,45,True,2026-04-11T01:30:35.000Z
2026-04-10 18:35:28,Disneyland,New Orleans Square,289,Pirates of the Caribbean,30,True,2026-04-11T01:30:35.000Z
2026-04-10 18:35:28,Disneyland,Star Wars: Galaxy's Edge,6339,Millennium Falcon: Smugglers Run,40,True,2026-04-11T01:30:35.000Z
2026-04-10 18:35:28,Disneyland,Star Wars: Galaxy's Edge,10903,Millennium Falcon: Smugglers Run Single Rider,0,True,2026-04-11T01:30:35.000Z
2026-04-10 18:35:28,Disneyland,Star Wars: Galaxy's Edge,6340,Star Wars: Rise of the Resistance,60,True,2026-04-11T01:30:35.000Z
2026-04-10 18:35:28,Disneyland,Tomorrowland,287,Astro Orbitor,25,True,2026-04-11T01:30:35.000Z
2026-04-10 18:35:28,Disneyland,Tomorrowland,317,Autopia,30,True,2026-04-11T01:30:35.000Z
2026-04-10 18:35:28,Disneyland,Tomorrowland,273,Buzz Lightyear Astro Blasters,30,True,2026-04-11T01:30:35.000Z
2026-04-10 18:35:28,Disneyland,Tomorrowland,274,Disneyland Monorail,0,False,2026-04-11T01:30:35.000Z
2026-04-10 18:35:28,Disneyland,Tomorrowland,276,Finding Nemo Submarine Voyage,25,True,2026-04-11T01:30:35.000Z
2026-04-10 18:35:28,Disneyland,Tomorrowland,284,Space Mountain,75,True,2026-04-11T01:30:35.000Z
2026-04-10 18:35:28,Disneyland,Tomorrowland,286,Star Tours - The Adventures Continue,20,True,2026-04-11T01:30:35.000Z
2026-04-10 18:35:28,Disney California Adventure,Avengers Campus,329,Guardians of the Galaxy - Mission: BREAKOUT!,100,True,2026-04-11T01:30:47.000Z
2026-04-10 18:35:28,Disney California Adventure,Avengers Campus,8843,WEB SLINGERS: A Spider-Man Adventure,70,True,2026-04-11T01:30:47.000Z
2026-04-10 18:35:28,Disney California Adventure,Avengers Campus,10907,WEB SLINGERS: A Spider-Man Adventure Single Rider,0,True,2026-04-11T01:30:47.000Z
2026-04-10 18:35:28,Disney California Adventure,Cars Land,13961,Luigi's Rollickin' Roadsters,45,True,2026-04-11T01:30:47.000Z
2026-04-10 18:35:28,Disney California Adventure,Cars Land,315,Mater's Junkyard Jamboree,30,True,2026-04-11T01:30:47.000Z
2026-04-10 18:35:28,Disney California Adventure,Cars Land,295,Radiator Springs Racers,140,True,2026-04-11T01:30:47.000Z
2026-04-10 18:35:28,Disney California Adventure,Cars Land,10904,Radiator Springs Racers Single Rider,0,True,2026-04-11T01:30:47.000Z
2026-04-10 18:35:28,Disney California Adventure,Grizzly Peak,302,Grizzly River Run,45,True,2026-04-11T01:30:47.000Z
2026-04-10 18:35:28,Disney California Adventure,Grizzly Peak,293,Redwood Creek Challenge Trail,5,True,2026-04-11T01:30:47.000Z
2026-04-10 18:35:28,Disney California Adventure,Grizzly Peak,312,Soarin' Over California,70,True,2026-04-11T01:30:47.000Z
2026-04-10 18:35:28,Disney California Adventure,Hollywood Land,321,Animation Academy,0,True,2026-04-11T01:30:47.000Z
2026-04-10 18:35:28,Disney California Adventure,Hollywood Land,6440,Mickey's PhilharMagic,10,True,2026-04-11T01:30:47.000Z
2026-04-10 18:35:28,Disney California Adventure,Hollywood Land,291,"Monsters, Inc. Mike & Sulley to the Rescue!",50,True,2026-04-11T01:30:47.000Z
2026-04-10 18:35:28,Disney California Adventure,Hollywood Land,868,Sorcerer's Workshop,0,False,2026-04-11T01:30:47.000Z
2026-04-10 18:35:28,Disney California Adventure,Hollywood Land,294,Turtle Talk with Crush,0,True,2026-04-11T01:30:47.000Z
2026-04-10 18:35:28,Disney California Adventure,Paradise Gardens Park,298,Golden Zephyr,0,False,2026-04-11T01:30:47.000Z
2026-04-10 18:35:28,Disney California Adventure,Paradise Gardens Park,319,Goofy's Sky School,50,True,2026-04-11T01:30:47.000Z
2026-04-10 18:35:28,Disney California Adventure,Paradise Gardens Park,301,Silly Symphony Swings,20,True,2026-04-11T01:30:47.000Z
2026-04-10 18:35:28,Disney California Adventure,Paradise Gardens Park,10905,Silly Symphony Swings Single Rider,0,True,2026-04-11T01:30:47.000Z
2026-04-10 18:35:28,Disney California Adventure,Paradise Gardens Park,316,The Little Mermaid - Ariel's Undersea Adventure,10,True,2026-04-11T01:30:47.000Z
2026-04-10 18:35:28,Disney California Adventure,Paradise Gardens Park,14742,World of Color Happiness!,0,True,2026-04-11T01:30:47.000Z
2026-04-10 18:35:28,Disney California Adventure,Pixar Pier,13960,Games of Pixar Pier,0,True,2026-04-11T01:30:47.000Z
2026-04-10 18:35:28,Disney California Adventure,Pixar Pier,322,Incredicoaster,80,True,2026-04-11T01:30:47.000Z
2026-04-10 18:35:28,Disney California Adventure,Pixar Pier,10906,Incredicoaster Single Rider,0,True,2026-04-11T01:30:47.000Z
2026-04-10 18:35:28,Disney California Adventure,Pixar Pier,6643,Inside Out Emotional Whirlwind,0,False,2026-04-11T01:30:47.000Z
2026-04-10 18:35:28,Disney California Adventure,Pixar Pier,310,Jessie's Critter Carousel,15,True,2026-04-11T01:30:47.000Z
2026-04-10 18:35:28,Disney California Adventure,Pixar Pier,300,Jumpin' Jellyfish,20,True,2026-04-11T01:30:47.000Z
2026-04-10 18:35:28,Disney California Adventure,Pixar Pier,311,Pixar Pal-A-Round - Swinging,45,True,2026-04-11T01:30:47.000Z
2026-04-10 18:35:28,Disney California Adventure,Pixar Pier,5557,Pixar Pal-A-Round – Non-Swinging,50,True,2026-04-11T01:30:47.000Z
2026-04-10 18:35:28,Disney California Adventure,Pixar Pier,313,Toy Story Midway Mania!,0,False,2026-04-11T01:30:47.000Z
2026-04-10 18:35:28,Disney California Adventure,San Fransokyo Square,13959,The Bakery Tour,0,True,2026-04-11T01:30:47.000Z
2026-04-10 18:40:27,Disneyland,Adventureland,12428,Adventureland Treehouse inspired by Walt Disney’s Swiss Family Robinson,0,True,2026-04-11T01:35:38.000Z
2026-04-10 18:40:27,Disneyland,Adventureland,326,Indiana Jones™ Adventure,90,True,2026-04-11T01:35:38.000Z
2026-04-10 18:40:27,Disneyland,Adventureland,296,Jungle Cruise,0,False,2026-04-11T01:35:38.000Z
2026-04-10 18:40:27,Disneyland,Adventureland,288,Walt Disney's Enchanted Tiki Room,0,True,2026-04-11T01:35:38.000Z
2026-04-10 18:40:27,Disneyland,Bayou Country,304,Davy Crockett's Explorer Canoes,0,False,2026-04-11T01:35:38.000Z
2026-04-10 18:40:27,Disneyland,Bayou Country,306,The Many Adventures of Winnie the Pooh,0,False,2026-04-11T01:35:38.000Z
2026-04-10 18:40:27,Disneyland,Bayou Country,14168,Tiana's Bayou Adventure,75,True,2026-04-11T01:35:38.000Z
2026-04-10 18:40:27,Disneyland,Bayou Country,14326,Tiana's Bayou Adventure Single Rider,0,True,2026-04-11T01:35:38.000Z
2026-04-10 18:40:27,Disneyland,Fantasyland,307,"""it's a small world""",30,True,2026-04-11T01:35:38.000Z
2026-04-10 18:40:27,Disneyland,Fantasyland,285,Alice in Wonderland,30,True,2026-04-11T01:35:38.000Z
2026-04-10 18:40:27,Disneyland,Fantasyland,303,Casey Jr. Circus Train,15,True,2026-04-11T01:35:38.000Z
2026-04-10 18:40:27,Disneyland,Fantasyland,275,Dumbo the Flying Elephant,30,True,2026-04-11T01:35:38.000Z
2026-04-10 18:40:27,Disneyland,Fantasyland,277,King Arthur Carrousel,5,True,2026-04-11T01:35:38.000Z
2026-04-10 18:40:27,Disneyland,Fantasyland,278,Mad Tea Party,15,True,2026-04-11T01:35:38.000Z
2026-04-10 18:40:27,Disneyland,Fantasyland,279,Matterhorn Bobsleds,75,True,2026-04-11T01:35:38.000Z
2026-04-10 18:40:27,Disneyland,Fantasyland,6711,Meet Disney Princesses at Royal Hall,0,False,2026-04-11T01:35:38.000Z
2026-04-10 18:40:27,Disneyland,Fantasyland,280,Mr. Toad's Wild Ride,20,True,2026-04-11T01:35:38.000Z
2026-04-10 18:40:27,Disneyland,Fantasyland,281,Peter Pan's Flight,45,True,2026-04-11T01:35:38.000Z
2026-04-10 18:40:27,Disneyland,Fantasyland,282,Pinocchio's Daring Journey,10,True,2026-04-11T01:35:38.000Z
2026-04-10 18:40:27,Disneyland,Fantasyland,687,Sleeping Beauty Castle Walkthrough,0,False,2026-04-11T01:35:38.000Z
2026-04-10 18:40:27,Disneyland,Fantasyland,283,Snow White's Enchanted Wish,0,False,2026-04-11T01:35:38.000Z
2026-04-10 18:40:27,Disneyland,Fantasyland,305,Storybook Land Canal Boats,0,False,2026-04-11T01:35:38.000Z
2026-04-10 18:40:27,Disneyland,Frontierland,323,Big Thunder Mountain Railroad,75,True,2026-04-11T01:35:38.000Z
2026-04-10 18:40:27,Disneyland,Frontierland,679,Frontierland Shootin' Exposition,0,True,2026-04-11T01:35:38.000Z
2026-04-10 18:40:27,Disneyland,Frontierland,456,Mark Twain Riverboat,0,False,2026-04-11T01:35:38.000Z
2026-04-10 18:40:27,Disneyland,Frontierland,331,Pirate's Lair on Tom Sawyer Island,0,False,2026-04-11T01:35:38.000Z
2026-04-10 18:40:27,Disneyland,Frontierland,328,Sailing Ship Columbia,0,False,2026-04-11T01:35:38.000Z
2026-04-10 18:40:27,Disneyland,Main Street U.S.A,674,Disneyland Railroad,15,True,2026-04-11T01:35:38.000Z
2026-04-10 18:40:27,Disneyland,Main Street U.S.A,690,Great Moments with Mr. Lincoln,0,False,2026-04-11T01:35:38.000Z
2026-04-10 18:40:27,Disneyland,Main Street U.S.A,686,Main Street Cinema,0,True,2026-04-11T01:35:38.000Z
2026-04-10 18:40:27,Disneyland,Main Street U.S.A,691,Main Street Vehicles,0,True,2026-04-11T01:35:38.000Z
2026-04-10 18:40:27,Disneyland,Main Street U.S.A,14915,Opera House - Walt Disney - A Magical Life,0,True,2026-04-11T01:35:38.000Z
2026-04-10 18:40:27,Disneyland,Main Street U.S.A,695,The Disney Gallery,0,True,2026-04-11T01:35:38.000Z
2026-04-10 18:40:27,Disneyland,Main Street U.S.A,14923,Walt Disney - A Magical Life,0,True,2026-04-11T01:35:38.000Z
2026-04-10 18:40:27,Disneyland,Mickey's Toontown,324,Chip 'n' Dale's GADGETcoaster,20,True,2026-04-11T01:35:38.000Z
2026-04-10 18:40:27,Disneyland,Mickey's Toontown,13814,Donald's Duck Pond,0,True,2026-04-11T01:35:38.000Z
2026-04-10 18:40:27,Disneyland,Mickey's Toontown,11980,Goofy's How-to-Play Yard,0,True,2026-04-11T01:35:38.000Z
2026-04-10 18:40:27,Disneyland,Mickey's Toontown,11526,Mickey & Minnie's Runaway Railway,45,True,2026-04-11T01:35:38.000Z
2026-04-10 18:40:27,Disneyland,Mickey's Toontown,709,Mickey's House and Meet Mickey Mouse,30,True,2026-04-11T01:35:38.000Z
2026-04-10 18:40:27,Disneyland,Mickey's Toontown,327,Mickey's House and Meet Mickey Mouse,0,False,2026-04-11T01:35:38.000Z
2026-04-10 18:40:27,Disneyland,Mickey's Toontown,684,Minnie's House,0,True,2026-04-11T01:35:38.000Z
2026-04-10 18:40:27,Disneyland,Mickey's Toontown,332,Roger Rabbit's Car Toon Spin,0,False,2026-04-11T01:35:38.000Z
2026-04-10 18:40:27,Disneyland,New Orleans Square,13958,Haunted Mansion,45,True,2026-04-11T01:35:38.000Z
2026-04-10 18:40:27,Disneyland,New Orleans Square,289,Pirates of the Caribbean,30,True,2026-04-11T01:35:38.000Z
2026-04-10 18:40:27,Disneyland,Star Wars: Galaxy's Edge,6339,Millennium Falcon: Smugglers Run,40,True,2026-04-11T01:35:38.000Z
2026-04-10 18:40:27,Disneyland,Star Wars: Galaxy's Edge,10903,Millennium Falcon: Smugglers Run Single Rider,0,True,2026-04-11T01:35:38.000Z
2026-04-10 18:40:27,Disneyland,Star Wars: Galaxy's Edge,6340,Star Wars: Rise of the Resistance,60,True,2026-04-11T01:35:38.000Z
2026-04-10 18:40:27,Disneyland,Tomorrowland,287,Astro Orbitor,25,True,2026-04-11T01:35:38.000Z
2026-04-10 18:40:27,Disneyland,Tomorrowland,317,Autopia,30,True,2026-04-11T01:35:38.000Z
2026-04-10 18:40:27,Disneyland,Tomorrowland,273,Buzz Lightyear Astro Blasters,30,True,2026-04-11T01:35:38.000Z
2026-04-10 18:40:27,Disneyland,Tomorrowland,274,Disneyland Monorail,0,False,2026-04-11T01:35:38.000Z
2026-04-10 18:40:27,Disneyland,Tomorrowland,276,Finding Nemo Submarine Voyage,25,True,2026-04-11T01:35:38.000Z
2026-04-10 18:40:27,Disneyland,Tomorrowland,284,Space Mountain,70,True,2026-04-11T01:35:38.000Z
2026-04-10 18:40:27,Disneyland,Tomorrowland,286,Star Tours - The Adventures Continue,30,True,2026-04-11T01:35:38.000Z
2026-04-10 18:40:27,Disney California Adventure,Avengers Campus,329,Guardians of the Galaxy - Mission: BREAKOUT!,100,True,2026-04-11T01:35:38.000Z
2026-04-10 18:40:27,Disney California Adventure,Avengers Campus,8843,WEB SLINGERS: A Spider-Man Adventure,70,True,2026-04-11T01:35:38.000Z
2026-04-10 18:40:27,Disney California Adventure,Avengers Campus,10907,WEB SLINGERS: A Spider-Man Adventure Single Rider,0,True,2026-04-11T01:35:38.000Z
2026-04-10 18:40:27,Disney California Adventure,Cars Land,13961,Luigi's Rollickin' Roadsters,45,True,2026-04-11T01:35:38.000Z
2026-04-10 18:40:27,Disney California Adventure,Cars Land,315,Mater's Junkyard Jamboree,30,True,2026-04-11T01:35:38.000Z
2026-04-10 18:40:27,Disney California Adventure,Cars Land,295,Radiator Springs Racers,120,True,2026-04-11T01:35:38.000Z
2026-04-10 18:40:27,Disney California Adventure,Cars Land,10904,Radiator Springs Racers Single Rider,0,True,2026-04-11T01:35:38.000Z
2026-04-10 18:40:27,Disney California Adventure,Grizzly Peak,302,Grizzly River Run,45,True,2026-04-11T01:35:38.000Z
2026-04-10 18:40:27,Disney California Adventure,Grizzly Peak,293,Redwood Creek Challenge Trail,5,True,2026-04-11T01:35:38.000Z
2026-04-10 18:40:27,Disney California Adventure,Grizzly Peak,312,Soarin' Over California,60,True,2026-04-11T01:35:38.000Z
2026-04-10 18:40:27,Disney California Adventure,Hollywood Land,321,Animation Academy,0,True,2026-04-11T01:35:38.000Z
2026-04-10 18:40:27,Disney California Adventure,Hollywood Land,6440,Mickey's PhilharMagic,10,True,2026-04-11T01:35:38.000Z
2026-04-10 18:40:27,Disney California Adventure,Hollywood Land,291,"Monsters, Inc. Mike & Sulley to the Rescue!",50,True,2026-04-11T01:35:38.000Z
2026-04-10 18:40:27,Disney California Adventure,Hollywood Land,868,Sorcerer's Workshop,0,False,2026-04-11T01:35:38.000Z
2026-04-10 18:40:27,Disney California Adventure,Hollywood Land,294,Turtle Talk with Crush,0,True,2026-04-11T01:35:38.000Z
2026-04-10 18:40:27,Disney California Adventure,Paradise Gardens Park,298,Golden Zephyr,0,False,2026-04-11T01:35:38.000Z
2026-04-10 18:40:27,Disney California Adventure,Paradise Gardens Park,319,Goofy's Sky School,50,True,2026-04-11T01:35:38.000Z
2026-04-10 18:40:27,Disney California Adventure,Paradise Gardens Park,301,Silly Symphony Swings,20,True,2026-04-11T01:35:38.000Z
2026-04-10 18:40:27,Disney California Adventure,Paradise Gardens Park,10905,Silly Symphony Swings Single Rider,0,True,2026-04-11T01:35:38.000Z
2026-04-10 18:40:27,Disney California Adventure,Paradise Gardens Park,316,The Little Mermaid - Ariel's Undersea Adventure,10,True,2026-04-11T01:35:38.000Z
2026-04-10 18:40:27,Disney California Adventure,Paradise Gardens Park,14742,World of Color Happiness!,0,True,2026-04-11T01:35:38.000Z
2026-04-10 18:40:27,Disney California Adventure,Pixar Pier,13960,Games of Pixar Pier,0,True,2026-04-11T01:35:38.000Z
2026-04-10 18:40:27,Disney California Adventure,Pixar Pier,322,Incredicoaster,80,True,2026-04-11T01:35:38.000Z
2026-04-10 18:40:27,Disney California Adventure,Pixar Pier,10906,Incredicoaster Single Rider,0,True,2026-04-11T01:35:38.000Z
2026-04-10 18:40:27,Disney California Adventure,Pixar Pier,6643,Inside Out Emotional Whirlwind,0,False,2026-04-11T01:35:38.000Z
2026-04-10 18:40:27,Disney California Adventure,Pixar Pier,310,Jessie's Critter Carousel,15,True,2026-04-11T01:35:38.000Z
2026-04-10 18:40:27,Disney California Adventure,Pixar Pier,300,Jumpin' Jellyfish,20,True,2026-04-11T01:35:38.000Z
2026-04-10 18:40:27,Disney California Adventure,Pixar Pier,311,Pixar Pal-A-Round - Swinging,45,True,2026-04-11T01:35:38.000Z
2026-04-10 18:40:27,Disney California Adventure,Pixar Pier,5557,Pixar Pal-A-Round – Non-Swinging,50,True,2026-04-11T01:35:38.000Z
2026-04-10 18:40:27,Disney California Adventure,Pixar Pier,313,Toy Story Midway Mania!,0,False,2026-04-11T01:35:38.000Z
2026-04-10 18:40:27,Disney California Adventure,San Fransokyo Square,13959,The Bakery Tour,0,True,2026-04-11T01:35:38.000Z
2026-04-10 18:45:27,Disneyland,Adventureland,12428,Adventureland Treehouse inspired by Walt Disney’s Swiss Family Robinson,0,True,2026-04-11T01:40:33.000Z
2026-04-10 18:45:27,Disneyland,Adventureland,326,Indiana Jones™ Adventure,75,True,2026-04-11T01:40:33.000Z
2026-04-10 18:45:27,Disneyland,Adventureland,296,Jungle Cruise,0,False,2026-04-11T01:40:33.000Z
2026-04-10 18:45:27,Disneyland,Adventureland,288,Walt Disney's Enchanted Tiki Room,0,True,2026-04-11T01:40:33.000Z
2026-04-10 18:45:27,Disneyland,Bayou Country,304,Davy Crockett's Explorer Canoes,0,False,2026-04-11T01:40:33.000Z
2026-04-10 18:45:27,Disneyland,Bayou Country,306,The Many Adventures of Winnie the Pooh,0,False,2026-04-11T01:40:33.000Z
2026-04-10 18:45:27,Disneyland,Bayou Country,14168,Tiana's Bayou Adventure,75,True,2026-04-11T01:40:33.000Z
2026-04-10 18:45:27,Disneyland,Bayou Country,14326,Tiana's Bayou Adventure Single Rider,0,True,2026-04-11T01:40:33.000Z
2026-04-10 18:45:27,Disneyland,Fantasyland,307,"""it's a small world""",30,True,2026-04-11T01:40:33.000Z
2026-04-10 18:45:27,Disneyland,Fantasyland,285,Alice in Wonderland,35,True,2026-04-11T01:40:33.000Z
2026-04-10 18:45:27,Disneyland,Fantasyland,303,Casey Jr. Circus Train,15,True,2026-04-11T01:40:33.000Z
2026-04-10 18:45:27,Disneyland,Fantasyland,275,Dumbo the Flying Elephant,30,True,2026-04-11T01:40:33.000Z
2026-04-10 18:45:27,Disneyland,Fantasyland,277,King Arthur Carrousel,5,True,2026-04-11T01:40:33.000Z
2026-04-10 18:45:27,Disneyland,Fantasyland,278,Mad Tea Party,25,True,2026-04-11T01:40:33.000Z
2026-04-10 18:45:27,Disneyland,Fantasyland,279,Matterhorn Bobsleds,75,True,2026-04-11T01:40:33.000Z
2026-04-10 18:45:27,Disneyland,Fantasyland,6711,Meet Disney Princesses at Royal Hall,0,False,2026-04-11T01:40:33.000Z
2026-04-10 18:45:27,Disneyland,Fantasyland,280,Mr. Toad's Wild Ride,20,True,2026-04-11T01:40:33.000Z
2026-04-10 18:45:27,Disneyland,Fantasyland,281,Peter Pan's Flight,45,True,2026-04-11T01:40:33.000Z
2026-04-10 18:45:27,Disneyland,Fantasyland,282,Pinocchio's Daring Journey,10,True,2026-04-11T01:40:33.000Z
2026-04-10 18:45:27,Disneyland,Fantasyland,687,Sleeping Beauty Castle Walkthrough,0,False,2026-04-11T01:40:33.000Z
2026-04-10 18:45:27,Disneyland,Fantasyland,283,Snow White's Enchanted Wish,0,False,2026-04-11T01:40:33.000Z
2026-04-10 18:45:27,Disneyland,Fantasyland,305,Storybook Land Canal Boats,20,True,2026-04-11T01:40:33.000Z
2026-04-10 18:45:27,Disneyland,Frontierland,323,Big Thunder Mountain Railroad,75,True,2026-04-11T01:40:33.000Z
2026-04-10 18:45:27,Disneyland,Frontierland,679,Frontierland Shootin' Exposition,0,True,2026-04-11T01:40:33.000Z
2026-04-10 18:45:27,Disneyland,Frontierland,456,Mark Twain Riverboat,0,False,2026-04-11T01:40:33.000Z
2026-04-10 18:45:27,Disneyland,Frontierland,331,Pirate's Lair on Tom Sawyer Island,0,False,2026-04-11T01:40:33.000Z
2026-04-10 18:45:27,Disneyland,Frontierland,328,Sailing Ship Columbia,0,False,2026-04-11T01:40:33.000Z
2026-04-10 18:45:27,Disneyland,Main Street U.S.A,674,Disneyland Railroad,15,True,2026-04-11T01:40:33.000Z
2026-04-10 18:45:27,Disneyland,Main Street U.S.A,690,Great Moments with Mr. Lincoln,0,False,2026-04-11T01:40:33.000Z
2026-04-10 18:45:27,Disneyland,Main Street U.S.A,686,Main Street Cinema,0,True,2026-04-11T01:40:33.000Z
2026-04-10 18:45:27,Disneyland,Main Street U.S.A,691,Main Street Vehicles,0,True,2026-04-11T01:40:33.000Z
2026-04-10 18:45:27,Disneyland,Main Street U.S.A,14915,Opera House - Walt Disney - A Magical Life,0,True,2026-04-11T01:40:33.000Z
2026-04-10 18:45:27,Disneyland,Main Street U.S.A,695,The Disney Gallery,0,True,2026-04-11T01:40:33.000Z
2026-04-10 18:45:27,Disneyland,Main Street U.S.A,14923,Walt Disney - A Magical Life,0,True,2026-04-11T01:40:33.000Z
2026-04-10 18:45:27,Disneyland,Mickey's Toontown,324,Chip 'n' Dale's GADGETcoaster,20,True,2026-04-11T01:40:33.000Z
2026-04-10 18:45:27,Disneyland,Mickey's Toontown,13814,Donald's Duck Pond,0,True,2026-04-11T01:40:33.000Z
2026-04-10 18:45:27,Disneyland,Mickey's Toontown,11980,Goofy's How-to-Play Yard,0,True,2026-04-11T01:40:33.000Z
2026-04-10 18:45:27,Disneyland,Mickey's Toontown,11526,Mickey & Minnie's Runaway Railway,45,True,2026-04-11T01:40:33.000Z
2026-04-10 18:45:27,Disneyland,Mickey's Toontown,709,Mickey's House and Meet Mickey Mouse,30,True,2026-04-11T01:40:33.000Z
2026-04-10 18:45:27,Disneyland,Mickey's Toontown,327,Mickey's House and Meet Mickey Mouse,0,False,2026-04-11T01:40:33.000Z
2026-04-10 18:45:27,Disneyland,Mickey's Toontown,684,Minnie's House,0,True,2026-04-11T01:40:33.000Z
2026-04-10 18:45:27,Disneyland,Mickey's Toontown,332,Roger Rabbit's Car Toon Spin,0,False,2026-04-11T01:40:33.000Z
2026-04-10 18:45:27,Disneyland,New Orleans Square,13958,Haunted Mansion,45,True,2026-04-11T01:40:33.000Z
2026-04-10 18:45:27,Disneyland,New Orleans Square,289,Pirates of the Caribbean,30,True,2026-04-11T01:40:33.000Z
2026-04-10 18:45:27,Disneyland,Star Wars: Galaxy's Edge,6339,Millennium Falcon: Smugglers Run,40,True,2026-04-11T01:40:33.000Z
2026-04-10 18:45:27,Disneyland,Star Wars: Galaxy's Edge,10903,Millennium Falcon: Smugglers Run Single Rider,0,True,2026-04-11T01:40:33.000Z
2026-04-10 18:45:27,Disneyland,Star Wars: Galaxy's Edge,6340,Star Wars: Rise of the Resistance,70,True,2026-04-11T01:40:33.000Z
2026-04-10 18:45:27,Disneyland,Tomorrowland,287,Astro Orbitor,25,True,2026-04-11T01:40:33.000Z
2026-04-10 18:45:27,Disneyland,Tomorrowland,317,Autopia,30,True,2026-04-11T01:40:33.000Z
2026-04-10 18:45:27,Disneyland,Tomorrowland,273,Buzz Lightyear Astro Blasters,30,True,2026-04-11T01:40:33.000Z
2026-04-10 18:45:27,Disneyland,Tomorrowland,274,Disneyland Monorail,0,False,2026-04-11T01:40:33.000Z
2026-04-10 18:45:27,Disneyland,Tomorrowland,276,Finding Nemo Submarine Voyage,25,True,2026-04-11T01:40:33.000Z
2026-04-10 18:45:27,Disneyland,Tomorrowland,284,Space Mountain,75,True,2026-04-11T01:40:33.000Z
2026-04-10 18:45:27,Disneyland,Tomorrowland,286,Star Tours - The Adventures Continue,30,True,2026-04-11T01:40:33.000Z
2026-04-10 18:45:28,Disney California Adventure,Avengers Campus,329,Guardians of the Galaxy - Mission: BREAKOUT!,100,True,2026-04-11T01:40:38.000Z
2026-04-10 18:45:28,Disney California Adventure,Avengers Campus,8843,WEB SLINGERS: A Spider-Man Adventure,70,True,2026-04-11T01:40:38.000Z
2026-04-10 18:45:28,Disney California Adventure,Avengers Campus,10907,WEB SLINGERS: A Spider-Man Adventure Single Rider,0,True,2026-04-11T01:40:38.000Z
2026-04-10 18:45:28,Disney California Adventure,Cars Land,13961,Luigi's Rollickin' Roadsters,45,True,2026-04-11T01:40:38.000Z
2026-04-10 18:45:28,Disney California Adventure,Cars Land,315,Mater's Junkyard Jamboree,30,True,2026-04-11T01:40:38.000Z
2026-04-10 18:45:28,Disney California Adventure,Cars Land,295,Radiator Springs Racers,120,True,2026-04-11T01:40:38.000Z
2026-04-10 18:45:28,Disney California Adventure,Cars Land,10904,Radiator Springs Racers Single Rider,0,True,2026-04-11T01:40:38.000Z
2026-04-10 18:45:28,Disney California Adventure,Grizzly Peak,302,Grizzly River Run,45,True,2026-04-11T01:40:38.000Z
2026-04-10 18:45:28,Disney California Adventure,Grizzly Peak,293,Redwood Creek Challenge Trail,5,True,2026-04-11T01:40:38.000Z
2026-04-10 18:45:28,Disney California Adventure,Grizzly Peak,312,Soarin' Over California,60,True,2026-04-11T01:40:38.000Z
2026-04-10 18:45:28,Disney California Adventure,Hollywood Land,321,Animation Academy,0,True,2026-04-11T01:40:38.000Z
2026-04-10 18:45:28,Disney California Adventure,Hollywood Land,6440,Mickey's PhilharMagic,10,True,2026-04-11T01:40:38.000Z
2026-04-10 18:45:28,Disney California Adventure,Hollywood Land,291,"Monsters, Inc. Mike & Sulley to the Rescue!",50,True,2026-04-11T01:40:38.000Z
2026-04-10 18:45:28,Disney California Adventure,Hollywood Land,868,Sorcerer's Workshop,0,False,2026-04-11T01:40:38.000Z
2026-04-10 18:45:28,Disney California Adventure,Hollywood Land,294,Turtle Talk with Crush,0,True,2026-04-11T01:40:38.000Z
2026-04-10 18:45:28,Disney California Adventure,Paradise Gardens Park,298,Golden Zephyr,0,False,2026-04-11T01:40:38.000Z
2026-04-10 18:45:28,Disney California Adventure,Paradise Gardens Park,319,Goofy's Sky School,50,True,2026-04-11T01:40:38.000Z
2026-04-10 18:45:28,Disney California Adventure,Paradise Gardens Park,301,Silly Symphony Swings,20,True,2026-04-11T01:40:38.000Z
2026-04-10 18:45:28,Disney California Adventure,Paradise Gardens Park,10905,Silly Symphony Swings Single Rider,0,True,2026-04-11T01:40:38.000Z
2026-04-10 18:45:28,Disney California Adventure,Paradise Gardens Park,316,The Little Mermaid - Ariel's Undersea Adventure,10,True,2026-04-11T01:40:38.000Z
2026-04-10 18:45:28,Disney California Adventure,Paradise Gardens Park,14742,World of Color Happiness!,0,True,2026-04-11T01:40:38.000Z
2026-04-10 18:45:28,Disney California Adventure,Pixar Pier,13960,Games of Pixar Pier,0,True,2026-04-11T01:40:38.000Z
2026-04-10 18:45:28,Disney California Adventure,Pixar Pier,322,Incredicoaster,80,True,2026-04-11T01:40:38.000Z
2026-04-10 18:45:28,Disney California Adventure,Pixar Pier,10906,Incredicoaster Single Rider,0,True,2026-04-11T01:40:38.000Z
2026-04-10 18:45:28,Disney California Adventure,Pixar Pier,6643,Inside Out Emotional Whirlwind,0,False,2026-04-11T01:40:38.000Z
2026-04-10 18:45:28,Disney California Adventure,Pixar Pier,310,Jessie's Critter Carousel,15,True,2026-04-11T01:40:38.000Z
2026-04-10 18:45:28,Disney California Adventure,Pixar Pier,300,Jumpin' Jellyfish,20,True,2026-04-11T01:40:38.000Z
2026-04-10 18:45:28,Disney California Adventure,Pixar Pier,311,Pixar Pal-A-Round - Swinging,35,True,2026-04-11T01:40:38.000Z
2026-04-10 18:45:28,Disney California Adventure,Pixar Pier,5557,Pixar Pal-A-Round – Non-Swinging,45,True,2026-04-11T01:40:38.000Z
2026-04-10 18:45:28,Disney California Adventure,Pixar Pier,313,Toy Story Midway Mania!,0,False,2026-04-11T01:40:38.000Z
2026-04-10 18:45:28,Disney California Adventure,San Fransokyo Square,13959,The Bakery Tour,0,True,2026-04-11T01:40:38.000Z
2026-04-10 18:50:25,Disneyland,Adventureland,12428,Adventureland Treehouse inspired by Walt Disney’s Swiss Family Robinson,0,True,2026-04-11T01:45:35.000Z
2026-04-10 18:50:25,Disneyland,Adventureland,326,Indiana Jones™ Adventure,75,True,2026-04-11T01:45:35.000Z
2026-04-10 18:50:25,Disneyland,Adventureland,296,Jungle Cruise,0,False,2026-04-11T01:45:35.000Z
2026-04-10 18:50:25,Disneyland,Adventureland,288,Walt Disney's Enchanted Tiki Room,0,True,2026-04-11T01:45:35.000Z
2026-04-10 18:50:25,Disneyland,Bayou Country,304,Davy Crockett's Explorer Canoes,0,False,2026-04-11T01:45:35.000Z
2026-04-10 18:50:25,Disneyland,Bayou Country,306,The Many Adventures of Winnie the Pooh,0,False,2026-04-11T01:45:35.000Z
2026-04-10 18:50:25,Disneyland,Bayou Country,14168,Tiana's Bayou Adventure,75,True,2026-04-11T01:45:35.000Z
2026-04-10 18:50:25,Disneyland,Bayou Country,14326,Tiana's Bayou Adventure Single Rider,0,True,2026-04-11T01:45:35.000Z
2026-04-10 18:50:25,Disneyland,Fantasyland,307,"""it's a small world""",30,True,2026-04-11T01:45:35.000Z
2026-04-10 18:50:25,Disneyland,Fantasyland,285,Alice in Wonderland,35,True,2026-04-11T01:45:35.000Z
2026-04-10 18:50:25,Disneyland,Fantasyland,303,Casey Jr. Circus Train,15,True,2026-04-11T01:45:35.000Z
2026-04-10 18:50:25,Disneyland,Fantasyland,275,Dumbo the Flying Elephant,30,True,2026-04-11T01:45:35.000Z
2026-04-10 18:50:25,Disneyland,Fantasyland,277,King Arthur Carrousel,5,True,2026-04-11T01:45:35.000Z
2026-04-10 18:50:25,Disneyland,Fantasyland,278,Mad Tea Party,25,True,2026-04-11T01:45:35.000Z
2026-04-10 18:50:25,Disneyland,Fantasyland,279,Matterhorn Bobsleds,45,True,2026-04-11T01:45:35.000Z
2026-04-10 18:50:25,Disneyland,Fantasyland,6711,Meet Disney Princesses at Royal Hall,0,False,2026-04-11T01:45:35.000Z
2026-04-10 18:50:25,Disneyland,Fantasyland,280,Mr. Toad's Wild Ride,20,True,2026-04-11T01:45:35.000Z
2026-04-10 18:50:25,Disneyland,Fantasyland,281,Peter Pan's Flight,45,True,2026-04-11T01:45:35.000Z
2026-04-10 18:50:25,Disneyland,Fantasyland,282,Pinocchio's Daring Journey,10,True,2026-04-11T01:45:35.000Z
2026-04-10 18:50:25,Disneyland,Fantasyland,687,Sleeping Beauty Castle Walkthrough,0,False,2026-04-11T01:45:35.000Z
2026-04-10 18:50:25,Disneyland,Fantasyland,283,Snow White's Enchanted Wish,0,False,2026-04-11T01:45:35.000Z
2026-04-10 18:50:25,Disneyland,Fantasyland,305,Storybook Land Canal Boats,20,True,2026-04-11T01:45:35.000Z
2026-04-10 18:50:25,Disneyland,Frontierland,323,Big Thunder Mountain Railroad,60,True,2026-04-11T01:45:35.000Z
2026-04-10 18:50:25,Disneyland,Frontierland,679,Frontierland Shootin' Exposition,0,True,2026-04-11T01:45:35.000Z
2026-04-10 18:50:25,Disneyland,Frontierland,456,Mark Twain Riverboat,0,False,2026-04-11T01:45:35.000Z
2026-04-10 18:50:25,Disneyland,Frontierland,331,Pirate's Lair on Tom Sawyer Island,0,False,2026-04-11T01:45:35.000Z
2026-04-10 18:50:25,Disneyland,Frontierland,328,Sailing Ship Columbia,0,False,2026-04-11T01:45:35.000Z
2026-04-10 18:50:25,Disneyland,Main Street U.S.A,674,Disneyland Railroad,10,True,2026-04-11T01:45:35.000Z
2026-04-10 18:50:25,Disneyland,Main Street U.S.A,690,Great Moments with Mr. Lincoln,0,False,2026-04-11T01:45:35.000Z
2026-04-10 18:50:25,Disneyland,Main Street U.S.A,686,Main Street Cinema,0,True,2026-04-11T01:45:35.000Z
2026-04-10 18:50:25,Disneyland,Main Street U.S.A,691,Main Street Vehicles,0,True,2026-04-11T01:45:35.000Z
2026-04-10 18:50:25,Disneyland,Main Street U.S.A,14915,Opera House - Walt Disney - A Magical Life,0,True,2026-04-11T01:45:35.000Z
2026-04-10 18:50:25,Disneyland,Main Street U.S.A,695,The Disney Gallery,0,True,2026-04-11T01:45:35.000Z
2026-04-10 18:50:25,Disneyland,Main Street U.S.A,14923,Walt Disney - A Magical Life,0,True,2026-04-11T01:45:35.000Z
2026-04-10 18:50:25,Disneyland,Mickey's Toontown,324,Chip 'n' Dale's GADGETcoaster,30,True,2026-04-11T01:45:35.000Z
2026-04-10 18:50:25,Disneyland,Mickey's Toontown,13814,Donald's Duck Pond,0,True,2026-04-11T01:45:35.000Z
2026-04-10 18:50:25,Disneyland,Mickey's Toontown,11980,Goofy's How-to-Play Yard,0,True,2026-04-11T01:45:35.000Z
2026-04-10 18:50:25,Disneyland,Mickey's Toontown,11526,Mickey & Minnie's Runaway Railway,60,True,2026-04-11T01:45:35.000Z
2026-04-10 18:50:25,Disneyland,Mickey's Toontown,709,Mickey's House and Meet Mickey Mouse,30,True,2026-04-11T01:45:35.000Z
2026-04-10 18:50:25,Disneyland,Mickey's Toontown,327,Mickey's House and Meet Mickey Mouse,0,False,2026-04-11T01:45:35.000Z
2026-04-10 18:50:25,Disneyland,Mickey's Toontown,684,Minnie's House,0,True,2026-04-11T01:45:35.000Z
2026-04-10 18:50:25,Disneyland,Mickey's Toontown,332,Roger Rabbit's Car Toon Spin,0,False,2026-04-11T01:45:35.000Z
2026-04-10 18:50:25,Disneyland,New Orleans Square,13958,Haunted Mansion,45,True,2026-04-11T01:45:35.000Z
2026-04-10 18:50:25,Disneyland,New Orleans Square,289,Pirates of the Caribbean,30,True,2026-04-11T01:45:35.000Z
2026-04-10 18:50:25,Disneyland,Star Wars: Galaxy's Edge,6339,Millennium Falcon: Smugglers Run,40,True,2026-04-11T01:45:35.000Z
2026-04-10 18:50:25,Disneyland,Star Wars: Galaxy's Edge,10903,Millennium Falcon: Smugglers Run Single Rider,0,True,2026-04-11T01:45:35.000Z
2026-04-10 18:50:25,Disneyland,Star Wars: Galaxy's Edge,6340,Star Wars: Rise of the Resistance,80,True,2026-04-11T01:45:35.000Z
2026-04-10 18:50:25,Disneyland,Tomorrowland,287,Astro Orbitor,25,True,2026-04-11T01:45:35.000Z
2026-04-10 18:50:25,Disneyland,Tomorrowland,317,Autopia,10,True,2026-04-11T01:45:35.000Z
2026-04-10 18:50:25,Disneyland,Tomorrowland,273,Buzz Lightyear Astro Blasters,30,True,2026-04-11T01:45:35.000Z
2026-04-10 18:50:25,Disneyland,Tomorrowland,274,Disneyland Monorail,0,False,2026-04-11T01:45:35.000Z
2026-04-10 18:50:25,Disneyland,Tomorrowland,276,Finding Nemo Submarine Voyage,15,True,2026-04-11T01:45:35.000Z
2026-04-10 18:50:25,Disneyland,Tomorrowland,284,Space Mountain,65,True,2026-04-11T01:45:35.000Z
2026-04-10 18:50:25,Disneyland,Tomorrowland,286,Star Tours - The Adventures Continue,40,True,2026-04-11T01:45:35.000Z
2026-04-10 18:50:25,Disney California Adventure,Avengers Campus,329,Guardians of the Galaxy - Mission: BREAKOUT!,100,True,2026-04-11T01:45:44.000Z
2026-04-10 18:50:25,Disney California Adventure,Avengers Campus,8843,WEB SLINGERS: A Spider-Man Adventure,70,True,2026-04-11T01:45:44.000Z
2026-04-10 18:50:25,Disney California Adventure,Avengers Campus,10907,WEB SLINGERS: A Spider-Man Adventure Single Rider,0,True,2026-04-11T01:45:44.000Z
2026-04-10 18:50:25,Disney California Adventure,Cars Land,13961,Luigi's Rollickin' Roadsters,45,True,2026-04-11T01:45:44.000Z
2026-04-10 18:50:25,Disney California Adventure,Cars Land,315,Mater's Junkyard Jamboree,30,True,2026-04-11T01:45:44.000Z
2026-04-10 18:50:25,Disney California Adventure,Cars Land,295,Radiator Springs Racers,110,True,2026-04-11T01:45:44.000Z
2026-04-10 18:50:25,Disney California Adventure,Cars Land,10904,Radiator Springs Racers Single Rider,0,True,2026-04-11T01:45:44.000Z
2026-04-10 18:50:25,Disney California Adventure,Grizzly Peak,302,Grizzly River Run,30,True,2026-04-11T01:45:44.000Z
2026-04-10 18:50:25,Disney California Adventure,Grizzly Peak,293,Redwood Creek Challenge Trail,5,True,2026-04-11T01:45:44.000Z
2026-04-10 18:50:25,Disney California Adventure,Grizzly Peak,312,Soarin' Over California,60,True,2026-04-11T01:45:44.000Z
2026-04-10 18:50:25,Disney California Adventure,Hollywood Land,321,Animation Academy,0,True,2026-04-11T01:45:44.000Z
2026-04-10 18:50:25,Disney California Adventure,Hollywood Land,6440,Mickey's PhilharMagic,10,True,2026-04-11T01:45:44.000Z
2026-04-10 18:50:25,Disney California Adventure,Hollywood Land,291,"Monsters, Inc. Mike & Sulley to the Rescue!",50,True,2026-04-11T01:45:44.000Z
2026-04-10 18:50:25,Disney California Adventure,Hollywood Land,868,Sorcerer's Workshop,0,False,2026-04-11T01:45:44.000Z
2026-04-10 18:50:25,Disney California Adventure,Hollywood Land,294,Turtle Talk with Crush,0,True,2026-04-11T01:45:44.000Z
2026-04-10 18:50:25,Disney California Adventure,Paradise Gardens Park,298,Golden Zephyr,0,False,2026-04-11T01:45:44.000Z
2026-04-10 18:50:25,Disney California Adventure,Paradise Gardens Park,319,Goofy's Sky School,65,True,2026-04-11T01:45:44.000Z
2026-04-10 18:50:25,Disney California Adventure,Paradise Gardens Park,301,Silly Symphony Swings,20,True,2026-04-11T01:45:44.000Z
2026-04-10 18:50:25,Disney California Adventure,Paradise Gardens Park,10905,Silly Symphony Swings Single Rider,0,True,2026-04-11T01:45:44.000Z
2026-04-10 18:50:25,Disney California Adventure,Paradise Gardens Park,316,The Little Mermaid - Ariel's Undersea Adventure,20,True,2026-04-11T01:45:44.000Z
2026-04-10 18:50:25,Disney California Adventure,Paradise Gardens Park,14742,World of Color Happiness!,0,True,2026-04-11T01:45:44.000Z
2026-04-10 18:50:25,Disney California Adventure,Pixar Pier,13960,Games of Pixar Pier,0,True,2026-04-11T01:45:44.000Z
2026-04-10 18:50:25,Disney California Adventure,Pixar Pier,322,Incredicoaster,80,True,2026-04-11T01:45:44.000Z
2026-04-10 18:50:25,Disney California Adventure,Pixar Pier,10906,Incredicoaster Single Rider,0,True,2026-04-11T01:45:44.000Z
2026-04-10 18:50:25,Disney California Adventure,Pixar Pier,6643,Inside Out Emotional Whirlwind,0,False,2026-04-11T01:45:44.000Z
2026-04-10 18:50:25,Disney California Adventure,Pixar Pier,310,Jessie's Critter Carousel,15,True,2026-04-11T01:45:44.000Z
2026-04-10 18:50:25,Disney California Adventure,Pixar Pier,300,Jumpin' Jellyfish,20,True,2026-04-11T01:45:44.000Z
2026-04-10 18:50:25,Disney California Adventure,Pixar Pier,311,Pixar Pal-A-Round - Swinging,35,True,2026-04-11T01:45:44.000Z
2026-04-10 18:50:25,Disney California Adventure,Pixar Pier,5557,Pixar Pal-A-Round – Non-Swinging,45,True,2026-04-11T01:45:44.000Z
2026-04-10 18:50:25,Disney California Adventure,Pixar Pier,313,Toy Story Midway Mania!,0,False,2026-04-11T01:45:44.000Z
2026-04-10 18:50:25,Disney California Adventure,San Fransokyo Square,13959,The Bakery Tour,0,True,2026-04-11T01:45:44.000Z
2026-04-10 18:55:25,Disneyland,Adventureland,12428,Adventureland Treehouse inspired by Walt Disney’s Swiss Family Robinson,0,True,2026-04-11T01:50:31.000Z
2026-04-10 18:55:25,Disneyland,Adventureland,326,Indiana Jones™ Adventure,75,True,2026-04-11T01:50:31.000Z
2026-04-10 18:55:25,Disneyland,Adventureland,296,Jungle Cruise,0,False,2026-04-11T01:50:31.000Z
2026-04-10 18:55:25,Disneyland,Adventureland,288,Walt Disney's Enchanted Tiki Room,0,True,2026-04-11T01:50:31.000Z
2026-04-10 18:55:25,Disneyland,Bayou Country,304,Davy Crockett's Explorer Canoes,0,False,2026-04-11T01:50:31.000Z
2026-04-10 18:55:25,Disneyland,Bayou Country,306,The Many Adventures of Winnie the Pooh,20,True,2026-04-11T01:50:31.000Z
2026-04-10 18:55:25,Disneyland,Bayou Country,14168,Tiana's Bayou Adventure,75,True,2026-04-11T01:50:31.000Z
2026-04-10 18:55:25,Disneyland,Bayou Country,14326,Tiana's Bayou Adventure Single Rider,0,True,2026-04-11T01:50:31.000Z
2026-04-10 18:55:25,Disneyland,Fantasyland,307,"""it's a small world""",15,True,2026-04-11T01:50:31.000Z
2026-04-10 18:55:25,Disneyland,Fantasyland,285,Alice in Wonderland,30,True,2026-04-11T01:50:31.000Z
2026-04-10 18:55:25,Disneyland,Fantasyland,303,Casey Jr. Circus Train,15,True,2026-04-11T01:50:31.000Z
2026-04-10 18:55:25,Disneyland,Fantasyland,275,Dumbo the Flying Elephant,30,True,2026-04-11T01:50:31.000Z
2026-04-10 18:55:25,Disneyland,Fantasyland,277,King Arthur Carrousel,5,True,2026-04-11T01:50:31.000Z
2026-04-10 18:55:25,Disneyland,Fantasyland,278,Mad Tea Party,25,True,2026-04-11T01:50:31.000Z
2026-04-10 18:55:25,Disneyland,Fantasyland,279,Matterhorn Bobsleds,45,True,2026-04-11T01:50:31.000Z
2026-04-10 18:55:25,Disneyland,Fantasyland,6711,Meet Disney Princesses at Royal Hall,0,False,2026-04-11T01:50:31.000Z
2026-04-10 18:55:25,Disneyland,Fantasyland,280,Mr. Toad's Wild Ride,20,True,2026-04-11T01:50:31.000Z
2026-04-10 18:55:25,Disneyland,Fantasyland,281,Peter Pan's Flight,45,True,2026-04-11T01:50:31.000Z
2026-04-10 18:55:25,Disneyland,Fantasyland,282,Pinocchio's Daring Journey,10,True,2026-04-11T01:50:31.000Z
2026-04-10 18:55:25,Disneyland,Fantasyland,687,Sleeping Beauty Castle Walkthrough,0,False,2026-04-11T01:50:31.000Z
2026-04-10 18:55:25,Disneyland,Fantasyland,283,Snow White's Enchanted Wish,0,False,2026-04-11T01:50:31.000Z
2026-04-10 18:55:25,Disneyland,Fantasyland,305,Storybook Land Canal Boats,20,True,2026-04-11T01:50:31.000Z
2026-04-10 18:55:25,Disneyland,Frontierland,323,Big Thunder Mountain Railroad,50,True,2026-04-11T01:50:31.000Z
2026-04-10 18:55:25,Disneyland,Frontierland,679,Frontierland Shootin' Exposition,0,True,2026-04-11T01:50:31.000Z
2026-04-10 18:55:25,Disneyland,Frontierland,456,Mark Twain Riverboat,0,False,2026-04-11T01:50:31.000Z
2026-04-10 18:55:25,Disneyland,Frontierland,331,Pirate's Lair on Tom Sawyer Island,0,False,2026-04-11T01:50:31.000Z
2026-04-10 18:55:25,Disneyland,Frontierland,328,Sailing Ship Columbia,0,False,2026-04-11T01:50:31.000Z
2026-04-10 18:55:25,Disneyland,Main Street U.S.A,674,Disneyland Railroad,10,True,2026-04-11T01:50:31.000Z
2026-04-10 18:55:25,Disneyland,Main Street U.S.A,690,Great Moments with Mr. Lincoln,0,False,2026-04-11T01:50:31.000Z
2026-04-10 18:55:25,Disneyland,Main Street U.S.A,686,Main Street Cinema,0,True,2026-04-11T01:50:31.000Z
2026-04-10 18:55:25,Disneyland,Main Street U.S.A,691,Main Street Vehicles,0,True,2026-04-11T01:50:31.000Z
2026-04-10 18:55:25,Disneyland,Main Street U.S.A,14915,Opera House - Walt Disney - A Magical Life,0,True,2026-04-11T01:50:31.000Z
2026-04-10 18:55:25,Disneyland,Main Street U.S.A,695,The Disney Gallery,0,True,2026-04-11T01:50:31.000Z
2026-04-10 18:55:25,Disneyland,Main Street U.S.A,14923,Walt Disney - A Magical Life,0,True,2026-04-11T01:50:31.000Z
2026-04-10 18:55:25,Disneyland,Mickey's Toontown,324,Chip 'n' Dale's GADGETcoaster,30,True,2026-04-11T01:50:31.000Z
2026-04-10 18:55:25,Disneyland,Mickey's Toontown,13814,Donald's Duck Pond,0,True,2026-04-11T01:50:31.000Z
2026-04-10 18:55:25,Disneyland,Mickey's Toontown,11980,Goofy's How-to-Play Yard,0,True,2026-04-11T01:50:31.000Z
2026-04-10 18:55:25,Disneyland,Mickey's Toontown,11526,Mickey & Minnie's Runaway Railway,60,True,2026-04-11T01:50:31.000Z
2026-04-10 18:55:25,Disneyland,Mickey's Toontown,709,Mickey's House and Meet Mickey Mouse,30,True,2026-04-11T01:50:31.000Z
2026-04-10 18:55:25,Disneyland,Mickey's Toontown,327,Mickey's House and Meet Mickey Mouse,0,False,2026-04-11T01:50:31.000Z
2026-04-10 18:55:25,Disneyland,Mickey's Toontown,684,Minnie's House,0,True,2026-04-11T01:50:31.000Z
2026-04-10 18:55:25,Disneyland,Mickey's Toontown,332,Roger Rabbit's Car Toon Spin,0,False,2026-04-11T01:50:31.000Z
2026-04-10 18:55:25,Disneyland,New Orleans Square,13958,Haunted Mansion,45,True,2026-04-11T01:50:31.000Z
2026-04-10 18:55:25,Disneyland,New Orleans Square,289,Pirates of the Caribbean,30,True,2026-04-11T01:50:31.000Z
2026-04-10 18:55:25,Disneyland,Star Wars: Galaxy's Edge,6339,Millennium Falcon: Smugglers Run,40,True,2026-04-11T01:50:31.000Z
2026-04-10 18:55:25,Disneyland,Star Wars: Galaxy's Edge,10903,Millennium Falcon: Smugglers Run Single Rider,0,True,2026-04-11T01:50:31.000Z
2026-04-10 18:55:25,Disneyland,Star Wars: Galaxy's Edge,6340,Star Wars: Rise of the Resistance,80,True,2026-04-11T01:50:31.000Z
2026-04-10 18:55:25,Disneyland,Tomorrowland,287,Astro Orbitor,25,True,2026-04-11T01:50:31.000Z
2026-04-10 18:55:25,Disneyland,Tomorrowland,317,Autopia,10,True,2026-04-11T01:50:31.000Z
2026-04-10 18:55:25,Disneyland,Tomorrowland,273,Buzz Lightyear Astro Blasters,30,True,2026-04-11T01:50:31.000Z
2026-04-10 18:55:25,Disneyland,Tomorrowland,274,Disneyland Monorail,0,False,2026-04-11T01:50:31.000Z
2026-04-10 18:55:25,Disneyland,Tomorrowland,276,Finding Nemo Submarine Voyage,15,True,2026-04-11T01:50:31.000Z
2026-04-10 18:55:25,Disneyland,Tomorrowland,284,Space Mountain,65,True,2026-04-11T01:50:31.000Z
2026-04-10 18:55:25,Disneyland,Tomorrowland,286,Star Tours - The Adventures Continue,50,True,2026-04-11T01:50:31.000Z
2026-04-10 18:55:26,Disney California Adventure,Avengers Campus,329,Guardians of the Galaxy - Mission: BREAKOUT!,100,True,2026-04-11T01:50:40.000Z
2026-04-10 18:55:26,Disney California Adventure,Avengers Campus,8843,WEB SLINGERS: A Spider-Man Adventure,70,True,2026-04-11T01:50:40.000Z
2026-04-10 18:55:26,Disney California Adventure,Avengers Campus,10907,WEB SLINGERS: A Spider-Man Adventure Single Rider,0,True,2026-04-11T01:50:40.000Z
2026-04-10 18:55:26,Disney California Adventure,Cars Land,13961,Luigi's Rollickin' Roadsters,40,True,2026-04-11T01:50:40.000Z
2026-04-10 18:55:26,Disney California Adventure,Cars Land,315,Mater's Junkyard Jamboree,30,True,2026-04-11T01:50:40.000Z
2026-04-10 18:55:26,Disney California Adventure,Cars Land,295,Radiator Springs Racers,110,True,2026-04-11T01:50:40.000Z
2026-04-10 18:55:26,Disney California Adventure,Cars Land,10904,Radiator Springs Racers Single Rider,0,True,2026-04-11T01:50:40.000Z
2026-04-10 18:55:26,Disney California Adventure,Grizzly Peak,302,Grizzly River Run,30,True,2026-04-11T01:50:40.000Z
2026-04-10 18:55:26,Disney California Adventure,Grizzly Peak,293,Redwood Creek Challenge Trail,5,True,2026-04-11T01:50:40.000Z
2026-04-10 18:55:26,Disney California Adventure,Grizzly Peak,312,Soarin' Over California,45,True,2026-04-11T01:50:40.000Z
2026-04-10 18:55:26,Disney California Adventure,Hollywood Land,321,Animation Academy,0,True,2026-04-11T01:50:40.000Z
2026-04-10 18:55:26,Disney California Adventure,Hollywood Land,6440,Mickey's PhilharMagic,10,True,2026-04-11T01:50:40.000Z
2026-04-10 18:55:26,Disney California Adventure,Hollywood Land,291,"Monsters, Inc. Mike & Sulley to the Rescue!",50,True,2026-04-11T01:50:40.000Z
2026-04-10 18:55:26,Disney California Adventure,Hollywood Land,868,Sorcerer's Workshop,0,False,2026-04-11T01:50:40.000Z
2026-04-10 18:55:26,Disney California Adventure,Hollywood Land,294,Turtle Talk with Crush,0,True,2026-04-11T01:50:40.000Z
2026-04-10 18:55:26,Disney California Adventure,Paradise Gardens Park,298,Golden Zephyr,15,True,2026-04-11T01:50:40.000Z
2026-04-10 18:55:26,Disney California Adventure,Paradise Gardens Park,319,Goofy's Sky School,75,True,2026-04-11T01:50:40.000Z
2026-04-10 18:55:26,Disney California Adventure,Paradise Gardens Park,301,Silly Symphony Swings,20,True,2026-04-11T01:50:40.000Z
2026-04-10 18:55:26,Disney California Adventure,Paradise Gardens Park,10905,Silly Symphony Swings Single Rider,0,True,2026-04-11T01:50:40.000Z
2026-04-10 18:55:26,Disney California Adventure,Paradise Gardens Park,316,The Little Mermaid - Ariel's Undersea Adventure,20,True,2026-04-11T01:50:40.000Z
2026-04-10 18:55:26,Disney California Adventure,Paradise Gardens Park,14742,World of Color Happiness!,0,True,2026-04-11T01:50:40.000Z
2026-04-10 18:55:26,Disney California Adventure,Pixar Pier,13960,Games of Pixar Pier,0,True,2026-04-11T01:50:40.000Z
2026-04-10 18:55:26,Disney California Adventure,Pixar Pier,322,Incredicoaster,80,True,2026-04-11T01:50:40.000Z
2026-04-10 18:55:26,Disney California Adventure,Pixar Pier,10906,Incredicoaster Single Rider,0,True,2026-04-11T01:50:40.000Z
2026-04-10 18:55:26,Disney California Adventure,Pixar Pier,6643,Inside Out Emotional Whirlwind,0,False,2026-04-11T01:50:40.000Z
2026-04-10 18:55:26,Disney California Adventure,Pixar Pier,310,Jessie's Critter Carousel,15,True,2026-04-11T01:50:40.000Z
2026-04-10 18:55:26,Disney California Adventure,Pixar Pier,300,Jumpin' Jellyfish,20,True,2026-04-11T01:50:40.000Z
2026-04-10 18:55:26,Disney California Adventure,Pixar Pier,311,Pixar Pal-A-Round - Swinging,35,True,2026-04-11T01:50:40.000Z
2026-04-10 18:55:26,Disney California Adventure,Pixar Pier,5557,Pixar Pal-A-Round – Non-Swinging,45,True,2026-04-11T01:50:40.000Z
2026-04-10 18:55:26,Disney California Adventure,Pixar Pier,313,Toy Story Midway Mania!,0,False,2026-04-11T01:50:40.000Z
2026-04-10 18:55:26,Disney California Adventure,San Fransokyo Square,13959,The Bakery Tour,0,True,2026-04-11T01:50:40.000Z
2026-04-10 19:00:28,Disneyland,Adventureland,12428,Adventureland Treehouse inspired by Walt Disney’s Swiss Family Robinson,0,True,2026-04-11T01:55:36.000Z
2026-04-10 19:00:28,Disneyland,Adventureland,326,Indiana Jones™ Adventure,60,True,2026-04-11T01:55:36.000Z
2026-04-10 19:00:28,Disneyland,Adventureland,296,Jungle Cruise,0,False,2026-04-11T01:55:36.000Z
2026-04-10 19:00:28,Disneyland,Adventureland,288,Walt Disney's Enchanted Tiki Room,0,True,2026-04-11T01:55:36.000Z
2026-04-10 19:00:28,Disneyland,Bayou Country,304,Davy Crockett's Explorer Canoes,0,False,2026-04-11T01:55:36.000Z
2026-04-10 19:00:28,Disneyland,Bayou Country,306,The Many Adventures of Winnie the Pooh,10,True,2026-04-11T01:55:36.000Z
2026-04-10 19:00:28,Disneyland,Bayou Country,14168,Tiana's Bayou Adventure,75,True,2026-04-11T01:55:36.000Z
2026-04-10 19:00:28,Disneyland,Bayou Country,14326,Tiana's Bayou Adventure Single Rider,0,True,2026-04-11T01:55:36.000Z
2026-04-10 19:00:28,Disneyland,Fantasyland,307,"""it's a small world""",15,True,2026-04-11T01:55:36.000Z
2026-04-10 19:00:28,Disneyland,Fantasyland,285,Alice in Wonderland,30,True,2026-04-11T01:55:36.000Z
2026-04-10 19:00:28,Disneyland,Fantasyland,303,Casey Jr. Circus Train,15,True,2026-04-11T01:55:36.000Z
2026-04-10 19:00:28,Disneyland,Fantasyland,275,Dumbo the Flying Elephant,30,True,2026-04-11T01:55:36.000Z
2026-04-10 19:00:28,Disneyland,Fantasyland,277,King Arthur Carrousel,5,True,2026-04-11T01:55:36.000Z
2026-04-10 19:00:28,Disneyland,Fantasyland,278,Mad Tea Party,25,True,2026-04-11T01:55:36.000Z
2026-04-10 19:00:28,Disneyland,Fantasyland,279,Matterhorn Bobsleds,50,True,2026-04-11T01:55:36.000Z
2026-04-10 19:00:28,Disneyland,Fantasyland,6711,Meet Disney Princesses at Royal Hall,0,False,2026-04-11T01:55:36.000Z
2026-04-10 19:00:28,Disneyland,Fantasyland,280,Mr. Toad's Wild Ride,20,True,2026-04-11T01:55:36.000Z
2026-04-10 19:00:28,Disneyland,Fantasyland,281,Peter Pan's Flight,45,True,2026-04-11T01:55:36.000Z
2026-04-10 19:00:28,Disneyland,Fantasyland,282,Pinocchio's Daring Journey,15,True,2026-04-11T01:55:36.000Z
2026-04-10 19:00:28,Disneyland,Fantasyland,687,Sleeping Beauty Castle Walkthrough,0,False,2026-04-11T01:55:36.000Z
2026-04-10 19:00:28,Disneyland,Fantasyland,283,Snow White's Enchanted Wish,0,False,2026-04-11T01:55:36.000Z
2026-04-10 19:00:28,Disneyland,Fantasyland,305,Storybook Land Canal Boats,20,True,2026-04-11T01:55:36.000Z
2026-04-10 19:00:28,Disneyland,Frontierland,323,Big Thunder Mountain Railroad,50,True,2026-04-11T01:55:36.000Z
2026-04-10 19:00:28,Disneyland,Frontierland,679,Frontierland Shootin' Exposition,0,True,2026-04-11T01:55:36.000Z
2026-04-10 19:00:28,Disneyland,Frontierland,456,Mark Twain Riverboat,0,False,2026-04-11T01:55:36.000Z
2026-04-10 19:00:28,Disneyland,Frontierland,331,Pirate's Lair on Tom Sawyer Island,0,False,2026-04-11T01:55:36.000Z
2026-04-10 19:00:28,Disneyland,Frontierland,328,Sailing Ship Columbia,0,False,2026-04-11T01:55:36.000Z
2026-04-10 19:00:28,Disneyland,Main Street U.S.A,674,Disneyland Railroad,10,True,2026-04-11T01:55:36.000Z
2026-04-10 19:00:28,Disneyland,Main Street U.S.A,690,Great Moments with Mr. Lincoln,0,False,2026-04-11T01:55:36.000Z
2026-04-10 19:00:28,Disneyland,Main Street U.S.A,686,Main Street Cinema,0,True,2026-04-11T01:55:36.000Z
2026-04-10 19:00:28,Disneyland,Main Street U.S.A,691,Main Street Vehicles,0,True,2026-04-11T01:55:36.000Z
2026-04-10 19:00:28,Disneyland,Main Street U.S.A,14915,Opera House - Walt Disney - A Magical Life,0,True,2026-04-11T01:55:36.000Z
2026-04-10 19:00:28,Disneyland,Main Street U.S.A,695,The Disney Gallery,0,True,2026-04-11T01:55:36.000Z
2026-04-10 19:00:28,Disneyland,Main Street U.S.A,14923,Walt Disney - A Magical Life,0,True,2026-04-11T01:55:36.000Z
2026-04-10 19:00:28,Disneyland,Mickey's Toontown,324,Chip 'n' Dale's GADGETcoaster,30,True,2026-04-11T01:55:36.000Z
2026-04-10 19:00:28,Disneyland,Mickey's Toontown,13814,Donald's Duck Pond,0,True,2026-04-11T01:55:36.000Z
2026-04-10 19:00:28,Disneyland,Mickey's Toontown,11980,Goofy's How-to-Play Yard,0,True,2026-04-11T01:55:36.000Z
2026-04-10 19:00:28,Disneyland,Mickey's Toontown,11526,Mickey & Minnie's Runaway Railway,40,True,2026-04-11T01:55:36.000Z
2026-04-10 19:00:28,Disneyland,Mickey's Toontown,709,Mickey's House and Meet Mickey Mouse,30,True,2026-04-11T01:55:36.000Z
2026-04-10 19:00:28,Disneyland,Mickey's Toontown,327,Mickey's House and Meet Mickey Mouse,0,False,2026-04-11T01:55:36.000Z
2026-04-10 19:00:28,Disneyland,Mickey's Toontown,684,Minnie's House,0,True,2026-04-11T01:55:36.000Z
2026-04-10 19:00:28,Disneyland,Mickey's Toontown,332,Roger Rabbit's Car Toon Spin,0,False,2026-04-11T01:55:36.000Z
2026-04-10 19:00:28,Disneyland,New Orleans Square,13958,Haunted Mansion,45,True,2026-04-11T01:55:36.000Z
2026-04-10 19:00:28,Disneyland,New Orleans Square,289,Pirates of the Caribbean,30,True,2026-04-11T01:55:36.000Z
2026-04-10 19:00:28,Disneyland,Star Wars: Galaxy's Edge,6339,Millennium Falcon: Smugglers Run,40,True,2026-04-11T01:55:36.000Z
2026-04-10 19:00:28,Disneyland,Star Wars: Galaxy's Edge,10903,Millennium Falcon: Smugglers Run Single Rider,0,True,2026-04-11T01:55:36.000Z
2026-04-10 19:00:28,Disneyland,Star Wars: Galaxy's Edge,6340,Star Wars: Rise of the Resistance,80,True,2026-04-11T01:55:36.000Z
2026-04-10 19:00:28,Disneyland,Tomorrowland,287,Astro Orbitor,25,True,2026-04-11T01:55:36.000Z
2026-04-10 19:00:28,Disneyland,Tomorrowland,317,Autopia,25,True,2026-04-11T01:55:36.000Z
2026-04-10 19:00:28,Disneyland,Tomorrowland,273,Buzz Lightyear Astro Blasters,40,True,2026-04-11T01:55:36.000Z
2026-04-10 19:00:28,Disneyland,Tomorrowland,274,Disneyland Monorail,0,False,2026-04-11T01:55:36.000Z
2026-04-10 19:00:28,Disneyland,Tomorrowland,276,Finding Nemo Submarine Voyage,20,True,2026-04-11T01:55:36.000Z
2026-04-10 19:00:28,Disneyland,Tomorrowland,284,Space Mountain,65,True,2026-04-11T01:55:36.000Z
2026-04-10 19:00:28,Disneyland,Tomorrowland,286,Star Tours - The Adventures Continue,50,True,2026-04-11T01:55:36.000Z
2026-04-10 19:00:28,Disney California Adventure,Avengers Campus,329,Guardians of the Galaxy - Mission: BREAKOUT!,100,True,2026-04-11T01:55:36.000Z
2026-04-10 19:00:28,Disney California Adventure,Avengers Campus,8843,WEB SLINGERS: A Spider-Man Adventure,70,True,2026-04-11T01:55:36.000Z
2026-04-10 19:00:28,Disney California Adventure,Avengers Campus,10907,WEB SLINGERS: A Spider-Man Adventure Single Rider,0,True,2026-04-11T01:55:36.000Z
2026-04-10 19:00:28,Disney California Adventure,Cars Land,13961,Luigi's Rollickin' Roadsters,40,True,2026-04-11T01:55:36.000Z
2026-04-10 19:00:28,Disney California Adventure,Cars Land,315,Mater's Junkyard Jamboree,30,True,2026-04-11T01:55:36.000Z
2026-04-10 19:00:28,Disney California Adventure,Cars Land,295,Radiator Springs Racers,110,True,2026-04-11T01:55:36.000Z
2026-04-10 19:00:28,Disney California Adventure,Cars Land,10904,Radiator Springs Racers Single Rider,0,True,2026-04-11T01:55:36.000Z
2026-04-10 19:00:28,Disney California Adventure,Grizzly Peak,302,Grizzly River Run,30,True,2026-04-11T01:55:36.000Z
2026-04-10 19:00:28,Disney California Adventure,Grizzly Peak,293,Redwood Creek Challenge Trail,5,True,2026-04-11T01:55:36.000Z
2026-04-10 19:00:28,Disney California Adventure,Grizzly Peak,312,Soarin' Over California,45,True,2026-04-11T01:55:36.000Z
2026-04-10 19:00:28,Disney California Adventure,Hollywood Land,321,Animation Academy,0,True,2026-04-11T01:55:36.000Z
2026-04-10 19:00:28,Disney California Adventure,Hollywood Land,6440,Mickey's PhilharMagic,10,True,2026-04-11T01:55:36.000Z
2026-04-10 19:00:28,Disney California Adventure,Hollywood Land,291,"Monsters, Inc. Mike & Sulley to the Rescue!",50,True,2026-04-11T01:55:36.000Z
2026-04-10 19:00:28,Disney California Adventure,Hollywood Land,868,Sorcerer's Workshop,0,False,2026-04-11T01:55:36.000Z
2026-04-10 19:00:28,Disney California Adventure,Hollywood Land,294,Turtle Talk with Crush,0,True,2026-04-11T01:55:36.000Z
2026-04-10 19:00:28,Disney California Adventure,Paradise Gardens Park,298,Golden Zephyr,15,True,2026-04-11T01:55:36.000Z
2026-04-10 19:00:28,Disney California Adventure,Paradise Gardens Park,319,Goofy's Sky School,75,True,2026-04-11T01:55:36.000Z
2026-04-10 19:00:28,Disney California Adventure,Paradise Gardens Park,301,Silly Symphony Swings,20,True,2026-04-11T01:55:36.000Z
2026-04-10 19:00:28,Disney California Adventure,Paradise Gardens Park,10905,Silly Symphony Swings Single Rider,0,True,2026-04-11T01:55:36.000Z
2026-04-10 19:00:28,Disney California Adventure,Paradise Gardens Park,316,The Little Mermaid - Ariel's Undersea Adventure,35,True,2026-04-11T01:55:36.000Z
2026-04-10 19:00:28,Disney California Adventure,Paradise Gardens Park,14742,World of Color Happiness!,0,True,2026-04-11T01:55:36.000Z
2026-04-10 19:00:28,Disney California Adventure,Pixar Pier,13960,Games of Pixar Pier,0,True,2026-04-11T01:55:36.000Z
2026-04-10 19:00:28,Disney California Adventure,Pixar Pier,322,Incredicoaster,80,True,2026-04-11T01:55:36.000Z
2026-04-10 19:00:28,Disney California Adventure,Pixar Pier,10906,Incredicoaster Single Rider,0,True,2026-04-11T01:55:36.000Z
2026-04-10 19:00:28,Disney California Adventure,Pixar Pier,6643,Inside Out Emotional Whirlwind,0,False,2026-04-11T01:55:36.000Z
2026-04-10 19:00:28,Disney California Adventure,Pixar Pier,310,Jessie's Critter Carousel,15,True,2026-04-11T01:55:36.000Z
2026-04-10 19:00:28,Disney California Adventure,Pixar Pier,300,Jumpin' Jellyfish,10,True,2026-04-11T01:55:36.000Z
2026-04-10 19:00:28,Disney California Adventure,Pixar Pier,311,Pixar Pal-A-Round - Swinging,45,True,2026-04-11T01:55:36.000Z
2026-04-10 19:00:28,Disney California Adventure,Pixar Pier,5557,Pixar Pal-A-Round – Non-Swinging,45,True,2026-04-11T01:55:36.000Z
2026-04-10 19:00:28,Disney California Adventure,Pixar Pier,313,Toy Story Midway Mania!,0,False,2026-04-11T01:55:36.000Z
2026-04-10 19:00:28,Disney California Adventure,San Fransokyo Square,13959,The Bakery Tour,0,True,2026-04-11T01:55:36.000Z
2026-04-10 19:05:25,Disneyland,Adventureland,12428,Adventureland Treehouse inspired by Walt Disney’s Swiss Family Robinson,0,True,2026-04-11T02:00:43.000Z
2026-04-10 19:05:25,Disneyland,Adventureland,326,Indiana Jones™ Adventure,60,True,2026-04-11T02:00:43.000Z
2026-04-10 19:05:25,Disneyland,Adventureland,296,Jungle Cruise,0,False,2026-04-11T02:00:43.000Z
2026-04-10 19:05:25,Disneyland,Adventureland,288,Walt Disney's Enchanted Tiki Room,0,True,2026-04-11T02:00:43.000Z
2026-04-10 19:05:25,Disneyland,Bayou Country,304,Davy Crockett's Explorer Canoes,0,False,2026-04-11T02:00:43.000Z
2026-04-10 19:05:25,Disneyland,Bayou Country,306,The Many Adventures of Winnie the Pooh,10,True,2026-04-11T02:00:43.000Z
2026-04-10 19:05:25,Disneyland,Bayou Country,14168,Tiana's Bayou Adventure,75,True,2026-04-11T02:00:43.000Z
2026-04-10 19:05:25,Disneyland,Bayou Country,14326,Tiana's Bayou Adventure Single Rider,0,True,2026-04-11T02:00:43.000Z
2026-04-10 19:05:25,Disneyland,Fantasyland,307,"""it's a small world""",15,True,2026-04-11T02:00:43.000Z
2026-04-10 19:05:25,Disneyland,Fantasyland,285,Alice in Wonderland,25,True,2026-04-11T02:00:43.000Z
2026-04-10 19:05:25,Disneyland,Fantasyland,303,Casey Jr. Circus Train,15,True,2026-04-11T02:00:43.000Z
2026-04-10 19:05:25,Disneyland,Fantasyland,275,Dumbo the Flying Elephant,30,True,2026-04-11T02:00:43.000Z
2026-04-10 19:05:25,Disneyland,Fantasyland,277,King Arthur Carrousel,5,True,2026-04-11T02:00:43.000Z
2026-04-10 19:05:25,Disneyland,Fantasyland,278,Mad Tea Party,25,True,2026-04-11T02:00:43.000Z
2026-04-10 19:05:25,Disneyland,Fantasyland,279,Matterhorn Bobsleds,50,True,2026-04-11T02:00:43.000Z
2026-04-10 19:05:25,Disneyland,Fantasyland,6711,Meet Disney Princesses at Royal Hall,0,False,2026-04-11T02:00:43.000Z
2026-04-10 19:05:25,Disneyland,Fantasyland,280,Mr. Toad's Wild Ride,20,True,2026-04-11T02:00:43.000Z
2026-04-10 19:05:25,Disneyland,Fantasyland,281,Peter Pan's Flight,45,True,2026-04-11T02:00:43.000Z
2026-04-10 19:05:25,Disneyland,Fantasyland,282,Pinocchio's Daring Journey,15,True,2026-04-11T02:00:43.000Z
2026-04-10 19:05:25,Disneyland,Fantasyland,687,Sleeping Beauty Castle Walkthrough,0,False,2026-04-11T02:00:43.000Z
2026-04-10 19:05:25,Disneyland,Fantasyland,283,Snow White's Enchanted Wish,25,True,2026-04-11T02:00:43.000Z
2026-04-10 19:05:25,Disneyland,Fantasyland,305,Storybook Land Canal Boats,20,True,2026-04-11T02:00:43.000Z
2026-04-10 19:05:25,Disneyland,Frontierland,323,Big Thunder Mountain Railroad,50,True,2026-04-11T02:00:43.000Z
2026-04-10 19:05:25,Disneyland,Frontierland,679,Frontierland Shootin' Exposition,0,True,2026-04-11T02:00:43.000Z
2026-04-10 19:05:25,Disneyland,Frontierland,456,Mark Twain Riverboat,0,False,2026-04-11T02:00:43.000Z
2026-04-10 19:05:25,Disneyland,Frontierland,331,Pirate's Lair on Tom Sawyer Island,0,False,2026-04-11T02:00:43.000Z
2026-04-10 19:05:25,Disneyland,Frontierland,328,Sailing Ship Columbia,0,False,2026-04-11T02:00:43.000Z
2026-04-10 19:05:25,Disneyland,Main Street U.S.A,674,Disneyland Railroad,10,True,2026-04-11T02:00:43.000Z
2026-04-10 19:05:25,Disneyland,Main Street U.S.A,690,Great Moments with Mr. Lincoln,0,False,2026-04-11T02:00:43.000Z
2026-04-10 19:05:25,Disneyland,Main Street U.S.A,686,Main Street Cinema,0,True,2026-04-11T02:00:43.000Z
2026-04-10 19:05:25,Disneyland,Main Street U.S.A,691,Main Street Vehicles,0,True,2026-04-11T02:00:43.000Z
2026-04-10 19:05:25,Disneyland,Main Street U.S.A,14915,Opera House - Walt Disney - A Magical Life,0,True,2026-04-11T02:00:43.000Z
2026-04-10 19:05:25,Disneyland,Main Street U.S.A,695,The Disney Gallery,0,True,2026-04-11T02:00:43.000Z
2026-04-10 19:05:25,Disneyland,Main Street U.S.A,14923,Walt Disney - A Magical Life,0,True,2026-04-11T02:00:43.000Z
2026-04-10 19:05:25,Disneyland,Mickey's Toontown,324,Chip 'n' Dale's GADGETcoaster,30,True,2026-04-11T02:00:43.000Z
2026-04-10 19:05:25,Disneyland,Mickey's Toontown,13814,Donald's Duck Pond,0,True,2026-04-11T02:00:43.000Z
2026-04-10 19:05:25,Disneyland,Mickey's Toontown,11980,Goofy's How-to-Play Yard,0,True,2026-04-11T02:00:43.000Z
2026-04-10 19:05:25,Disneyland,Mickey's Toontown,11526,Mickey & Minnie's Runaway Railway,40,True,2026-04-11T02:00:43.000Z
2026-04-10 19:05:25,Disneyland,Mickey's Toontown,709,Mickey's House and Meet Mickey Mouse,30,True,2026-04-11T02:00:43.000Z
2026-04-10 19:05:25,Disneyland,Mickey's Toontown,327,Mickey's House and Meet Mickey Mouse,0,False,2026-04-11T02:00:43.000Z
2026-04-10 19:05:25,Disneyland,Mickey's Toontown,684,Minnie's House,0,True,2026-04-11T02:00:43.000Z
2026-04-10 19:05:25,Disneyland,Mickey's Toontown,332,Roger Rabbit's Car Toon Spin,0,False,2026-04-11T02:00:43.000Z
2026-04-10 19:05:25,Disneyland,New Orleans Square,13958,Haunted Mansion,45,True,2026-04-11T02:00:43.000Z
2026-04-10 19:05:25,Disneyland,New Orleans Square,289,Pirates of the Caribbean,30,True,2026-04-11T02:00:43.000Z
2026-04-10 19:05:25,Disneyland,Star Wars: Galaxy's Edge,6339,Millennium Falcon: Smugglers Run,40,True,2026-04-11T02:00:43.000Z
2026-04-10 19:05:25,Disneyland,Star Wars: Galaxy's Edge,10903,Millennium Falcon: Smugglers Run Single Rider,0,True,2026-04-11T02:00:43.000Z
2026-04-10 19:05:25,Disneyland,Star Wars: Galaxy's Edge,6340,Star Wars: Rise of the Resistance,80,True,2026-04-11T02:00:43.000Z
2026-04-10 19:05:25,Disneyland,Tomorrowland,287,Astro Orbitor,25,True,2026-04-11T02:00:43.000Z
2026-04-10 19:05:25,Disneyland,Tomorrowland,317,Autopia,25,True,2026-04-11T02:00:43.000Z
2026-04-10 19:05:25,Disneyland,Tomorrowland,273,Buzz Lightyear Astro Blasters,40,True,2026-04-11T02:00:43.000Z
2026-04-10 19:05:25,Disneyland,Tomorrowland,274,Disneyland Monorail,0,False,2026-04-11T02:00:43.000Z
2026-04-10 19:05:25,Disneyland,Tomorrowland,276,Finding Nemo Submarine Voyage,20,True,2026-04-11T02:00:43.000Z
2026-04-10 19:05:25,Disneyland,Tomorrowland,284,Space Mountain,70,True,2026-04-11T02:00:43.000Z
2026-04-10 19:05:25,Disneyland,Tomorrowland,286,Star Tours - The Adventures Continue,55,True,2026-04-11T02:00:43.000Z
2026-04-10 19:05:25,Disney California Adventure,Avengers Campus,329,Guardians of the Galaxy - Mission: BREAKOUT!,100,True,2026-04-11T02:00:43.000Z
2026-04-10 19:05:25,Disney California Adventure,Avengers Campus,8843,WEB SLINGERS: A Spider-Man Adventure,70,True,2026-04-11T02:00:43.000Z
2026-04-10 19:05:25,Disney California Adventure,Avengers Campus,10907,WEB SLINGERS: A Spider-Man Adventure Single Rider,0,True,2026-04-11T02:00:43.000Z
2026-04-10 19:05:25,Disney California Adventure,Cars Land,13961,Luigi's Rollickin' Roadsters,40,True,2026-04-11T02:00:43.000Z
2026-04-10 19:05:25,Disney California Adventure,Cars Land,315,Mater's Junkyard Jamboree,30,True,2026-04-11T02:00:43.000Z
2026-04-10 19:05:25,Disney California Adventure,Cars Land,295,Radiator Springs Racers,110,True,2026-04-11T02:00:43.000Z
2026-04-10 19:05:25,Disney California Adventure,Cars Land,10904,Radiator Springs Racers Single Rider,0,True,2026-04-11T02:00:43.000Z
2026-04-10 19:05:25,Disney California Adventure,Grizzly Peak,302,Grizzly River Run,30,True,2026-04-11T02:00:43.000Z
2026-04-10 19:05:25,Disney California Adventure,Grizzly Peak,293,Redwood Creek Challenge Trail,5,True,2026-04-11T02:00:43.000Z
2026-04-10 19:05:25,Disney California Adventure,Grizzly Peak,312,Soarin' Over California,45,True,2026-04-11T02:00:43.000Z
2026-04-10 19:05:25,Disney California Adventure,Hollywood Land,321,Animation Academy,0,True,2026-04-11T02:00:43.000Z
2026-04-10 19:05:25,Disney California Adventure,Hollywood Land,6440,Mickey's PhilharMagic,10,True,2026-04-11T02:00:43.000Z
2026-04-10 19:05:25,Disney California Adventure,Hollywood Land,291,"Monsters, Inc. Mike & Sulley to the Rescue!",50,True,2026-04-11T02:00:43.000Z
2026-04-10 19:05:25,Disney California Adventure,Hollywood Land,868,Sorcerer's Workshop,0,False,2026-04-11T02:00:43.000Z
2026-04-10 19:05:25,Disney California Adventure,Hollywood Land,294,Turtle Talk with Crush,0,True,2026-04-11T02:00:43.000Z
2026-04-10 19:05:25,Disney California Adventure,Paradise Gardens Park,298,Golden Zephyr,15,True,2026-04-11T02:00:43.000Z
2026-04-10 19:05:25,Disney California Adventure,Paradise Gardens Park,319,Goofy's Sky School,75,True,2026-04-11T02:00:43.000Z
2026-04-10 19:05:25,Disney California Adventure,Paradise Gardens Park,301,Silly Symphony Swings,20,True,2026-04-11T02:00:43.000Z
2026-04-10 19:05:25,Disney California Adventure,Paradise Gardens Park,10905,Silly Symphony Swings Single Rider,0,True,2026-04-11T02:00:43.000Z
2026-04-10 19:05:25,Disney California Adventure,Paradise Gardens Park,316,The Little Mermaid - Ariel's Undersea Adventure,35,True,2026-04-11T02:00:43.000Z
2026-04-10 19:05:25,Disney California Adventure,Paradise Gardens Park,14742,World of Color Happiness!,0,True,2026-04-11T02:00:43.000Z
2026-04-10 19:05:25,Disney California Adventure,Pixar Pier,13960,Games of Pixar Pier,0,True,2026-04-11T02:00:43.000Z
2026-04-10 19:05:25,Disney California Adventure,Pixar Pier,322,Incredicoaster,80,True,2026-04-11T02:00:43.000Z
2026-04-10 19:05:25,Disney California Adventure,Pixar Pier,10906,Incredicoaster Single Rider,0,True,2026-04-11T02:00:43.000Z
2026-04-10 19:05:25,Disney California Adventure,Pixar Pier,6643,Inside Out Emotional Whirlwind,0,False,2026-04-11T02:00:43.000Z
2026-04-10 19:05:25,Disney California Adventure,Pixar Pier,310,Jessie's Critter Carousel,15,True,2026-04-11T02:00:43.000Z
2026-04-10 19:05:25,Disney California Adventure,Pixar Pier,300,Jumpin' Jellyfish,10,True,2026-04-11T02:00:43.000Z
2026-04-10 19:05:25,Disney California Adventure,Pixar Pier,311,Pixar Pal-A-Round - Swinging,45,True,2026-04-11T02:00:43.000Z
2026-04-10 19:05:25,Disney California Adventure,Pixar Pier,5557,Pixar Pal-A-Round – Non-Swinging,45,True,2026-04-11T02:00:43.000Z
2026-04-10 19:05:25,Disney California Adventure,Pixar Pier,313,Toy Story Midway Mania!,0,False,2026-04-11T02:00:43.000Z
2026-04-10 19:05:25,Disney California Adventure,San Fransokyo Square,13959,The Bakery Tour,0,True,2026-04-11T02:00:43.000Z
2026-04-10 19:10:29,Disneyland,Adventureland,12428,Adventureland Treehouse inspired by Walt Disney’s Swiss Family Robinson,0,True,2026-04-11T02:05:30.000Z
2026-04-10 19:10:29,Disneyland,Adventureland,326,Indiana Jones™ Adventure,60,True,2026-04-11T02:05:30.000Z
2026-04-10 19:10:29,Disneyland,Adventureland,296,Jungle Cruise,0,False,2026-04-11T02:05:30.000Z
2026-04-10 19:10:29,Disneyland,Adventureland,288,Walt Disney's Enchanted Tiki Room,0,True,2026-04-11T02:05:30.000Z
2026-04-10 19:10:29,Disneyland,Bayou Country,304,Davy Crockett's Explorer Canoes,0,False,2026-04-11T02:05:30.000Z
2026-04-10 19:10:29,Disneyland,Bayou Country,306,The Many Adventures of Winnie the Pooh,10,True,2026-04-11T02:05:30.000Z
2026-04-10 19:10:29,Disneyland,Bayou Country,14168,Tiana's Bayou Adventure,75,True,2026-04-11T02:05:30.000Z
2026-04-10 19:10:29,Disneyland,Bayou Country,14326,Tiana's Bayou Adventure Single Rider,0,True,2026-04-11T02:05:30.000Z
2026-04-10 19:10:29,Disneyland,Fantasyland,307,"""it's a small world""",15,True,2026-04-11T02:05:30.000Z
2026-04-10 19:10:29,Disneyland,Fantasyland,285,Alice in Wonderland,25,True,2026-04-11T02:05:30.000Z
2026-04-10 19:10:29,Disneyland,Fantasyland,303,Casey Jr. Circus Train,15,True,2026-04-11T02:05:30.000Z
2026-04-10 19:10:29,Disneyland,Fantasyland,275,Dumbo the Flying Elephant,30,True,2026-04-11T02:05:30.000Z
2026-04-10 19:10:29,Disneyland,Fantasyland,277,King Arthur Carrousel,5,True,2026-04-11T02:05:30.000Z
2026-04-10 19:10:29,Disneyland,Fantasyland,278,Mad Tea Party,25,True,2026-04-11T02:05:30.000Z
2026-04-10 19:10:29,Disneyland,Fantasyland,279,Matterhorn Bobsleds,50,True,2026-04-11T02:05:30.000Z
2026-04-10 19:10:29,Disneyland,Fantasyland,6711,Meet Disney Princesses at Royal Hall,0,False,2026-04-11T02:05:30.000Z
2026-04-10 19:10:29,Disneyland,Fantasyland,280,Mr. Toad's Wild Ride,30,True,2026-04-11T02:05:30.000Z
2026-04-10 19:10:29,Disneyland,Fantasyland,281,Peter Pan's Flight,45,True,2026-04-11T02:05:30.000Z
2026-04-10 19:10:29,Disneyland,Fantasyland,282,Pinocchio's Daring Journey,15,True,2026-04-11T02:05:30.000Z
2026-04-10 19:10:29,Disneyland,Fantasyland,687,Sleeping Beauty Castle Walkthrough,0,False,2026-04-11T02:05:30.000Z
2026-04-10 19:10:29,Disneyland,Fantasyland,283,Snow White's Enchanted Wish,25,True,2026-04-11T02:05:30.000Z
2026-04-10 19:10:29,Disneyland,Fantasyland,305,Storybook Land Canal Boats,20,True,2026-04-11T02:05:30.000Z
2026-04-10 19:10:29,Disneyland,Frontierland,323,Big Thunder Mountain Railroad,60,True,2026-04-11T02:05:30.000Z
2026-04-10 19:10:29,Disneyland,Frontierland,679,Frontierland Shootin' Exposition,0,True,2026-04-11T02:05:30.000Z
2026-04-10 19:10:29,Disneyland,Frontierland,456,Mark Twain Riverboat,0,False,2026-04-11T02:05:30.000Z
2026-04-10 19:10:29,Disneyland,Frontierland,331,Pirate's Lair on Tom Sawyer Island,0,False,2026-04-11T02:05:30.000Z
2026-04-10 19:10:29,Disneyland,Frontierland,328,Sailing Ship Columbia,0,False,2026-04-11T02:05:30.000Z
2026-04-10 19:10:29,Disneyland,Main Street U.S.A,674,Disneyland Railroad,10,True,2026-04-11T02:05:30.000Z
2026-04-10 19:10:29,Disneyland,Main Street U.S.A,690,Great Moments with Mr. Lincoln,0,False,2026-04-11T02:05:30.000Z
2026-04-10 19:10:29,Disneyland,Main Street U.S.A,686,Main Street Cinema,0,True,2026-04-11T02:05:30.000Z
2026-04-10 19:10:29,Disneyland,Main Street U.S.A,691,Main Street Vehicles,0,True,2026-04-11T02:05:30.000Z
2026-04-10 19:10:29,Disneyland,Main Street U.S.A,14915,Opera House - Walt Disney - A Magical Life,0,True,2026-04-11T02:05:30.000Z
2026-04-10 19:10:29,Disneyland,Main Street U.S.A,695,The Disney Gallery,0,True,2026-04-11T02:05:30.000Z
2026-04-10 19:10:29,Disneyland,Main Street U.S.A,14923,Walt Disney - A Magical Life,0,True,2026-04-11T02:05:30.000Z
2026-04-10 19:10:29,Disneyland,Mickey's Toontown,324,Chip 'n' Dale's GADGETcoaster,30,True,2026-04-11T02:05:30.000Z
2026-04-10 19:10:29,Disneyland,Mickey's Toontown,13814,Donald's Duck Pond,0,True,2026-04-11T02:05:30.000Z
2026-04-10 19:10:29,Disneyland,Mickey's Toontown,11980,Goofy's How-to-Play Yard,0,True,2026-04-11T02:05:30.000Z
2026-04-10 19:10:29,Disneyland,Mickey's Toontown,11526,Mickey & Minnie's Runaway Railway,40,True,2026-04-11T02:05:30.000Z
2026-04-10 19:10:29,Disneyland,Mickey's Toontown,709,Mickey's House and Meet Mickey Mouse,30,True,2026-04-11T02:05:30.000Z
2026-04-10 19:10:29,Disneyland,Mickey's Toontown,327,Mickey's House and Meet Mickey Mouse,0,False,2026-04-11T02:05:30.000Z
2026-04-10 19:10:29,Disneyland,Mickey's Toontown,684,Minnie's House,0,True,2026-04-11T02:05:30.000Z
2026-04-10 19:10:29,Disneyland,Mickey's Toontown,332,Roger Rabbit's Car Toon Spin,0,False,2026-04-11T02:05:30.000Z
2026-04-10 19:10:29,Disneyland,New Orleans Square,13958,Haunted Mansion,45,True,2026-04-11T02:05:30.000Z
2026-04-10 19:10:29,Disneyland,New Orleans Square,289,Pirates of the Caribbean,25,True,2026-04-11T02:05:30.000Z
2026-04-10 19:10:29,Disneyland,Star Wars: Galaxy's Edge,6339,Millennium Falcon: Smugglers Run,40,True,2026-04-11T02:05:30.000Z
2026-04-10 19:10:29,Disneyland,Star Wars: Galaxy's Edge,10903,Millennium Falcon: Smugglers Run Single Rider,0,True,2026-04-11T02:05:30.000Z
2026-04-10 19:10:29,Disneyland,Star Wars: Galaxy's Edge,6340,Star Wars: Rise of the Resistance,80,True,2026-04-11T02:05:30.000Z
2026-04-10 19:10:29,Disneyland,Tomorrowland,287,Astro Orbitor,25,True,2026-04-11T02:05:30.000Z
2026-04-10 19:10:29,Disneyland,Tomorrowland,317,Autopia,25,True,2026-04-11T02:05:30.000Z
2026-04-10 19:10:29,Disneyland,Tomorrowland,273,Buzz Lightyear Astro Blasters,40,True,2026-04-11T02:05:30.000Z
2026-04-10 19:10:29,Disneyland,Tomorrowland,274,Disneyland Monorail,0,False,2026-04-11T02:05:30.000Z
2026-04-10 19:10:29,Disneyland,Tomorrowland,276,Finding Nemo Submarine Voyage,20,True,2026-04-11T02:05:30.000Z
2026-04-10 19:10:29,Disneyland,Tomorrowland,284,Space Mountain,70,True,2026-04-11T02:05:30.000Z
2026-04-10 19:10:29,Disneyland,Tomorrowland,286,Star Tours - The Adventures Continue,55,True,2026-04-11T02:05:30.000Z
2026-04-10 19:10:30,Disney California Adventure,Avengers Campus,329,Guardians of the Galaxy - Mission: BREAKOUT!,100,True,2026-04-11T02:05:38.000Z
2026-04-10 19:10:30,Disney California Adventure,Avengers Campus,8843,WEB SLINGERS: A Spider-Man Adventure,70,True,2026-04-11T02:05:38.000Z
2026-04-10 19:10:30,Disney California Adventure,Avengers Campus,10907,WEB SLINGERS: A Spider-Man Adventure Single Rider,0,True,2026-04-11T02:05:38.000Z
2026-04-10 19:10:30,Disney California Adventure,Cars Land,13961,Luigi's Rollickin' Roadsters,40,True,2026-04-11T02:05:38.000Z
2026-04-10 19:10:30,Disney California Adventure,Cars Land,315,Mater's Junkyard Jamboree,30,True,2026-04-11T02:05:38.000Z
2026-04-10 19:10:30,Disney California Adventure,Cars Land,295,Radiator Springs Racers,110,True,2026-04-11T02:05:38.000Z
2026-04-10 19:10:30,Disney California Adventure,Cars Land,10904,Radiator Springs Racers Single Rider,0,True,2026-04-11T02:05:38.000Z
2026-04-10 19:10:30,Disney California Adventure,Grizzly Peak,302,Grizzly River Run,30,True,2026-04-11T02:05:38.000Z
2026-04-10 19:10:30,Disney California Adventure,Grizzly Peak,293,Redwood Creek Challenge Trail,5,True,2026-04-11T02:05:38.000Z
2026-04-10 19:10:30,Disney California Adventure,Grizzly Peak,312,Soarin' Over California,45,True,2026-04-11T02:05:38.000Z
2026-04-10 19:10:30,Disney California Adventure,Hollywood Land,321,Animation Academy,0,True,2026-04-11T02:05:38.000Z
2026-04-10 19:10:30,Disney California Adventure,Hollywood Land,6440,Mickey's PhilharMagic,10,True,2026-04-11T02:05:38.000Z
2026-04-10 19:10:30,Disney California Adventure,Hollywood Land,291,"Monsters, Inc. Mike & Sulley to the Rescue!",75,True,2026-04-11T02:05:38.000Z
2026-04-10 19:10:30,Disney California Adventure,Hollywood Land,868,Sorcerer's Workshop,0,False,2026-04-11T02:05:38.000Z
2026-04-10 19:10:30,Disney California Adventure,Hollywood Land,294,Turtle Talk with Crush,0,True,2026-04-11T02:05:38.000Z
2026-04-10 19:10:30,Disney California Adventure,Paradise Gardens Park,298,Golden Zephyr,15,True,2026-04-11T02:05:38.000Z
2026-04-10 19:10:30,Disney California Adventure,Paradise Gardens Park,319,Goofy's Sky School,75,True,2026-04-11T02:05:38.000Z
2026-04-10 19:10:30,Disney California Adventure,Paradise Gardens Park,301,Silly Symphony Swings,20,True,2026-04-11T02:05:38.000Z
2026-04-10 19:10:30,Disney California Adventure,Paradise Gardens Park,10905,Silly Symphony Swings Single Rider,0,True,2026-04-11T02:05:38.000Z
2026-04-10 19:10:30,Disney California Adventure,Paradise Gardens Park,316,The Little Mermaid - Ariel's Undersea Adventure,35,True,2026-04-11T02:05:38.000Z
2026-04-10 19:10:30,Disney California Adventure,Paradise Gardens Park,14742,World of Color Happiness!,0,True,2026-04-11T02:05:38.000Z
2026-04-10 19:10:30,Disney California Adventure,Pixar Pier,13960,Games of Pixar Pier,0,True,2026-04-11T02:05:38.000Z
2026-04-10 19:10:30,Disney California Adventure,Pixar Pier,322,Incredicoaster,0,False,2026-04-11T02:05:38.000Z
2026-04-10 19:10:30,Disney California Adventure,Pixar Pier,10906,Incredicoaster Single Rider,0,False,2026-04-11T02:05:38.000Z
2026-04-10 19:10:30,Disney California Adventure,Pixar Pier,6643,Inside Out Emotional Whirlwind,0,False,2026-04-11T02:05:38.000Z
2026-04-10 19:10:30,Disney California Adventure,Pixar Pier,310,Jessie's Critter Carousel,15,True,2026-04-11T02:05:38.000Z
2026-04-10 19:10:30,Disney California Adventure,Pixar Pier,300,Jumpin' Jellyfish,10,True,2026-04-11T02:05:38.000Z
2026-04-10 19:10:30,Disney California Adventure,Pixar Pier,311,Pixar Pal-A-Round - Swinging,45,True,2026-04-11T02:05:38.000Z
2026-04-10 19:10:30,Disney California Adventure,Pixar Pier,5557,Pixar Pal-A-Round – Non-Swinging,45,True,2026-04-11T02:05:38.000Z
2026-04-10 19:10:30,Disney California Adventure,Pixar Pier,313,Toy Story Midway Mania!,0,False,2026-04-11T02:05:38.000Z
2026-04-10 19:10:30,Disney California Adventure,San Fransokyo Square,13959,The Bakery Tour,0,True,2026-04-11T02:05:38.000Z
2026-04-10 19:15:25,Disneyland,Adventureland,12428,Adventureland Treehouse inspired by Walt Disney’s Swiss Family Robinson,0,True,2026-04-11T02:10:29.000Z
2026-04-10 19:15:25,Disneyland,Adventureland,326,Indiana Jones™ Adventure,70,True,2026-04-11T02:10:29.000Z
2026-04-10 19:15:25,Disneyland,Adventureland,296,Jungle Cruise,0,False,2026-04-11T02:10:29.000Z
2026-04-10 19:15:25,Disneyland,Adventureland,288,Walt Disney's Enchanted Tiki Room,0,True,2026-04-11T02:10:29.000Z
2026-04-10 19:15:25,Disneyland,Bayou Country,304,Davy Crockett's Explorer Canoes,0,False,2026-04-11T02:10:29.000Z
2026-04-10 19:15:25,Disneyland,Bayou Country,306,The Many Adventures of Winnie the Pooh,10,True,2026-04-11T02:10:29.000Z
2026-04-10 19:15:25,Disneyland,Bayou Country,14168,Tiana's Bayou Adventure,60,True,2026-04-11T02:10:29.000Z
2026-04-10 19:15:25,Disneyland,Bayou Country,14326,Tiana's Bayou Adventure Single Rider,0,True,2026-04-11T02:10:29.000Z
2026-04-10 19:15:25,Disneyland,Fantasyland,307,"""it's a small world""",15,True,2026-04-11T02:10:29.000Z
2026-04-10 19:15:25,Disneyland,Fantasyland,285,Alice in Wonderland,25,True,2026-04-11T02:10:29.000Z
2026-04-10 19:15:25,Disneyland,Fantasyland,303,Casey Jr. Circus Train,15,True,2026-04-11T02:10:29.000Z
2026-04-10 19:15:25,Disneyland,Fantasyland,275,Dumbo the Flying Elephant,30,True,2026-04-11T02:10:29.000Z
2026-04-10 19:15:25,Disneyland,Fantasyland,277,King Arthur Carrousel,5,True,2026-04-11T02:10:29.000Z
2026-04-10 19:15:25,Disneyland,Fantasyland,278,Mad Tea Party,25,True,2026-04-11T02:10:29.000Z
2026-04-10 19:15:25,Disneyland,Fantasyland,279,Matterhorn Bobsleds,50,True,2026-04-11T02:10:29.000Z
2026-04-10 19:15:25,Disneyland,Fantasyland,6711,Meet Disney Princesses at Royal Hall,0,False,2026-04-11T02:10:29.000Z
2026-04-10 19:15:25,Disneyland,Fantasyland,280,Mr. Toad's Wild Ride,30,True,2026-04-11T02:10:29.000Z
2026-04-10 19:15:25,Disneyland,Fantasyland,281,Peter Pan's Flight,45,True,2026-04-11T02:10:29.000Z
2026-04-10 19:15:25,Disneyland,Fantasyland,282,Pinocchio's Daring Journey,15,True,2026-04-11T02:10:29.000Z
2026-04-10 19:15:25,Disneyland,Fantasyland,687,Sleeping Beauty Castle Walkthrough,0,False,2026-04-11T02:10:29.000Z
2026-04-10 19:15:25,Disneyland,Fantasyland,283,Snow White's Enchanted Wish,25,True,2026-04-11T02:10:29.000Z
2026-04-10 19:15:25,Disneyland,Fantasyland,305,Storybook Land Canal Boats,25,True,2026-04-11T02:10:29.000Z
2026-04-10 19:15:25,Disneyland,Frontierland,323,Big Thunder Mountain Railroad,65,True,2026-04-11T02:10:29.000Z
2026-04-10 19:15:25,Disneyland,Frontierland,679,Frontierland Shootin' Exposition,0,True,2026-04-11T02:10:29.000Z
2026-04-10 19:15:25,Disneyland,Frontierland,456,Mark Twain Riverboat,0,False,2026-04-11T02:10:29.000Z
2026-04-10 19:15:25,Disneyland,Frontierland,331,Pirate's Lair on Tom Sawyer Island,0,False,2026-04-11T02:10:29.000Z
2026-04-10 19:15:25,Disneyland,Frontierland,328,Sailing Ship Columbia,0,False,2026-04-11T02:10:29.000Z
2026-04-10 19:15:25,Disneyland,Main Street U.S.A,674,Disneyland Railroad,10,True,2026-04-11T02:10:29.000Z
2026-04-10 19:15:25,Disneyland,Main Street U.S.A,690,Great Moments with Mr. Lincoln,0,False,2026-04-11T02:10:29.000Z
2026-04-10 19:15:25,Disneyland,Main Street U.S.A,686,Main Street Cinema,0,True,2026-04-11T02:10:29.000Z
2026-04-10 19:15:25,Disneyland,Main Street U.S.A,691,Main Street Vehicles,0,True,2026-04-11T02:10:29.000Z
2026-04-10 19:15:25,Disneyland,Main Street U.S.A,14915,Opera House - Walt Disney - A Magical Life,0,True,2026-04-11T02:10:29.000Z
2026-04-10 19:15:25,Disneyland,Main Street U.S.A,695,The Disney Gallery,0,True,2026-04-11T02:10:29.000Z
2026-04-10 19:15:25,Disneyland,Main Street U.S.A,14923,Walt Disney - A Magical Life,0,True,2026-04-11T02:10:29.000Z
2026-04-10 19:15:25,Disneyland,Mickey's Toontown,324,Chip 'n' Dale's GADGETcoaster,30,True,2026-04-11T02:10:29.000Z
2026-04-10 19:15:25,Disneyland,Mickey's Toontown,13814,Donald's Duck Pond,0,True,2026-04-11T02:10:29.000Z
2026-04-10 19:15:25,Disneyland,Mickey's Toontown,11980,Goofy's How-to-Play Yard,0,True,2026-04-11T02:10:29.000Z
2026-04-10 19:15:25,Disneyland,Mickey's Toontown,11526,Mickey & Minnie's Runaway Railway,40,True,2026-04-11T02:10:29.000Z
2026-04-10 19:15:25,Disneyland,Mickey's Toontown,709,Mickey's House and Meet Mickey Mouse,30,True,2026-04-11T02:10:29.000Z
2026-04-10 19:15:25,Disneyland,Mickey's Toontown,327,Mickey's House and Meet Mickey Mouse,0,False,2026-04-11T02:10:29.000Z
2026-04-10 19:15:25,Disneyland,Mickey's Toontown,684,Minnie's House,0,True,2026-04-11T02:10:29.000Z
2026-04-10 19:15:25,Disneyland,Mickey's Toontown,332,Roger Rabbit's Car Toon Spin,0,False,2026-04-11T02:10:29.000Z
2026-04-10 19:15:25,Disneyland,New Orleans Square,13958,Haunted Mansion,45,True,2026-04-11T02:10:29.000Z
2026-04-10 19:15:25,Disneyland,New Orleans Square,289,Pirates of the Caribbean,25,True,2026-04-11T02:10:29.000Z
2026-04-10 19:15:25,Disneyland,Star Wars: Galaxy's Edge,6339,Millennium Falcon: Smugglers Run,40,True,2026-04-11T02:10:29.000Z
2026-04-10 19:15:25,Disneyland,Star Wars: Galaxy's Edge,10903,Millennium Falcon: Smugglers Run Single Rider,0,True,2026-04-11T02:10:29.000Z
2026-04-10 19:15:25,Disneyland,Star Wars: Galaxy's Edge,6340,Star Wars: Rise of the Resistance,75,True,2026-04-11T02:10:29.000Z
2026-04-10 19:15:25,Disneyland,Tomorrowland,287,Astro Orbitor,25,True,2026-04-11T02:10:29.000Z
2026-04-10 19:15:25,Disneyland,Tomorrowland,317,Autopia,25,True,2026-04-11T02:10:29.000Z
2026-04-10 19:15:25,Disneyland,Tomorrowland,273,Buzz Lightyear Astro Blasters,35,True,2026-04-11T02:10:29.000Z
2026-04-10 19:15:25,Disneyland,Tomorrowland,274,Disneyland Monorail,0,False,2026-04-11T02:10:29.000Z
2026-04-10 19:15:25,Disneyland,Tomorrowland,276,Finding Nemo Submarine Voyage,20,True,2026-04-11T02:10:29.000Z
2026-04-10 19:15:25,Disneyland,Tomorrowland,284,Space Mountain,70,True,2026-04-11T02:10:29.000Z
2026-04-10 19:15:25,Disneyland,Tomorrowland,286,Star Tours - The Adventures Continue,55,True,2026-04-11T02:10:29.000Z
2026-04-10 19:15:26,Disney California Adventure,Avengers Campus,329,Guardians of the Galaxy - Mission: BREAKOUT!,100,True,2026-04-11T02:10:39.000Z
2026-04-10 19:15:26,Disney California Adventure,Avengers Campus,8843,WEB SLINGERS: A Spider-Man Adventure,60,True,2026-04-11T02:10:39.000Z
2026-04-10 19:15:26,Disney California Adventure,Avengers Campus,10907,WEB SLINGERS: A Spider-Man Adventure Single Rider,0,True,2026-04-11T02:10:39.000Z
2026-04-10 19:15:26,Disney California Adventure,Cars Land,13961,Luigi's Rollickin' Roadsters,30,True,2026-04-11T02:10:39.000Z
2026-04-10 19:15:26,Disney California Adventure,Cars Land,315,Mater's Junkyard Jamboree,30,True,2026-04-11T02:10:39.000Z
2026-04-10 19:15:26,Disney California Adventure,Cars Land,295,Radiator Springs Racers,110,True,2026-04-11T02:10:39.000Z
2026-04-10 19:15:26,Disney California Adventure,Cars Land,10904,Radiator Springs Racers Single Rider,0,True,2026-04-11T02:10:39.000Z
2026-04-10 19:15:26,Disney California Adventure,Grizzly Peak,302,Grizzly River Run,30,True,2026-04-11T02:10:39.000Z
2026-04-10 19:15:26,Disney California Adventure,Grizzly Peak,293,Redwood Creek Challenge Trail,5,True,2026-04-11T02:10:39.000Z
2026-04-10 19:15:26,Disney California Adventure,Grizzly Peak,312,Soarin' Over California,80,True,2026-04-11T02:10:39.000Z
2026-04-10 19:15:26,Disney California Adventure,Hollywood Land,321,Animation Academy,0,True,2026-04-11T02:10:39.000Z
2026-04-10 19:15:26,Disney California Adventure,Hollywood Land,6440,Mickey's PhilharMagic,10,True,2026-04-11T02:10:39.000Z
2026-04-10 19:15:26,Disney California Adventure,Hollywood Land,291,"Monsters, Inc. Mike & Sulley to the Rescue!",75,True,2026-04-11T02:10:39.000Z
2026-04-10 19:15:26,Disney California Adventure,Hollywood Land,868,Sorcerer's Workshop,0,False,2026-04-11T02:10:39.000Z
2026-04-10 19:15:26,Disney California Adventure,Hollywood Land,294,Turtle Talk with Crush,0,True,2026-04-11T02:10:39.000Z
2026-04-10 19:15:26,Disney California Adventure,Paradise Gardens Park,298,Golden Zephyr,15,True,2026-04-11T02:10:39.000Z
2026-04-10 19:15:26,Disney California Adventure,Paradise Gardens Park,319,Goofy's Sky School,75,True,2026-04-11T02:10:39.000Z
2026-04-10 19:15:26,Disney California Adventure,Paradise Gardens Park,301,Silly Symphony Swings,20,True,2026-04-11T02:10:39.000Z
2026-04-10 19:15:26,Disney California Adventure,Paradise Gardens Park,10905,Silly Symphony Swings Single Rider,0,True,2026-04-11T02:10:39.000Z
2026-04-10 19:15:26,Disney California Adventure,Paradise Gardens Park,316,The Little Mermaid - Ariel's Undersea Adventure,35,True,2026-04-11T02:10:39.000Z
2026-04-10 19:15:26,Disney California Adventure,Paradise Gardens Park,14742,World of Color Happiness!,0,True,2026-04-11T02:10:39.000Z
2026-04-10 19:15:26,Disney California Adventure,Pixar Pier,13960,Games of Pixar Pier,0,True,2026-04-11T02:10:39.000Z
2026-04-10 19:15:26,Disney California Adventure,Pixar Pier,322,Incredicoaster,0,False,2026-04-11T02:10:39.000Z
2026-04-10 19:15:26,Disney California Adventure,Pixar Pier,10906,Incredicoaster Single Rider,0,False,2026-04-11T02:10:39.000Z
2026-04-10 19:15:26,Disney California Adventure,Pixar Pier,6643,Inside Out Emotional Whirlwind,0,False,2026-04-11T02:10:39.000Z
2026-04-10 19:15:26,Disney California Adventure,Pixar Pier,310,Jessie's Critter Carousel,15,True,2026-04-11T02:10:39.000Z
2026-04-10 19:15:26,Disney California Adventure,Pixar Pier,300,Jumpin' Jellyfish,10,True,2026-04-11T02:10:39.000Z
2026-04-10 19:15:26,Disney California Adventure,Pixar Pier,311,Pixar Pal-A-Round - Swinging,45,True,2026-04-11T02:10:39.000Z
2026-04-10 19:15:26,Disney California Adventure,Pixar Pier,5557,Pixar Pal-A-Round – Non-Swinging,45,True,2026-04-11T02:10:39.000Z
2026-04-10 19:15:26,Disney California Adventure,Pixar Pier,313,Toy Story Midway Mania!,0,False,2026-04-11T02:10:39.000Z
2026-04-10 19:15:26,Disney California Adventure,San Fransokyo Square,13959,The Bakery Tour,0,True,2026-04-11T02:10:39.000Z
2026-04-10 19:20:28,Disneyland,Adventureland,12428,Adventureland Treehouse inspired by Walt Disney’s Swiss Family Robinson,0,True,2026-04-11T02:15:35.000Z
2026-04-10 19:20:28,Disneyland,Adventureland,326,Indiana Jones™ Adventure,60,True,2026-04-11T02:15:35.000Z
2026-04-10 19:20:28,Disneyland,Adventureland,296,Jungle Cruise,0,False,2026-04-11T02:15:35.000Z
2026-04-10 19:20:28,Disneyland,Adventureland,288,Walt Disney's Enchanted Tiki Room,0,True,2026-04-11T02:15:35.000Z
2026-04-10 19:20:28,Disneyland,Bayou Country,304,Davy Crockett's Explorer Canoes,0,False,2026-04-11T02:15:35.000Z
2026-04-10 19:20:28,Disneyland,Bayou Country,306,The Many Adventures of Winnie the Pooh,15,True,2026-04-11T02:15:35.000Z
2026-04-10 19:20:28,Disneyland,Bayou Country,14168,Tiana's Bayou Adventure,60,True,2026-04-11T02:15:35.000Z
2026-04-10 19:20:28,Disneyland,Bayou Country,14326,Tiana's Bayou Adventure Single Rider,0,True,2026-04-11T02:15:35.000Z
2026-04-10 19:20:28,Disneyland,Fantasyland,307,"""it's a small world""",15,True,2026-04-11T02:15:35.000Z
2026-04-10 19:20:28,Disneyland,Fantasyland,285,Alice in Wonderland,30,True,2026-04-11T02:15:35.000Z
2026-04-10 19:20:28,Disneyland,Fantasyland,303,Casey Jr. Circus Train,15,True,2026-04-11T02:15:35.000Z
2026-04-10 19:20:28,Disneyland,Fantasyland,275,Dumbo the Flying Elephant,30,True,2026-04-11T02:15:35.000Z
2026-04-10 19:20:28,Disneyland,Fantasyland,277,King Arthur Carrousel,5,True,2026-04-11T02:15:35.000Z
2026-04-10 19:20:28,Disneyland,Fantasyland,278,Mad Tea Party,25,True,2026-04-11T02:15:35.000Z
2026-04-10 19:20:28,Disneyland,Fantasyland,279,Matterhorn Bobsleds,50,True,2026-04-11T02:15:35.000Z
2026-04-10 19:20:28,Disneyland,Fantasyland,6711,Meet Disney Princesses at Royal Hall,0,False,2026-04-11T02:15:35.000Z
2026-04-10 19:20:28,Disneyland,Fantasyland,280,Mr. Toad's Wild Ride,20,True,2026-04-11T02:15:35.000Z
2026-04-10 19:20:28,Disneyland,Fantasyland,281,Peter Pan's Flight,45,True,2026-04-11T02:15:35.000Z
2026-04-10 19:20:28,Disneyland,Fantasyland,282,Pinocchio's Daring Journey,15,True,2026-04-11T02:15:35.000Z
2026-04-10 19:20:28,Disneyland,Fantasyland,687,Sleeping Beauty Castle Walkthrough,0,False,2026-04-11T02:15:35.000Z
2026-04-10 19:20:28,Disneyland,Fantasyland,283,Snow White's Enchanted Wish,25,True,2026-04-11T02:15:35.000Z
2026-04-10 19:20:28,Disneyland,Fantasyland,305,Storybook Land Canal Boats,25,True,2026-04-11T02:15:35.000Z
2026-04-10 19:20:28,Disneyland,Frontierland,323,Big Thunder Mountain Railroad,60,True,2026-04-11T02:15:35.000Z
2026-04-10 19:20:28,Disneyland,Frontierland,679,Frontierland Shootin' Exposition,0,True,2026-04-11T02:15:35.000Z
2026-04-10 19:20:28,Disneyland,Frontierland,456,Mark Twain Riverboat,0,False,2026-04-11T02:15:35.000Z
2026-04-10 19:20:28,Disneyland,Frontierland,331,Pirate's Lair on Tom Sawyer Island,0,False,2026-04-11T02:15:35.000Z
2026-04-10 19:20:28,Disneyland,Frontierland,328,Sailing Ship Columbia,0,False,2026-04-11T02:15:35.000Z
2026-04-10 19:20:28,Disneyland,Main Street U.S.A,674,Disneyland Railroad,10,True,2026-04-11T02:15:35.000Z
2026-04-10 19:20:28,Disneyland,Main Street U.S.A,690,Great Moments with Mr. Lincoln,0,False,2026-04-11T02:15:35.000Z
2026-04-10 19:20:28,Disneyland,Main Street U.S.A,686,Main Street Cinema,0,True,2026-04-11T02:15:35.000Z
2026-04-10 19:20:28,Disneyland,Main Street U.S.A,691,Main Street Vehicles,0,True,2026-04-11T02:15:35.000Z
2026-04-10 19:20:28,Disneyland,Main Street U.S.A,14915,Opera House - Walt Disney - A Magical Life,0,True,2026-04-11T02:15:35.000Z
2026-04-10 19:20:28,Disneyland,Main Street U.S.A,695,The Disney Gallery,0,True,2026-04-11T02:15:35.000Z
2026-04-10 19:20:28,Disneyland,Main Street U.S.A,14923,Walt Disney - A Magical Life,0,True,2026-04-11T02:15:35.000Z
2026-04-10 19:20:28,Disneyland,Mickey's Toontown,324,Chip 'n' Dale's GADGETcoaster,30,True,2026-04-11T02:15:35.000Z
2026-04-10 19:20:28,Disneyland,Mickey's Toontown,13814,Donald's Duck Pond,0,True,2026-04-11T02:15:35.000Z
2026-04-10 19:20:28,Disneyland,Mickey's Toontown,11980,Goofy's How-to-Play Yard,0,True,2026-04-11T02:15:35.000Z
2026-04-10 19:20:28,Disneyland,Mickey's Toontown,11526,Mickey & Minnie's Runaway Railway,40,True,2026-04-11T02:15:35.000Z
2026-04-10 19:20:28,Disneyland,Mickey's Toontown,709,Mickey's House and Meet Mickey Mouse,30,True,2026-04-11T02:15:35.000Z
2026-04-10 19:20:28,Disneyland,Mickey's Toontown,327,Mickey's House and Meet Mickey Mouse,0,False,2026-04-11T02:15:35.000Z
2026-04-10 19:20:28,Disneyland,Mickey's Toontown,684,Minnie's House,0,True,2026-04-11T02:15:35.000Z
2026-04-10 19:20:28,Disneyland,Mickey's Toontown,332,Roger Rabbit's Car Toon Spin,0,False,2026-04-11T02:15:35.000Z
2026-04-10 19:20:28,Disneyland,New Orleans Square,13958,Haunted Mansion,25,True,2026-04-11T02:15:35.000Z
2026-04-10 19:20:28,Disneyland,New Orleans Square,289,Pirates of the Caribbean,25,True,2026-04-11T02:15:35.000Z
2026-04-10 19:20:28,Disneyland,Star Wars: Galaxy's Edge,6339,Millennium Falcon: Smugglers Run,40,True,2026-04-11T02:15:35.000Z
2026-04-10 19:20:28,Disneyland,Star Wars: Galaxy's Edge,10903,Millennium Falcon: Smugglers Run Single Rider,0,True,2026-04-11T02:15:35.000Z
2026-04-10 19:20:28,Disneyland,Star Wars: Galaxy's Edge,6340,Star Wars: Rise of the Resistance,75,True,2026-04-11T02:15:35.000Z
2026-04-10 19:20:28,Disneyland,Tomorrowland,287,Astro Orbitor,25,True,2026-04-11T02:15:35.000Z
2026-04-10 19:20:28,Disneyland,Tomorrowland,317,Autopia,35,True,2026-04-11T02:15:35.000Z
2026-04-10 19:20:28,Disneyland,Tomorrowland,273,Buzz Lightyear Astro Blasters,35,True,2026-04-11T02:15:35.000Z
2026-04-10 19:20:28,Disneyland,Tomorrowland,274,Disneyland Monorail,0,False,2026-04-11T02:15:35.000Z
2026-04-10 19:20:28,Disneyland,Tomorrowland,276,Finding Nemo Submarine Voyage,20,True,2026-04-11T02:15:35.000Z
2026-04-10 19:20:28,Disneyland,Tomorrowland,284,Space Mountain,70,True,2026-04-11T02:15:35.000Z
2026-04-10 19:20:28,Disneyland,Tomorrowland,286,Star Tours - The Adventures Continue,30,True,2026-04-11T02:15:35.000Z
2026-04-10 19:20:29,Disney California Adventure,Avengers Campus,329,Guardians of the Galaxy - Mission: BREAKOUT!,125,True,2026-04-11T02:15:43.000Z
2026-04-10 19:20:29,Disney California Adventure,Avengers Campus,8843,WEB SLINGERS: A Spider-Man Adventure,60,True,2026-04-11T02:15:43.000Z
2026-04-10 19:20:29,Disney California Adventure,Avengers Campus,10907,WEB SLINGERS: A Spider-Man Adventure Single Rider,0,True,2026-04-11T02:15:43.000Z
2026-04-10 19:20:29,Disney California Adventure,Cars Land,13961,Luigi's Rollickin' Roadsters,30,True,2026-04-11T02:15:43.000Z
2026-04-10 19:20:29,Disney California Adventure,Cars Land,315,Mater's Junkyard Jamboree,30,True,2026-04-11T02:15:43.000Z
2026-04-10 19:20:29,Disney California Adventure,Cars Land,295,Radiator Springs Racers,90,True,2026-04-11T02:15:43.000Z
2026-04-10 19:20:29,Disney California Adventure,Cars Land,10904,Radiator Springs Racers Single Rider,0,True,2026-04-11T02:15:43.000Z
2026-04-10 19:20:29,Disney California Adventure,Grizzly Peak,302,Grizzly River Run,30,True,2026-04-11T02:15:43.000Z
2026-04-10 19:20:29,Disney California Adventure,Grizzly Peak,293,Redwood Creek Challenge Trail,5,True,2026-04-11T02:15:43.000Z
2026-04-10 19:20:29,Disney California Adventure,Grizzly Peak,312,Soarin' Over California,80,True,2026-04-11T02:15:43.000Z
2026-04-10 19:20:29,Disney California Adventure,Hollywood Land,321,Animation Academy,0,True,2026-04-11T02:15:43.000Z
2026-04-10 19:20:29,Disney California Adventure,Hollywood Land,6440,Mickey's PhilharMagic,10,True,2026-04-11T02:15:43.000Z
2026-04-10 19:20:29,Disney California Adventure,Hollywood Land,291,"Monsters, Inc. Mike & Sulley to the Rescue!",75,True,2026-04-11T02:15:43.000Z
2026-04-10 19:20:29,Disney California Adventure,Hollywood Land,868,Sorcerer's Workshop,0,False,2026-04-11T02:15:43.000Z
2026-04-10 19:20:29,Disney California Adventure,Hollywood Land,294,Turtle Talk with Crush,0,True,2026-04-11T02:15:43.000Z
2026-04-10 19:20:29,Disney California Adventure,Paradise Gardens Park,298,Golden Zephyr,15,True,2026-04-11T02:15:43.000Z
2026-04-10 19:20:29,Disney California Adventure,Paradise Gardens Park,319,Goofy's Sky School,75,True,2026-04-11T02:15:43.000Z
2026-04-10 19:20:29,Disney California Adventure,Paradise Gardens Park,301,Silly Symphony Swings,20,True,2026-04-11T02:15:43.000Z
2026-04-10 19:20:29,Disney California Adventure,Paradise Gardens Park,10905,Silly Symphony Swings Single Rider,0,True,2026-04-11T02:15:43.000Z
2026-04-10 19:20:29,Disney California Adventure,Paradise Gardens Park,316,The Little Mermaid - Ariel's Undersea Adventure,45,True,2026-04-11T02:15:43.000Z
2026-04-10 19:20:29,Disney California Adventure,Paradise Gardens Park,14742,World of Color Happiness!,0,True,2026-04-11T02:15:43.000Z
2026-04-10 19:20:29,Disney California Adventure,Pixar Pier,13960,Games of Pixar Pier,0,True,2026-04-11T02:15:43.000Z
2026-04-10 19:20:29,Disney California Adventure,Pixar Pier,322,Incredicoaster,0,False,2026-04-11T02:15:43.000Z
2026-04-10 19:20:29,Disney California Adventure,Pixar Pier,10906,Incredicoaster Single Rider,0,False,2026-04-11T02:15:43.000Z
2026-04-10 19:20:29,Disney California Adventure,Pixar Pier,6643,Inside Out Emotional Whirlwind,0,False,2026-04-11T02:15:43.000Z
2026-04-10 19:20:29,Disney California Adventure,Pixar Pier,310,Jessie's Critter Carousel,15,True,2026-04-11T02:15:43.000Z
2026-04-10 19:20:29,Disney California Adventure,Pixar Pier,300,Jumpin' Jellyfish,10,True,2026-04-11T02:15:43.000Z
2026-04-10 19:20:29,Disney California Adventure,Pixar Pier,311,Pixar Pal-A-Round - Swinging,45,True,2026-04-11T02:15:43.000Z
2026-04-10 19:20:29,Disney California Adventure,Pixar Pier,5557,Pixar Pal-A-Round – Non-Swinging,45,True,2026-04-11T02:15:43.000Z
2026-04-10 19:20:29,Disney California Adventure,Pixar Pier,313,Toy Story Midway Mania!,0,False,2026-04-11T02:15:43.000Z
2026-04-10 19:20:29,Disney California Adventure,San Fransokyo Square,13959,The Bakery Tour,0,True,2026-04-11T02:15:43.000Z
2026-04-10 19:25:23,Disneyland,Adventureland,12428,Adventureland Treehouse inspired by Walt Disney’s Swiss Family Robinson,0,True,2026-04-11T02:20:33.000Z
2026-04-10 19:25:23,Disneyland,Adventureland,326,Indiana Jones™ Adventure,60,True,2026-04-11T02:20:33.000Z
2026-04-10 19:25:23,Disneyland,Adventureland,296,Jungle Cruise,0,False,2026-04-11T02:20:33.000Z
2026-04-10 19:25:23,Disneyland,Adventureland,288,Walt Disney's Enchanted Tiki Room,0,True,2026-04-11T02:20:33.000Z
2026-04-10 19:25:23,Disneyland,Bayou Country,304,Davy Crockett's Explorer Canoes,0,False,2026-04-11T02:20:33.000Z
2026-04-10 19:25:23,Disneyland,Bayou Country,306,The Many Adventures of Winnie the Pooh,15,True,2026-04-11T02:20:33.000Z
2026-04-10 19:25:23,Disneyland,Bayou Country,14168,Tiana's Bayou Adventure,60,True,2026-04-11T02:20:33.000Z
2026-04-10 19:25:23,Disneyland,Bayou Country,14326,Tiana's Bayou Adventure Single Rider,0,True,2026-04-11T02:20:33.000Z
2026-04-10 19:25:23,Disneyland,Fantasyland,307,"""it's a small world""",10,True,2026-04-11T02:20:33.000Z
2026-04-10 19:25:23,Disneyland,Fantasyland,285,Alice in Wonderland,30,True,2026-04-11T02:20:33.000Z
2026-04-10 19:25:23,Disneyland,Fantasyland,303,Casey Jr. Circus Train,15,True,2026-04-11T02:20:33.000Z
2026-04-10 19:25:23,Disneyland,Fantasyland,275,Dumbo the Flying Elephant,30,True,2026-04-11T02:20:33.000Z
2026-04-10 19:25:23,Disneyland,Fantasyland,277,King Arthur Carrousel,5,True,2026-04-11T02:20:33.000Z
2026-04-10 19:25:23,Disneyland,Fantasyland,278,Mad Tea Party,25,True,2026-04-11T02:20:33.000Z
2026-04-10 19:25:23,Disneyland,Fantasyland,279,Matterhorn Bobsleds,50,True,2026-04-11T02:20:33.000Z
2026-04-10 19:25:23,Disneyland,Fantasyland,6711,Meet Disney Princesses at Royal Hall,0,False,2026-04-11T02:20:33.000Z
2026-04-10 19:25:23,Disneyland,Fantasyland,280,Mr. Toad's Wild Ride,25,True,2026-04-11T02:20:33.000Z
2026-04-10 19:25:23,Disneyland,Fantasyland,281,Peter Pan's Flight,45,True,2026-04-11T02:20:33.000Z
2026-04-10 19:25:23,Disneyland,Fantasyland,282,Pinocchio's Daring Journey,15,True,2026-04-11T02:20:33.000Z
2026-04-10 19:25:23,Disneyland,Fantasyland,687,Sleeping Beauty Castle Walkthrough,0,False,2026-04-11T02:20:33.000Z
2026-04-10 19:25:23,Disneyland,Fantasyland,283,Snow White's Enchanted Wish,25,True,2026-04-11T02:20:33.000Z
2026-04-10 19:25:23,Disneyland,Fantasyland,305,Storybook Land Canal Boats,25,True,2026-04-11T02:20:33.000Z
2026-04-10 19:25:23,Disneyland,Frontierland,323,Big Thunder Mountain Railroad,55,True,2026-04-11T02:20:33.000Z
2026-04-10 19:25:23,Disneyland,Frontierland,679,Frontierland Shootin' Exposition,0,True,2026-04-11T02:20:33.000Z
2026-04-10 19:25:23,Disneyland,Frontierland,456,Mark Twain Riverboat,0,False,2026-04-11T02:20:33.000Z
2026-04-10 19:25:23,Disneyland,Frontierland,331,Pirate's Lair on Tom Sawyer Island,0,False,2026-04-11T02:20:33.000Z
2026-04-10 19:25:23,Disneyland,Frontierland,328,Sailing Ship Columbia,0,False,2026-04-11T02:20:33.000Z
2026-04-10 19:25:23,Disneyland,Main Street U.S.A,674,Disneyland Railroad,10,True,2026-04-11T02:20:33.000Z
2026-04-10 19:25:23,Disneyland,Main Street U.S.A,690,Great Moments with Mr. Lincoln,0,False,2026-04-11T02:20:33.000Z
2026-04-10 19:25:23,Disneyland,Main Street U.S.A,686,Main Street Cinema,0,True,2026-04-11T02:20:33.000Z
2026-04-10 19:25:23,Disneyland,Main Street U.S.A,691,Main Street Vehicles,0,True,2026-04-11T02:20:33.000Z
2026-04-10 19:25:23,Disneyland,Main Street U.S.A,14915,Opera House - Walt Disney - A Magical Life,0,True,2026-04-11T02:20:33.000Z
2026-04-10 19:25:23,Disneyland,Main Street U.S.A,695,The Disney Gallery,0,True,2026-04-11T02:20:33.000Z
2026-04-10 19:25:23,Disneyland,Main Street U.S.A,14923,Walt Disney - A Magical Life,0,True,2026-04-11T02:20:33.000Z
2026-04-10 19:25:23,Disneyland,Mickey's Toontown,324,Chip 'n' Dale's GADGETcoaster,30,True,2026-04-11T02:20:33.000Z
2026-04-10 19:25:23,Disneyland,Mickey's Toontown,13814,Donald's Duck Pond,0,True,2026-04-11T02:20:33.000Z
2026-04-10 19:25:23,Disneyland,Mickey's Toontown,11980,Goofy's How-to-Play Yard,0,True,2026-04-11T02:20:33.000Z
2026-04-10 19:25:23,Disneyland,Mickey's Toontown,11526,Mickey & Minnie's Runaway Railway,40,True,2026-04-11T02:20:33.000Z
2026-04-10 19:25:23,Disneyland,Mickey's Toontown,709,Mickey's House and Meet Mickey Mouse,30,True,2026-04-11T02:20:33.000Z
2026-04-10 19:25:23,Disneyland,Mickey's Toontown,327,Mickey's House and Meet Mickey Mouse,0,False,2026-04-11T02:20:33.000Z
2026-04-10 19:25:23,Disneyland,Mickey's Toontown,684,Minnie's House,0,True,2026-04-11T02:20:33.000Z
2026-04-10 19:25:23,Disneyland,Mickey's Toontown,332,Roger Rabbit's Car Toon Spin,0,False,2026-04-11T02:20:33.000Z
2026-04-10 19:25:23,Disneyland,New Orleans Square,13958,Haunted Mansion,25,True,2026-04-11T02:20:33.000Z
2026-04-10 19:25:23,Disneyland,New Orleans Square,289,Pirates of the Caribbean,20,True,2026-04-11T02:20:33.000Z
2026-04-10 19:25:23,Disneyland,Star Wars: Galaxy's Edge,6339,Millennium Falcon: Smugglers Run,40,True,2026-04-11T02:20:33.000Z
2026-04-10 19:25:23,Disneyland,Star Wars: Galaxy's Edge,10903,Millennium Falcon: Smugglers Run Single Rider,0,True,2026-04-11T02:20:33.000Z
2026-04-10 19:25:23,Disneyland,Star Wars: Galaxy's Edge,6340,Star Wars: Rise of the Resistance,75,True,2026-04-11T02:20:33.000Z
2026-04-10 19:25:23,Disneyland,Tomorrowland,287,Astro Orbitor,25,True,2026-04-11T02:20:33.000Z
2026-04-10 19:25:23,Disneyland,Tomorrowland,317,Autopia,35,True,2026-04-11T02:20:33.000Z
2026-04-10 19:25:23,Disneyland,Tomorrowland,273,Buzz Lightyear Astro Blasters,35,True,2026-04-11T02:20:33.000Z
2026-04-10 19:25:23,Disneyland,Tomorrowland,274,Disneyland Monorail,0,False,2026-04-11T02:20:33.000Z
2026-04-10 19:25:23,Disneyland,Tomorrowland,276,Finding Nemo Submarine Voyage,20,True,2026-04-11T02:20:33.000Z
2026-04-10 19:25:23,Disneyland,Tomorrowland,284,Space Mountain,70,True,2026-04-11T02:20:33.000Z
2026-04-10 19:25:23,Disneyland,Tomorrowland,286,Star Tours - The Adventures Continue,30,True,2026-04-11T02:20:33.000Z
2026-04-10 19:25:24,Disney California Adventure,Avengers Campus,329,Guardians of the Galaxy - Mission: BREAKOUT!,125,True,2026-04-11T02:20:33.000Z
2026-04-10 19:25:24,Disney California Adventure,Avengers Campus,8843,WEB SLINGERS: A Spider-Man Adventure,60,True,2026-04-11T02:20:33.000Z
2026-04-10 19:25:24,Disney California Adventure,Avengers Campus,10907,WEB SLINGERS: A Spider-Man Adventure Single Rider,0,True,2026-04-11T02:20:33.000Z
2026-04-10 19:25:24,Disney California Adventure,Cars Land,13961,Luigi's Rollickin' Roadsters,30,True,2026-04-11T02:20:33.000Z
2026-04-10 19:25:24,Disney California Adventure,Cars Land,315,Mater's Junkyard Jamboree,30,True,2026-04-11T02:20:33.000Z
2026-04-10 19:25:24,Disney California Adventure,Cars Land,295,Radiator Springs Racers,90,True,2026-04-11T02:20:33.000Z
2026-04-10 19:25:24,Disney California Adventure,Cars Land,10904,Radiator Springs Racers Single Rider,0,True,2026-04-11T02:20:33.000Z
2026-04-10 19:25:24,Disney California Adventure,Grizzly Peak,302,Grizzly River Run,30,True,2026-04-11T02:20:33.000Z
2026-04-10 19:25:24,Disney California Adventure,Grizzly Peak,293,Redwood Creek Challenge Trail,5,True,2026-04-11T02:20:33.000Z
2026-04-10 19:25:24,Disney California Adventure,Grizzly Peak,312,Soarin' Over California,80,True,2026-04-11T02:20:33.000Z
2026-04-10 19:25:24,Disney California Adventure,Hollywood Land,321,Animation Academy,0,True,2026-04-11T02:20:33.000Z
2026-04-10 19:25:24,Disney California Adventure,Hollywood Land,6440,Mickey's PhilharMagic,10,True,2026-04-11T02:20:33.000Z
2026-04-10 19:25:24,Disney California Adventure,Hollywood Land,291,"Monsters, Inc. Mike & Sulley to the Rescue!",75,True,2026-04-11T02:20:33.000Z
2026-04-10 19:25:24,Disney California Adventure,Hollywood Land,868,Sorcerer's Workshop,0,False,2026-04-11T02:20:33.000Z
2026-04-10 19:25:24,Disney California Adventure,Hollywood Land,294,Turtle Talk with Crush,0,True,2026-04-11T02:20:33.000Z
2026-04-10 19:25:24,Disney California Adventure,Paradise Gardens Park,298,Golden Zephyr,20,True,2026-04-11T02:20:33.000Z
2026-04-10 19:25:24,Disney California Adventure,Paradise Gardens Park,319,Goofy's Sky School,75,True,2026-04-11T02:20:33.000Z
2026-04-10 19:25:24,Disney California Adventure,Paradise Gardens Park,301,Silly Symphony Swings,20,True,2026-04-11T02:20:33.000Z
2026-04-10 19:25:24,Disney California Adventure,Paradise Gardens Park,10905,Silly Symphony Swings Single Rider,0,True,2026-04-11T02:20:33.000Z
2026-04-10 19:25:24,Disney California Adventure,Paradise Gardens Park,316,The Little Mermaid - Ariel's Undersea Adventure,35,True,2026-04-11T02:20:33.000Z
2026-04-10 19:25:24,Disney California Adventure,Paradise Gardens Park,14742,World of Color Happiness!,0,True,2026-04-11T02:20:33.000Z
2026-04-10 19:25:24,Disney California Adventure,Pixar Pier,13960,Games of Pixar Pier,0,True,2026-04-11T02:20:33.000Z
2026-04-10 19:25:24,Disney California Adventure,Pixar Pier,322,Incredicoaster,0,False,2026-04-11T02:20:33.000Z
2026-04-10 19:25:24,Disney California Adventure,Pixar Pier,10906,Incredicoaster Single Rider,0,False,2026-04-11T02:20:33.000Z
2026-04-10 19:25:24,Disney California Adventure,Pixar Pier,6643,Inside Out Emotional Whirlwind,0,False,2026-04-11T02:20:33.000Z
2026-04-10 19:25:24,Disney California Adventure,Pixar Pier,310,Jessie's Critter Carousel,15,True,2026-04-11T02:20:33.000Z
2026-04-10 19:25:24,Disney California Adventure,Pixar Pier,300,Jumpin' Jellyfish,10,True,2026-04-11T02:20:33.000Z
2026-04-10 19:25:24,Disney California Adventure,Pixar Pier,311,Pixar Pal-A-Round - Swinging,45,True,2026-04-11T02:20:33.000Z
2026-04-10 19:25:24,Disney California Adventure,Pixar Pier,5557,Pixar Pal-A-Round – Non-Swinging,45,True,2026-04-11T02:20:33.000Z
2026-04-10 19:25:24,Disney California Adventure,Pixar Pier,313,Toy Story Midway Mania!,0,False,2026-04-11T02:20:33.000Z
2026-04-10 19:25:24,Disney California Adventure,San Fransokyo Square,13959,The Bakery Tour,0,True,2026-04-11T02:20:33.000Z
2026-04-10 19:30:28,Disneyland,Adventureland,12428,Adventureland Treehouse inspired by Walt Disney’s Swiss Family Robinson,0,True,2026-04-11T02:25:32.000Z
2026-04-10 19:30:28,Disneyland,Adventureland,326,Indiana Jones™ Adventure,55,True,2026-04-11T02:25:32.000Z
2026-04-10 19:30:28,Disneyland,Adventureland,296,Jungle Cruise,0,False,2026-04-11T02:25:32.000Z
2026-04-10 19:30:28,Disneyland,Adventureland,288,Walt Disney's Enchanted Tiki Room,0,True,2026-04-11T02:25:32.000Z
2026-04-10 19:30:28,Disneyland,Bayou Country,304,Davy Crockett's Explorer Canoes,0,False,2026-04-11T02:25:32.000Z
2026-04-10 19:30:28,Disneyland,Bayou Country,306,The Many Adventures of Winnie the Pooh,15,True,2026-04-11T02:25:32.000Z
2026-04-10 19:30:28,Disneyland,Bayou Country,14168,Tiana's Bayou Adventure,60,True,2026-04-11T02:25:32.000Z
2026-04-10 19:30:28,Disneyland,Bayou Country,14326,Tiana's Bayou Adventure Single Rider,0,True,2026-04-11T02:25:32.000Z
2026-04-10 19:30:28,Disneyland,Fantasyland,307,"""it's a small world""",10,True,2026-04-11T02:25:32.000Z
2026-04-10 19:30:28,Disneyland,Fantasyland,285,Alice in Wonderland,30,True,2026-04-11T02:25:32.000Z
2026-04-10 19:30:28,Disneyland,Fantasyland,303,Casey Jr. Circus Train,15,True,2026-04-11T02:25:32.000Z
2026-04-10 19:30:28,Disneyland,Fantasyland,275,Dumbo the Flying Elephant,30,True,2026-04-11T02:25:32.000Z
2026-04-10 19:30:28,Disneyland,Fantasyland,277,King Arthur Carrousel,5,True,2026-04-11T02:25:32.000Z
2026-04-10 19:30:28,Disneyland,Fantasyland,278,Mad Tea Party,20,True,2026-04-11T02:25:32.000Z
2026-04-10 19:30:28,Disneyland,Fantasyland,279,Matterhorn Bobsleds,50,True,2026-04-11T02:25:32.000Z
2026-04-10 19:30:28,Disneyland,Fantasyland,6711,Meet Disney Princesses at Royal Hall,0,False,2026-04-11T02:25:32.000Z
2026-04-10 19:30:28,Disneyland,Fantasyland,280,Mr. Toad's Wild Ride,30,True,2026-04-11T02:25:32.000Z
2026-04-10 19:30:28,Disneyland,Fantasyland,281,Peter Pan's Flight,45,True,2026-04-11T02:25:32.000Z
2026-04-10 19:30:28,Disneyland,Fantasyland,282,Pinocchio's Daring Journey,15,True,2026-04-11T02:25:32.000Z
2026-04-10 19:30:28,Disneyland,Fantasyland,687,Sleeping Beauty Castle Walkthrough,0,False,2026-04-11T02:25:32.000Z
2026-04-10 19:30:28,Disneyland,Fantasyland,283,Snow White's Enchanted Wish,10,True,2026-04-11T02:25:32.000Z
2026-04-10 19:30:28,Disneyland,Fantasyland,305,Storybook Land Canal Boats,25,True,2026-04-11T02:25:32.000Z
2026-04-10 19:30:28,Disneyland,Frontierland,323,Big Thunder Mountain Railroad,45,True,2026-04-11T02:25:32.000Z
2026-04-10 19:30:28,Disneyland,Frontierland,679,Frontierland Shootin' Exposition,0,True,2026-04-11T02:25:32.000Z
2026-04-10 19:30:28,Disneyland,Frontierland,456,Mark Twain Riverboat,0,False,2026-04-11T02:25:32.000Z
2026-04-10 19:30:28,Disneyland,Frontierland,331,Pirate's Lair on Tom Sawyer Island,0,False,2026-04-11T02:25:32.000Z
2026-04-10 19:30:28,Disneyland,Frontierland,328,Sailing Ship Columbia,0,False,2026-04-11T02:25:32.000Z
2026-04-10 19:30:28,Disneyland,Main Street U.S.A,674,Disneyland Railroad,10,True,2026-04-11T02:25:32.000Z
2026-04-10 19:30:28,Disneyland,Main Street U.S.A,690,Great Moments with Mr. Lincoln,0,False,2026-04-11T02:25:32.000Z
2026-04-10 19:30:28,Disneyland,Main Street U.S.A,686,Main Street Cinema,0,True,2026-04-11T02:25:32.000Z
2026-04-10 19:30:28,Disneyland,Main Street U.S.A,691,Main Street Vehicles,0,True,2026-04-11T02:25:32.000Z
2026-04-10 19:30:28,Disneyland,Main Street U.S.A,14915,Opera House - Walt Disney - A Magical Life,0,True,2026-04-11T02:25:32.000Z
2026-04-10 19:30:28,Disneyland,Main Street U.S.A,695,The Disney Gallery,0,True,2026-04-11T02:25:32.000Z
2026-04-10 19:30:28,Disneyland,Main Street U.S.A,14923,Walt Disney - A Magical Life,0,True,2026-04-11T02:25:32.000Z
2026-04-10 19:30:28,Disneyland,Mickey's Toontown,324,Chip 'n' Dale's GADGETcoaster,30,True,2026-04-11T02:25:32.000Z
2026-04-10 19:30:28,Disneyland,Mickey's Toontown,13814,Donald's Duck Pond,0,True,2026-04-11T02:25:32.000Z
2026-04-10 19:30:28,Disneyland,Mickey's Toontown,11980,Goofy's How-to-Play Yard,0,True,2026-04-11T02:25:32.000Z
2026-04-10 19:30:28,Disneyland,Mickey's Toontown,11526,Mickey & Minnie's Runaway Railway,40,True,2026-04-11T02:25:32.000Z
2026-04-10 19:30:28,Disneyland,Mickey's Toontown,709,Mickey's House and Meet Mickey Mouse,30,True,2026-04-11T02:25:32.000Z
2026-04-10 19:30:28,Disneyland,Mickey's Toontown,327,Mickey's House and Meet Mickey Mouse,0,False,2026-04-11T02:25:32.000Z
2026-04-10 19:30:28,Disneyland,Mickey's Toontown,684,Minnie's House,0,True,2026-04-11T02:25:32.000Z
2026-04-10 19:30:28,Disneyland,Mickey's Toontown,332,Roger Rabbit's Car Toon Spin,0,False,2026-04-11T02:25:32.000Z
2026-04-10 19:30:28,Disneyland,New Orleans Square,13958,Haunted Mansion,25,True,2026-04-11T02:25:32.000Z
2026-04-10 19:30:28,Disneyland,New Orleans Square,289,Pirates of the Caribbean,20,True,2026-04-11T02:25:32.000Z
2026-04-10 19:30:28,Disneyland,Star Wars: Galaxy's Edge,6339,Millennium Falcon: Smugglers Run,40,True,2026-04-11T02:25:32.000Z
2026-04-10 19:30:28,Disneyland,Star Wars: Galaxy's Edge,10903,Millennium Falcon: Smugglers Run Single Rider,0,True,2026-04-11T02:25:32.000Z
2026-04-10 19:30:28,Disneyland,Star Wars: Galaxy's Edge,6340,Star Wars: Rise of the Resistance,75,True,2026-04-11T02:25:32.000Z
2026-04-10 19:30:28,Disneyland,Tomorrowland,287,Astro Orbitor,25,True,2026-04-11T02:25:32.000Z
2026-04-10 19:30:28,Disneyland,Tomorrowland,317,Autopia,35,True,2026-04-11T02:25:32.000Z
2026-04-10 19:30:28,Disneyland,Tomorrowland,273,Buzz Lightyear Astro Blasters,35,True,2026-04-11T02:25:32.000Z
2026-04-10 19:30:28,Disneyland,Tomorrowland,274,Disneyland Monorail,0,False,2026-04-11T02:25:32.000Z
2026-04-10 19:30:28,Disneyland,Tomorrowland,276,Finding Nemo Submarine Voyage,20,True,2026-04-11T02:25:32.000Z
2026-04-10 19:30:28,Disneyland,Tomorrowland,284,Space Mountain,70,True,2026-04-11T02:25:32.000Z
2026-04-10 19:30:28,Disneyland,Tomorrowland,286,Star Tours - The Adventures Continue,30,True,2026-04-11T02:25:32.000Z
2026-04-10 19:30:28,Disney California Adventure,Avengers Campus,329,Guardians of the Galaxy - Mission: BREAKOUT!,125,True,2026-04-11T02:25:38.000Z
2026-04-10 19:30:28,Disney California Adventure,Avengers Campus,8843,WEB SLINGERS: A Spider-Man Adventure,60,True,2026-04-11T02:25:38.000Z
2026-04-10 19:30:28,Disney California Adventure,Avengers Campus,10907,WEB SLINGERS: A Spider-Man Adventure Single Rider,0,True,2026-04-11T02:25:38.000Z
2026-04-10 19:30:28,Disney California Adventure,Cars Land,13961,Luigi's Rollickin' Roadsters,30,True,2026-04-11T02:25:38.000Z
2026-04-10 19:30:28,Disney California Adventure,Cars Land,315,Mater's Junkyard Jamboree,30,True,2026-04-11T02:25:38.000Z
2026-04-10 19:30:28,Disney California Adventure,Cars Land,295,Radiator Springs Racers,90,True,2026-04-11T02:25:38.000Z
2026-04-10 19:30:28,Disney California Adventure,Cars Land,10904,Radiator Springs Racers Single Rider,0,True,2026-04-11T02:25:38.000Z
2026-04-10 19:30:28,Disney California Adventure,Grizzly Peak,302,Grizzly River Run,30,True,2026-04-11T02:25:38.000Z
2026-04-10 19:30:28,Disney California Adventure,Grizzly Peak,293,Redwood Creek Challenge Trail,5,True,2026-04-11T02:25:38.000Z
2026-04-10 19:30:28,Disney California Adventure,Grizzly Peak,312,Soarin' Over California,80,True,2026-04-11T02:25:38.000Z
2026-04-10 19:30:28,Disney California Adventure,Hollywood Land,321,Animation Academy,0,True,2026-04-11T02:25:38.000Z
2026-04-10 19:30:28,Disney California Adventure,Hollywood Land,6440,Mickey's PhilharMagic,10,True,2026-04-11T02:25:38.000Z
2026-04-10 19:30:28,Disney California Adventure,Hollywood Land,291,"Monsters, Inc. Mike & Sulley to the Rescue!",75,True,2026-04-11T02:25:38.000Z
2026-04-10 19:30:28,Disney California Adventure,Hollywood Land,868,Sorcerer's Workshop,0,False,2026-04-11T02:25:38.000Z
2026-04-10 19:30:28,Disney California Adventure,Hollywood Land,294,Turtle Talk with Crush,0,True,2026-04-11T02:25:38.000Z
2026-04-10 19:30:28,Disney California Adventure,Paradise Gardens Park,298,Golden Zephyr,20,True,2026-04-11T02:25:38.000Z
2026-04-10 19:30:28,Disney California Adventure,Paradise Gardens Park,319,Goofy's Sky School,75,True,2026-04-11T02:25:38.000Z
2026-04-10 19:30:28,Disney California Adventure,Paradise Gardens Park,301,Silly Symphony Swings,20,True,2026-04-11T02:25:38.000Z
2026-04-10 19:30:28,Disney California Adventure,Paradise Gardens Park,10905,Silly Symphony Swings Single Rider,0,True,2026-04-11T02:25:38.000Z
2026-04-10 19:30:28,Disney California Adventure,Paradise Gardens Park,316,The Little Mermaid - Ariel's Undersea Adventure,35,True,2026-04-11T02:25:38.000Z
2026-04-10 19:30:28,Disney California Adventure,Paradise Gardens Park,14742,World of Color Happiness!,0,True,2026-04-11T02:25:38.000Z
2026-04-10 19:30:28,Disney California Adventure,Pixar Pier,13960,Games of Pixar Pier,0,True,2026-04-11T02:25:38.000Z
2026-04-10 19:30:28,Disney California Adventure,Pixar Pier,322,Incredicoaster,0,False,2026-04-11T02:25:38.000Z
2026-04-10 19:30:28,Disney California Adventure,Pixar Pier,10906,Incredicoaster Single Rider,0,False,2026-04-11T02:25:38.000Z
2026-04-10 19:30:28,Disney California Adventure,Pixar Pier,6643,Inside Out Emotional Whirlwind,0,False,2026-04-11T02:25:38.000Z
2026-04-10 19:30:28,Disney California Adventure,Pixar Pier,310,Jessie's Critter Carousel,15,True,2026-04-11T02:25:38.000Z
2026-04-10 19:30:28,Disney California Adventure,Pixar Pier,300,Jumpin' Jellyfish,10,True,2026-04-11T02:25:38.000Z
2026-04-10 19:30:28,Disney California Adventure,Pixar Pier,311,Pixar Pal-A-Round - Swinging,30,True,2026-04-11T02:25:38.000Z
2026-04-10 19:30:28,Disney California Adventure,Pixar Pier,5557,Pixar Pal-A-Round – Non-Swinging,45,True,2026-04-11T02:25:38.000Z
2026-04-10 19:30:28,Disney California Adventure,Pixar Pier,313,Toy Story Midway Mania!,0,False,2026-04-11T02:25:38.000Z
2026-04-10 19:30:28,Disney California Adventure,San Fransokyo Square,13959,The Bakery Tour,0,True,2026-04-11T02:25:38.000Z
2026-04-10 19:35:27,Disneyland,Adventureland,12428,Adventureland Treehouse inspired by Walt Disney’s Swiss Family Robinson,0,True,2026-04-11T02:30:38.000Z
2026-04-10 19:35:27,Disneyland,Adventureland,326,Indiana Jones™ Adventure,55,True,2026-04-11T02:30:38.000Z
2026-04-10 19:35:27,Disneyland,Adventureland,296,Jungle Cruise,0,False,2026-04-11T02:30:38.000Z
2026-04-10 19:35:27,Disneyland,Adventureland,288,Walt Disney's Enchanted Tiki Room,0,True,2026-04-11T02:30:38.000Z
2026-04-10 19:35:27,Disneyland,Bayou Country,304,Davy Crockett's Explorer Canoes,0,False,2026-04-11T02:30:38.000Z
2026-04-10 19:35:27,Disneyland,Bayou Country,306,The Many Adventures of Winnie the Pooh,15,True,2026-04-11T02:30:38.000Z
2026-04-10 19:35:27,Disneyland,Bayou Country,14168,Tiana's Bayou Adventure,60,True,2026-04-11T02:30:38.000Z
2026-04-10 19:35:27,Disneyland,Bayou Country,14326,Tiana's Bayou Adventure Single Rider,0,True,2026-04-11T02:30:38.000Z
2026-04-10 19:35:27,Disneyland,Fantasyland,307,"""it's a small world""",10,True,2026-04-11T02:30:38.000Z
2026-04-10 19:35:27,Disneyland,Fantasyland,285,Alice in Wonderland,30,True,2026-04-11T02:30:38.000Z
2026-04-10 19:35:27,Disneyland,Fantasyland,303,Casey Jr. Circus Train,15,True,2026-04-11T02:30:38.000Z
2026-04-10 19:35:27,Disneyland,Fantasyland,275,Dumbo the Flying Elephant,30,True,2026-04-11T02:30:38.000Z
2026-04-10 19:35:27,Disneyland,Fantasyland,277,King Arthur Carrousel,5,True,2026-04-11T02:30:38.000Z
2026-04-10 19:35:27,Disneyland,Fantasyland,278,Mad Tea Party,20,True,2026-04-11T02:30:38.000Z
2026-04-10 19:35:27,Disneyland,Fantasyland,279,Matterhorn Bobsleds,50,True,2026-04-11T02:30:38.000Z
2026-04-10 19:35:27,Disneyland,Fantasyland,6711,Meet Disney Princesses at Royal Hall,0,False,2026-04-11T02:30:38.000Z
2026-04-10 19:35:27,Disneyland,Fantasyland,280,Mr. Toad's Wild Ride,20,True,2026-04-11T02:30:38.000Z
2026-04-10 19:35:27,Disneyland,Fantasyland,281,Peter Pan's Flight,45,True,2026-04-11T02:30:38.000Z
2026-04-10 19:35:27,Disneyland,Fantasyland,282,Pinocchio's Daring Journey,15,True,2026-04-11T02:30:38.000Z
2026-04-10 19:35:27,Disneyland,Fantasyland,687,Sleeping Beauty Castle Walkthrough,0,False,2026-04-11T02:30:38.000Z
2026-04-10 19:35:27,Disneyland,Fantasyland,283,Snow White's Enchanted Wish,10,True,2026-04-11T02:30:38.000Z
2026-04-10 19:35:27,Disneyland,Fantasyland,305,Storybook Land Canal Boats,25,True,2026-04-11T02:30:38.000Z
2026-04-10 19:35:27,Disneyland,Frontierland,323,Big Thunder Mountain Railroad,45,True,2026-04-11T02:30:38.000Z
2026-04-10 19:35:27,Disneyland,Frontierland,679,Frontierland Shootin' Exposition,0,True,2026-04-11T02:30:38.000Z
2026-04-10 19:35:27,Disneyland,Frontierland,456,Mark Twain Riverboat,0,False,2026-04-11T02:30:38.000Z
2026-04-10 19:35:27,Disneyland,Frontierland,331,Pirate's Lair on Tom Sawyer Island,0,False,2026-04-11T02:30:38.000Z
2026-04-10 19:35:27,Disneyland,Frontierland,328,Sailing Ship Columbia,0,False,2026-04-11T02:30:38.000Z
2026-04-10 19:35:27,Disneyland,Main Street U.S.A,674,Disneyland Railroad,10,True,2026-04-11T02:30:38.000Z
2026-04-10 19:35:27,Disneyland,Main Street U.S.A,690,Great Moments with Mr. Lincoln,0,False,2026-04-11T02:30:38.000Z
2026-04-10 19:35:27,Disneyland,Main Street U.S.A,686,Main Street Cinema,0,True,2026-04-11T02:30:38.000Z
2026-04-10 19:35:27,Disneyland,Main Street U.S.A,691,Main Street Vehicles,0,True,2026-04-11T02:30:38.000Z
2026-04-10 19:35:27,Disneyland,Main Street U.S.A,14915,Opera House - Walt Disney - A Magical Life,0,True,2026-04-11T02:30:38.000Z
2026-04-10 19:35:27,Disneyland,Main Street U.S.A,695,The Disney Gallery,0,True,2026-04-11T02:30:38.000Z
2026-04-10 19:35:27,Disneyland,Main Street U.S.A,14923,Walt Disney - A Magical Life,0,True,2026-04-11T02:30:38.000Z
2026-04-10 19:35:27,Disneyland,Mickey's Toontown,324,Chip 'n' Dale's GADGETcoaster,30,True,2026-04-11T02:30:38.000Z
2026-04-10 19:35:27,Disneyland,Mickey's Toontown,13814,Donald's Duck Pond,0,True,2026-04-11T02:30:38.000Z
2026-04-10 19:35:27,Disneyland,Mickey's Toontown,11980,Goofy's How-to-Play Yard,0,True,2026-04-11T02:30:38.000Z
2026-04-10 19:35:27,Disneyland,Mickey's Toontown,11526,Mickey & Minnie's Runaway Railway,40,True,2026-04-11T02:30:38.000Z
2026-04-10 19:35:27,Disneyland,Mickey's Toontown,709,Mickey's House and Meet Mickey Mouse,30,True,2026-04-11T02:30:38.000Z
2026-04-10 19:35:27,Disneyland,Mickey's Toontown,327,Mickey's House and Meet Mickey Mouse,0,False,2026-04-11T02:30:38.000Z
2026-04-10 19:35:27,Disneyland,Mickey's Toontown,684,Minnie's House,0,True,2026-04-11T02:30:38.000Z
2026-04-10 19:35:27,Disneyland,Mickey's Toontown,332,Roger Rabbit's Car Toon Spin,0,False,2026-04-11T02:30:38.000Z
2026-04-10 19:35:27,Disneyland,New Orleans Square,13958,Haunted Mansion,25,True,2026-04-11T02:30:38.000Z
2026-04-10 19:35:27,Disneyland,New Orleans Square,289,Pirates of the Caribbean,15,True,2026-04-11T02:30:38.000Z
2026-04-10 19:35:27,Disneyland,Star Wars: Galaxy's Edge,6339,Millennium Falcon: Smugglers Run,40,True,2026-04-11T02:30:38.000Z
2026-04-10 19:35:27,Disneyland,Star Wars: Galaxy's Edge,10903,Millennium Falcon: Smugglers Run Single Rider,0,True,2026-04-11T02:30:38.000Z
2026-04-10 19:35:27,Disneyland,Star Wars: Galaxy's Edge,6340,Star Wars: Rise of the Resistance,75,True,2026-04-11T02:30:38.000Z
2026-04-10 19:35:27,Disneyland,Tomorrowland,287,Astro Orbitor,25,True,2026-04-11T02:30:38.000Z
2026-04-10 19:35:27,Disneyland,Tomorrowland,317,Autopia,35,True,2026-04-11T02:30:38.000Z
2026-04-10 19:35:27,Disneyland,Tomorrowland,273,Buzz Lightyear Astro Blasters,35,True,2026-04-11T02:30:38.000Z
2026-04-10 19:35:27,Disneyland,Tomorrowland,274,Disneyland Monorail,0,False,2026-04-11T02:30:38.000Z
2026-04-10 19:35:27,Disneyland,Tomorrowland,276,Finding Nemo Submarine Voyage,20,True,2026-04-11T02:30:38.000Z
2026-04-10 19:35:27,Disneyland,Tomorrowland,284,Space Mountain,70,True,2026-04-11T02:30:38.000Z
2026-04-10 19:35:27,Disneyland,Tomorrowland,286,Star Tours - The Adventures Continue,30,True,2026-04-11T02:30:38.000Z
2026-04-10 19:35:27,Disney California Adventure,Avengers Campus,329,Guardians of the Galaxy - Mission: BREAKOUT!,125,True,2026-04-11T02:30:52.000Z
2026-04-10 19:35:27,Disney California Adventure,Avengers Campus,8843,WEB SLINGERS: A Spider-Man Adventure,60,True,2026-04-11T02:30:52.000Z
2026-04-10 19:35:27,Disney California Adventure,Avengers Campus,10907,WEB SLINGERS: A Spider-Man Adventure Single Rider,0,True,2026-04-11T02:30:52.000Z
2026-04-10 19:35:27,Disney California Adventure,Cars Land,13961,Luigi's Rollickin' Roadsters,30,True,2026-04-11T02:30:52.000Z
2026-04-10 19:35:27,Disney California Adventure,Cars Land,315,Mater's Junkyard Jamboree,30,True,2026-04-11T02:30:52.000Z
2026-04-10 19:35:27,Disney California Adventure,Cars Land,295,Radiator Springs Racers,90,True,2026-04-11T02:30:52.000Z
2026-04-10 19:35:27,Disney California Adventure,Cars Land,10904,Radiator Springs Racers Single Rider,0,True,2026-04-11T02:30:52.000Z
2026-04-10 19:35:27,Disney California Adventure,Grizzly Peak,302,Grizzly River Run,30,True,2026-04-11T02:30:52.000Z
2026-04-10 19:35:27,Disney California Adventure,Grizzly Peak,293,Redwood Creek Challenge Trail,5,True,2026-04-11T02:30:52.000Z
2026-04-10 19:35:27,Disney California Adventure,Grizzly Peak,312,Soarin' Over California,80,True,2026-04-11T02:30:52.000Z
2026-04-10 19:35:27,Disney California Adventure,Hollywood Land,321,Animation Academy,0,True,2026-04-11T02:30:52.000Z
2026-04-10 19:35:27,Disney California Adventure,Hollywood Land,6440,Mickey's PhilharMagic,10,True,2026-04-11T02:30:52.000Z
2026-04-10 19:35:27,Disney California Adventure,Hollywood Land,291,"Monsters, Inc. Mike & Sulley to the Rescue!",60,True,2026-04-11T02:30:52.000Z
2026-04-10 19:35:27,Disney California Adventure,Hollywood Land,868,Sorcerer's Workshop,0,False,2026-04-11T02:30:52.000Z
2026-04-10 19:35:27,Disney California Adventure,Hollywood Land,294,Turtle Talk with Crush,0,True,2026-04-11T02:30:52.000Z
2026-04-10 19:35:27,Disney California Adventure,Paradise Gardens Park,298,Golden Zephyr,20,True,2026-04-11T02:30:52.000Z
2026-04-10 19:35:27,Disney California Adventure,Paradise Gardens Park,319,Goofy's Sky School,75,True,2026-04-11T02:30:52.000Z
2026-04-10 19:35:27,Disney California Adventure,Paradise Gardens Park,301,Silly Symphony Swings,20,True,2026-04-11T02:30:52.000Z
2026-04-10 19:35:27,Disney California Adventure,Paradise Gardens Park,10905,Silly Symphony Swings Single Rider,0,True,2026-04-11T02:30:52.000Z
2026-04-10 19:35:27,Disney California Adventure,Paradise Gardens Park,316,The Little Mermaid - Ariel's Undersea Adventure,35,True,2026-04-11T02:30:52.000Z
2026-04-10 19:35:27,Disney California Adventure,Paradise Gardens Park,14742,World of Color Happiness!,0,True,2026-04-11T02:30:52.000Z
2026-04-10 19:35:27,Disney California Adventure,Pixar Pier,13960,Games of Pixar Pier,0,True,2026-04-11T02:30:52.000Z
2026-04-10 19:35:27,Disney California Adventure,Pixar Pier,322,Incredicoaster,0,False,2026-04-11T02:30:52.000Z
2026-04-10 19:35:27,Disney California Adventure,Pixar Pier,10906,Incredicoaster Single Rider,0,False,2026-04-11T02:30:52.000Z
2026-04-10 19:35:27,Disney California Adventure,Pixar Pier,6643,Inside Out Emotional Whirlwind,0,False,2026-04-11T02:30:52.000Z
2026-04-10 19:35:27,Disney California Adventure,Pixar Pier,310,Jessie's Critter Carousel,15,True,2026-04-11T02:30:52.000Z
2026-04-10 19:35:27,Disney California Adventure,Pixar Pier,300,Jumpin' Jellyfish,10,True,2026-04-11T02:30:52.000Z
2026-04-10 19:35:27,Disney California Adventure,Pixar Pier,311,Pixar Pal-A-Round - Swinging,30,True,2026-04-11T02:30:52.000Z
2026-04-10 19:35:27,Disney California Adventure,Pixar Pier,5557,Pixar Pal-A-Round – Non-Swinging,45,True,2026-04-11T02:30:52.000Z
2026-04-10 19:35:27,Disney California Adventure,Pixar Pier,313,Toy Story Midway Mania!,0,False,2026-04-11T02:30:52.000Z
2026-04-10 19:35:27,Disney California Adventure,San Fransokyo Square,13959,The Bakery Tour,0,True,2026-04-11T02:30:52.000Z
2026-04-10 19:40:24,Disneyland,Adventureland,12428,Adventureland Treehouse inspired by Walt Disney’s Swiss Family Robinson,0,True,2026-04-11T02:35:32.000Z
2026-04-10 19:40:24,Disneyland,Adventureland,326,Indiana Jones™ Adventure,65,True,2026-04-11T02:35:32.000Z
2026-04-10 19:40:24,Disneyland,Adventureland,296,Jungle Cruise,0,False,2026-04-11T02:35:32.000Z
2026-04-10 19:40:24,Disneyland,Adventureland,288,Walt Disney's Enchanted Tiki Room,0,True,2026-04-11T02:35:32.000Z
2026-04-10 19:40:24,Disneyland,Bayou Country,304,Davy Crockett's Explorer Canoes,0,False,2026-04-11T02:35:32.000Z
2026-04-10 19:40:24,Disneyland,Bayou Country,306,The Many Adventures of Winnie the Pooh,25,True,2026-04-11T02:35:32.000Z
2026-04-10 19:40:24,Disneyland,Bayou Country,14168,Tiana's Bayou Adventure,40,True,2026-04-11T02:35:32.000Z
2026-04-10 19:40:24,Disneyland,Bayou Country,14326,Tiana's Bayou Adventure Single Rider,0,True,2026-04-11T02:35:32.000Z
2026-04-10 19:40:24,Disneyland,Fantasyland,307,"""it's a small world""",10,True,2026-04-11T02:35:32.000Z
2026-04-10 19:40:24,Disneyland,Fantasyland,285,Alice in Wonderland,0,False,2026-04-11T02:35:32.000Z
2026-04-10 19:40:24,Disneyland,Fantasyland,303,Casey Jr. Circus Train,15,True,2026-04-11T02:35:32.000Z
2026-04-10 19:40:24,Disneyland,Fantasyland,275,Dumbo the Flying Elephant,30,True,2026-04-11T02:35:32.000Z
2026-04-10 19:40:24,Disneyland,Fantasyland,277,King Arthur Carrousel,5,True,2026-04-11T02:35:32.000Z
2026-04-10 19:40:24,Disneyland,Fantasyland,278,Mad Tea Party,20,True,2026-04-11T02:35:32.000Z
2026-04-10 19:40:24,Disneyland,Fantasyland,279,Matterhorn Bobsleds,35,True,2026-04-11T02:35:32.000Z
2026-04-10 19:40:24,Disneyland,Fantasyland,6711,Meet Disney Princesses at Royal Hall,0,False,2026-04-11T02:35:32.000Z
2026-04-10 19:40:24,Disneyland,Fantasyland,280,Mr. Toad's Wild Ride,20,True,2026-04-11T02:35:32.000Z
2026-04-10 19:40:24,Disneyland,Fantasyland,281,Peter Pan's Flight,35,True,2026-04-11T02:35:32.000Z
2026-04-10 19:40:24,Disneyland,Fantasyland,282,Pinocchio's Daring Journey,15,True,2026-04-11T02:35:32.000Z
2026-04-10 19:40:24,Disneyland,Fantasyland,687,Sleeping Beauty Castle Walkthrough,0,False,2026-04-11T02:35:32.000Z
2026-04-10 19:40:24,Disneyland,Fantasyland,283,Snow White's Enchanted Wish,10,True,2026-04-11T02:35:32.000Z
2026-04-10 19:40:24,Disneyland,Fantasyland,305,Storybook Land Canal Boats,20,True,2026-04-11T02:35:32.000Z
2026-04-10 19:40:24,Disneyland,Frontierland,323,Big Thunder Mountain Railroad,50,True,2026-04-11T02:35:32.000Z
2026-04-10 19:40:24,Disneyland,Frontierland,679,Frontierland Shootin' Exposition,0,True,2026-04-11T02:35:32.000Z
2026-04-10 19:40:24,Disneyland,Frontierland,456,Mark Twain Riverboat,0,False,2026-04-11T02:35:32.000Z
2026-04-10 19:40:24,Disneyland,Frontierland,331,Pirate's Lair on Tom Sawyer Island,0,False,2026-04-11T02:35:32.000Z
2026-04-10 19:40:24,Disneyland,Frontierland,328,Sailing Ship Columbia,0,False,2026-04-11T02:35:32.000Z
2026-04-10 19:40:24,Disneyland,Main Street U.S.A,674,Disneyland Railroad,10,True,2026-04-11T02:35:32.000Z
2026-04-10 19:40:24,Disneyland,Main Street U.S.A,690,Great Moments with Mr. Lincoln,0,False,2026-04-11T02:35:32.000Z
2026-04-10 19:40:24,Disneyland,Main Street U.S.A,686,Main Street Cinema,0,True,2026-04-11T02:35:32.000Z
2026-04-10 19:40:24,Disneyland,Main Street U.S.A,691,Main Street Vehicles,0,True,2026-04-11T02:35:32.000Z
2026-04-10 19:40:24,Disneyland,Main Street U.S.A,14915,Opera House - Walt Disney - A Magical Life,0,True,2026-04-11T02:35:32.000Z
2026-04-10 19:40:24,Disneyland,Main Street U.S.A,695,The Disney Gallery,0,True,2026-04-11T02:35:32.000Z
2026-04-10 19:40:24,Disneyland,Main Street U.S.A,14923,Walt Disney - A Magical Life,0,True,2026-04-11T02:35:32.000Z
2026-04-10 19:40:24,Disneyland,Mickey's Toontown,324,Chip 'n' Dale's GADGETcoaster,30,True,2026-04-11T02:35:32.000Z
2026-04-10 19:40:24,Disneyland,Mickey's Toontown,13814,Donald's Duck Pond,0,True,2026-04-11T02:35:32.000Z
2026-04-10 19:40:24,Disneyland,Mickey's Toontown,11980,Goofy's How-to-Play Yard,0,True,2026-04-11T02:35:32.000Z
2026-04-10 19:40:24,Disneyland,Mickey's Toontown,11526,Mickey & Minnie's Runaway Railway,40,True,2026-04-11T02:35:32.000Z
2026-04-10 19:40:24,Disneyland,Mickey's Toontown,709,Mickey's House and Meet Mickey Mouse,0,False,2026-04-11T02:35:32.000Z
2026-04-10 19:40:24,Disneyland,Mickey's Toontown,327,Mickey's House and Meet Mickey Mouse,0,False,2026-04-11T02:35:32.000Z
2026-04-10 19:40:24,Disneyland,Mickey's Toontown,684,Minnie's House,0,True,2026-04-11T02:35:32.000Z
2026-04-10 19:40:24,Disneyland,Mickey's Toontown,332,Roger Rabbit's Car Toon Spin,0,False,2026-04-11T02:35:32.000Z
2026-04-10 19:40:24,Disneyland,New Orleans Square,13958,Haunted Mansion,35,True,2026-04-11T02:35:32.000Z
2026-04-10 19:40:24,Disneyland,New Orleans Square,289,Pirates of the Caribbean,15,True,2026-04-11T02:35:32.000Z
2026-04-10 19:40:24,Disneyland,Star Wars: Galaxy's Edge,6339,Millennium Falcon: Smugglers Run,40,True,2026-04-11T02:35:32.000Z
2026-04-10 19:40:24,Disneyland,Star Wars: Galaxy's Edge,10903,Millennium Falcon: Smugglers Run Single Rider,0,True,2026-04-11T02:35:32.000Z
2026-04-10 19:40:24,Disneyland,Star Wars: Galaxy's Edge,6340,Star Wars: Rise of the Resistance,75,True,2026-04-11T02:35:32.000Z
2026-04-10 19:40:24,Disneyland,Tomorrowland,287,Astro Orbitor,25,True,2026-04-11T02:35:32.000Z
2026-04-10 19:40:24,Disneyland,Tomorrowland,317,Autopia,35,True,2026-04-11T02:35:32.000Z
2026-04-10 19:40:24,Disneyland,Tomorrowland,273,Buzz Lightyear Astro Blasters,35,True,2026-04-11T02:35:32.000Z
2026-04-10 19:40:24,Disneyland,Tomorrowland,274,Disneyland Monorail,0,False,2026-04-11T02:35:32.000Z
2026-04-10 19:40:24,Disneyland,Tomorrowland,276,Finding Nemo Submarine Voyage,20,True,2026-04-11T02:35:32.000Z
2026-04-10 19:40:24,Disneyland,Tomorrowland,284,Space Mountain,70,True,2026-04-11T02:35:32.000Z
2026-04-10 19:40:24,Disneyland,Tomorrowland,286,Star Tours - The Adventures Continue,20,True,2026-04-11T02:35:32.000Z
2026-04-10 19:40:24,Disney California Adventure,Avengers Campus,329,Guardians of the Galaxy - Mission: BREAKOUT!,125,True,2026-04-11T02:35:32.000Z
2026-04-10 19:40:24,Disney California Adventure,Avengers Campus,8843,WEB SLINGERS: A Spider-Man Adventure,60,True,2026-04-11T02:35:32.000Z
2026-04-10 19:40:24,Disney California Adventure,Avengers Campus,10907,WEB SLINGERS: A Spider-Man Adventure Single Rider,0,True,2026-04-11T02:35:32.000Z
2026-04-10 19:40:24,Disney California Adventure,Cars Land,13961,Luigi's Rollickin' Roadsters,45,True,2026-04-11T02:35:32.000Z
2026-04-10 19:40:24,Disney California Adventure,Cars Land,315,Mater's Junkyard Jamboree,30,True,2026-04-11T02:35:32.000Z
2026-04-10 19:40:24,Disney California Adventure,Cars Land,295,Radiator Springs Racers,90,True,2026-04-11T02:35:32.000Z
2026-04-10 19:40:24,Disney California Adventure,Cars Land,10904,Radiator Springs Racers Single Rider,0,True,2026-04-11T02:35:32.000Z
2026-04-10 19:40:24,Disney California Adventure,Grizzly Peak,302,Grizzly River Run,30,True,2026-04-11T02:35:32.000Z
2026-04-10 19:40:24,Disney California Adventure,Grizzly Peak,293,Redwood Creek Challenge Trail,5,True,2026-04-11T02:35:32.000Z
2026-04-10 19:40:24,Disney California Adventure,Grizzly Peak,312,Soarin' Over California,80,True,2026-04-11T02:35:32.000Z
2026-04-10 19:40:24,Disney California Adventure,Hollywood Land,321,Animation Academy,0,True,2026-04-11T02:35:32.000Z
2026-04-10 19:40:24,Disney California Adventure,Hollywood Land,6440,Mickey's PhilharMagic,10,True,2026-04-11T02:35:32.000Z
2026-04-10 19:40:24,Disney California Adventure,Hollywood Land,291,"Monsters, Inc. Mike & Sulley to the Rescue!",60,True,2026-04-11T02:35:32.000Z
2026-04-10 19:40:24,Disney California Adventure,Hollywood Land,868,Sorcerer's Workshop,0,False,2026-04-11T02:35:32.000Z
2026-04-10 19:40:24,Disney California Adventure,Hollywood Land,294,Turtle Talk with Crush,0,True,2026-04-11T02:35:32.000Z
2026-04-10 19:40:24,Disney California Adventure,Paradise Gardens Park,298,Golden Zephyr,20,True,2026-04-11T02:35:32.000Z
2026-04-10 19:40:24,Disney California Adventure,Paradise Gardens Park,319,Goofy's Sky School,75,True,2026-04-11T02:35:32.000Z
2026-04-10 19:40:24,Disney California Adventure,Paradise Gardens Park,301,Silly Symphony Swings,25,True,2026-04-11T02:35:32.000Z
2026-04-10 19:40:24,Disney California Adventure,Paradise Gardens Park,10905,Silly Symphony Swings Single Rider,0,True,2026-04-11T02:35:32.000Z
2026-04-10 19:40:24,Disney California Adventure,Paradise Gardens Park,316,The Little Mermaid - Ariel's Undersea Adventure,35,True,2026-04-11T02:35:32.000Z
2026-04-10 19:40:24,Disney California Adventure,Paradise Gardens Park,14742,World of Color Happiness!,0,True,2026-04-11T02:35:32.000Z
2026-04-10 19:40:24,Disney California Adventure,Pixar Pier,13960,Games of Pixar Pier,0,True,2026-04-11T02:35:32.000Z
2026-04-10 19:40:24,Disney California Adventure,Pixar Pier,322,Incredicoaster,0,False,2026-04-11T02:35:32.000Z
2026-04-10 19:40:24,Disney California Adventure,Pixar Pier,10906,Incredicoaster Single Rider,0,False,2026-04-11T02:35:32.000Z
2026-04-10 19:40:24,Disney California Adventure,Pixar Pier,6643,Inside Out Emotional Whirlwind,0,False,2026-04-11T02:35:32.000Z
2026-04-10 19:40:24,Disney California Adventure,Pixar Pier,310,Jessie's Critter Carousel,15,True,2026-04-11T02:35:32.000Z
2026-04-10 19:40:24,Disney California Adventure,Pixar Pier,300,Jumpin' Jellyfish,10,True,2026-04-11T02:35:32.000Z
2026-04-10 19:40:24,Disney California Adventure,Pixar Pier,311,Pixar Pal-A-Round - Swinging,0,False,2026-04-11T02:35:32.000Z
2026-04-10 19:40:24,Disney California Adventure,Pixar Pier,5557,Pixar Pal-A-Round – Non-Swinging,0,False,2026-04-11T02:35:32.000Z
2026-04-10 19:40:24,Disney California Adventure,Pixar Pier,313,Toy Story Midway Mania!,0,False,2026-04-11T02:35:32.000Z
2026-04-10 19:40:24,Disney California Adventure,San Fransokyo Square,13959,The Bakery Tour,0,True,2026-04-11T02:35:32.000Z
2026-04-10 19:45:29,Disneyland,Adventureland,12428,Adventureland Treehouse inspired by Walt Disney’s Swiss Family Robinson,0,True,2026-04-11T02:40:31.000Z
2026-04-10 19:45:29,Disneyland,Adventureland,326,Indiana Jones™ Adventure,65,True,2026-04-11T02:40:31.000Z
2026-04-10 19:45:29,Disneyland,Adventureland,296,Jungle Cruise,0,False,2026-04-11T02:40:31.000Z
2026-04-10 19:45:29,Disneyland,Adventureland,288,Walt Disney's Enchanted Tiki Room,0,True,2026-04-11T02:40:31.000Z
2026-04-10 19:45:29,Disneyland,Bayou Country,304,Davy Crockett's Explorer Canoes,0,False,2026-04-11T02:40:31.000Z
2026-04-10 19:45:29,Disneyland,Bayou Country,306,The Many Adventures of Winnie the Pooh,25,True,2026-04-11T02:40:31.000Z
2026-04-10 19:45:29,Disneyland,Bayou Country,14168,Tiana's Bayou Adventure,40,True,2026-04-11T02:40:31.000Z
2026-04-10 19:45:29,Disneyland,Bayou Country,14326,Tiana's Bayou Adventure Single Rider,0,True,2026-04-11T02:40:31.000Z
2026-04-10 19:45:29,Disneyland,Fantasyland,307,"""it's a small world""",10,True,2026-04-11T02:40:31.000Z
2026-04-10 19:45:29,Disneyland,Fantasyland,285,Alice in Wonderland,0,False,2026-04-11T02:40:31.000Z
2026-04-10 19:45:29,Disneyland,Fantasyland,303,Casey Jr. Circus Train,15,True,2026-04-11T02:40:31.000Z
2026-04-10 19:45:29,Disneyland,Fantasyland,275,Dumbo the Flying Elephant,30,True,2026-04-11T02:40:31.000Z
2026-04-10 19:45:29,Disneyland,Fantasyland,277,King Arthur Carrousel,5,True,2026-04-11T02:40:31.000Z
2026-04-10 19:45:29,Disneyland,Fantasyland,278,Mad Tea Party,20,True,2026-04-11T02:40:31.000Z
2026-04-10 19:45:29,Disneyland,Fantasyland,279,Matterhorn Bobsleds,0,False,2026-04-11T02:40:31.000Z
2026-04-10 19:45:29,Disneyland,Fantasyland,6711,Meet Disney Princesses at Royal Hall,0,False,2026-04-11T02:40:31.000Z
2026-04-10 19:45:29,Disneyland,Fantasyland,280,Mr. Toad's Wild Ride,20,True,2026-04-11T02:40:31.000Z
2026-04-10 19:45:29,Disneyland,Fantasyland,281,Peter Pan's Flight,35,True,2026-04-11T02:40:31.000Z
2026-04-10 19:45:29,Disneyland,Fantasyland,282,Pinocchio's Daring Journey,15,True,2026-04-11T02:40:31.000Z
2026-04-10 19:45:29,Disneyland,Fantasyland,687,Sleeping Beauty Castle Walkthrough,0,False,2026-04-11T02:40:31.000Z
2026-04-10 19:45:29,Disneyland,Fantasyland,283,Snow White's Enchanted Wish,15,True,2026-04-11T02:40:31.000Z
2026-04-10 19:45:29,Disneyland,Fantasyland,305,Storybook Land Canal Boats,20,True,2026-04-11T02:40:31.000Z
2026-04-10 19:45:29,Disneyland,Frontierland,323,Big Thunder Mountain Railroad,55,True,2026-04-11T02:40:31.000Z
2026-04-10 19:45:29,Disneyland,Frontierland,679,Frontierland Shootin' Exposition,0,True,2026-04-11T02:40:31.000Z
2026-04-10 19:45:29,Disneyland,Frontierland,456,Mark Twain Riverboat,0,False,2026-04-11T02:40:31.000Z
2026-04-10 19:45:29,Disneyland,Frontierland,331,Pirate's Lair on Tom Sawyer Island,0,False,2026-04-11T02:40:31.000Z
2026-04-10 19:45:29,Disneyland,Frontierland,328,Sailing Ship Columbia,0,False,2026-04-11T02:40:31.000Z
2026-04-10 19:45:29,Disneyland,Main Street U.S.A,674,Disneyland Railroad,10,True,2026-04-11T02:40:31.000Z
2026-04-10 19:45:29,Disneyland,Main Street U.S.A,690,Great Moments with Mr. Lincoln,0,False,2026-04-11T02:40:31.000Z
2026-04-10 19:45:29,Disneyland,Main Street U.S.A,686,Main Street Cinema,0,True,2026-04-11T02:40:31.000Z
2026-04-10 19:45:29,Disneyland,Main Street U.S.A,691,Main Street Vehicles,0,True,2026-04-11T02:40:31.000Z
2026-04-10 19:45:29,Disneyland,Main Street U.S.A,14915,Opera House - Walt Disney - A Magical Life,0,True,2026-04-11T02:40:31.000Z
2026-04-10 19:45:29,Disneyland,Main Street U.S.A,695,The Disney Gallery,0,True,2026-04-11T02:40:31.000Z
2026-04-10 19:45:29,Disneyland,Main Street U.S.A,14923,Walt Disney - A Magical Life,0,True,2026-04-11T02:40:31.000Z
2026-04-10 19:45:29,Disneyland,Mickey's Toontown,324,Chip 'n' Dale's GADGETcoaster,30,True,2026-04-11T02:40:31.000Z
2026-04-10 19:45:29,Disneyland,Mickey's Toontown,13814,Donald's Duck Pond,0,True,2026-04-11T02:40:31.000Z
2026-04-10 19:45:29,Disneyland,Mickey's Toontown,11980,Goofy's How-to-Play Yard,0,True,2026-04-11T02:40:31.000Z
2026-04-10 19:45:29,Disneyland,Mickey's Toontown,11526,Mickey & Minnie's Runaway Railway,40,True,2026-04-11T02:40:31.000Z
2026-04-10 19:45:29,Disneyland,Mickey's Toontown,709,Mickey's House and Meet Mickey Mouse,0,False,2026-04-11T02:40:31.000Z
2026-04-10 19:45:29,Disneyland,Mickey's Toontown,327,Mickey's House and Meet Mickey Mouse,0,False,2026-04-11T02:40:31.000Z
2026-04-10 19:45:29,Disneyland,Mickey's Toontown,684,Minnie's House,0,True,2026-04-11T02:40:31.000Z
2026-04-10 19:45:29,Disneyland,Mickey's Toontown,332,Roger Rabbit's Car Toon Spin,0,False,2026-04-11T02:40:31.000Z
2026-04-10 19:45:29,Disneyland,New Orleans Square,13958,Haunted Mansion,35,True,2026-04-11T02:40:31.000Z
2026-04-10 19:45:29,Disneyland,New Orleans Square,289,Pirates of the Caribbean,25,True,2026-04-11T02:40:31.000Z
2026-04-10 19:45:29,Disneyland,Star Wars: Galaxy's Edge,6339,Millennium Falcon: Smugglers Run,40,True,2026-04-11T02:40:31.000Z
2026-04-10 19:45:29,Disneyland,Star Wars: Galaxy's Edge,10903,Millennium Falcon: Smugglers Run Single Rider,0,True,2026-04-11T02:40:31.000Z
2026-04-10 19:45:29,Disneyland,Star Wars: Galaxy's Edge,6340,Star Wars: Rise of the Resistance,75,True,2026-04-11T02:40:31.000Z
2026-04-10 19:45:29,Disneyland,Tomorrowland,287,Astro Orbitor,25,True,2026-04-11T02:40:31.000Z
2026-04-10 19:45:29,Disneyland,Tomorrowland,317,Autopia,35,True,2026-04-11T02:40:31.000Z
2026-04-10 19:45:29,Disneyland,Tomorrowland,273,Buzz Lightyear Astro Blasters,25,True,2026-04-11T02:40:31.000Z
2026-04-10 19:45:29,Disneyland,Tomorrowland,274,Disneyland Monorail,0,False,2026-04-11T02:40:31.000Z
2026-04-10 19:45:29,Disneyland,Tomorrowland,276,Finding Nemo Submarine Voyage,20,True,2026-04-11T02:40:31.000Z
2026-04-10 19:45:29,Disneyland,Tomorrowland,284,Space Mountain,65,True,2026-04-11T02:40:31.000Z
2026-04-10 19:45:29,Disneyland,Tomorrowland,286,Star Tours - The Adventures Continue,15,True,2026-04-11T02:40:31.000Z
2026-04-10 19:45:30,Disney California Adventure,Avengers Campus,329,Guardians of the Galaxy - Mission: BREAKOUT!,125,True,2026-04-11T02:40:43.000Z
2026-04-10 19:45:30,Disney California Adventure,Avengers Campus,8843,WEB SLINGERS: A Spider-Man Adventure,60,True,2026-04-11T02:40:43.000Z
2026-04-10 19:45:30,Disney California Adventure,Avengers Campus,10907,WEB SLINGERS: A Spider-Man Adventure Single Rider,0,True,2026-04-11T02:40:43.000Z
2026-04-10 19:45:30,Disney California Adventure,Cars Land,13961,Luigi's Rollickin' Roadsters,40,True,2026-04-11T02:40:43.000Z
2026-04-10 19:45:30,Disney California Adventure,Cars Land,315,Mater's Junkyard Jamboree,30,True,2026-04-11T02:40:43.000Z
2026-04-10 19:45:30,Disney California Adventure,Cars Land,295,Radiator Springs Racers,90,True,2026-04-11T02:40:43.000Z
2026-04-10 19:45:30,Disney California Adventure,Cars Land,10904,Radiator Springs Racers Single Rider,0,True,2026-04-11T02:40:43.000Z
2026-04-10 19:45:30,Disney California Adventure,Grizzly Peak,302,Grizzly River Run,30,True,2026-04-11T02:40:43.000Z
2026-04-10 19:45:30,Disney California Adventure,Grizzly Peak,293,Redwood Creek Challenge Trail,5,True,2026-04-11T02:40:43.000Z
2026-04-10 19:45:30,Disney California Adventure,Grizzly Peak,312,Soarin' Over California,80,True,2026-04-11T02:40:43.000Z
2026-04-10 19:45:30,Disney California Adventure,Hollywood Land,321,Animation Academy,0,True,2026-04-11T02:40:43.000Z
2026-04-10 19:45:30,Disney California Adventure,Hollywood Land,6440,Mickey's PhilharMagic,10,True,2026-04-11T02:40:43.000Z
2026-04-10 19:45:30,Disney California Adventure,Hollywood Land,291,"Monsters, Inc. Mike & Sulley to the Rescue!",60,True,2026-04-11T02:40:43.000Z
2026-04-10 19:45:30,Disney California Adventure,Hollywood Land,868,Sorcerer's Workshop,0,False,2026-04-11T02:40:43.000Z
2026-04-10 19:45:30,Disney California Adventure,Hollywood Land,294,Turtle Talk with Crush,0,True,2026-04-11T02:40:43.000Z
2026-04-10 19:45:30,Disney California Adventure,Paradise Gardens Park,298,Golden Zephyr,20,True,2026-04-11T02:40:43.000Z
2026-04-10 19:45:30,Disney California Adventure,Paradise Gardens Park,319,Goofy's Sky School,75,True,2026-04-11T02:40:43.000Z
2026-04-10 19:45:30,Disney California Adventure,Paradise Gardens Park,301,Silly Symphony Swings,25,True,2026-04-11T02:40:43.000Z
2026-04-10 19:45:30,Disney California Adventure,Paradise Gardens Park,10905,Silly Symphony Swings Single Rider,0,True,2026-04-11T02:40:43.000Z
2026-04-10 19:45:30,Disney California Adventure,Paradise Gardens Park,316,The Little Mermaid - Ariel's Undersea Adventure,35,True,2026-04-11T02:40:43.000Z
2026-04-10 19:45:30,Disney California Adventure,Paradise Gardens Park,14742,World of Color Happiness!,0,True,2026-04-11T02:40:43.000Z
2026-04-10 19:45:30,Disney California Adventure,Pixar Pier,13960,Games of Pixar Pier,0,True,2026-04-11T02:40:43.000Z
2026-04-10 19:45:30,Disney California Adventure,Pixar Pier,322,Incredicoaster,0,False,2026-04-11T02:40:43.000Z
2026-04-10 19:45:30,Disney California Adventure,Pixar Pier,10906,Incredicoaster Single Rider,0,False,2026-04-11T02:40:43.000Z
2026-04-10 19:45:30,Disney California Adventure,Pixar Pier,6643,Inside Out Emotional Whirlwind,0,False,2026-04-11T02:40:43.000Z
2026-04-10 19:45:30,Disney California Adventure,Pixar Pier,310,Jessie's Critter Carousel,15,True,2026-04-11T02:40:43.000Z
2026-04-10 19:45:30,Disney California Adventure,Pixar Pier,300,Jumpin' Jellyfish,10,True,2026-04-11T02:40:43.000Z
2026-04-10 19:45:30,Disney California Adventure,Pixar Pier,311,Pixar Pal-A-Round - Swinging,0,False,2026-04-11T02:40:43.000Z
2026-04-10 19:45:30,Disney California Adventure,Pixar Pier,5557,Pixar Pal-A-Round – Non-Swinging,0,False,2026-04-11T02:40:43.000Z
2026-04-10 19:45:30,Disney California Adventure,Pixar Pier,313,Toy Story Midway Mania!,0,False,2026-04-11T02:40:43.000Z
2026-04-10 19:45:30,Disney California Adventure,San Fransokyo Square,13959,The Bakery Tour,0,True,2026-04-11T02:40:43.000Z
2026-04-10 19:50:25,Disneyland,Adventureland,12428,Adventureland Treehouse inspired by Walt Disney’s Swiss Family Robinson,0,True,2026-04-11T02:45:29.000Z
2026-04-10 19:50:25,Disneyland,Adventureland,326,Indiana Jones™ Adventure,55,True,2026-04-11T02:45:29.000Z
2026-04-10 19:50:25,Disneyland,Adventureland,296,Jungle Cruise,0,False,2026-04-11T02:45:29.000Z
2026-04-10 19:50:25,Disneyland,Adventureland,288,Walt Disney's Enchanted Tiki Room,0,True,2026-04-11T02:45:29.000Z
2026-04-10 19:50:25,Disneyland,Bayou Country,304,Davy Crockett's Explorer Canoes,0,False,2026-04-11T02:45:29.000Z
2026-04-10 19:50:25,Disneyland,Bayou Country,306,The Many Adventures of Winnie the Pooh,25,True,2026-04-11T02:45:29.000Z
2026-04-10 19:50:25,Disneyland,Bayou Country,14168,Tiana's Bayou Adventure,40,True,2026-04-11T02:45:29.000Z
2026-04-10 19:50:25,Disneyland,Bayou Country,14326,Tiana's Bayou Adventure Single Rider,0,True,2026-04-11T02:45:29.000Z
2026-04-10 19:50:25,Disneyland,Fantasyland,307,"""it's a small world""",10,True,2026-04-11T02:45:29.000Z
2026-04-10 19:50:25,Disneyland,Fantasyland,285,Alice in Wonderland,30,True,2026-04-11T02:45:29.000Z
2026-04-10 19:50:25,Disneyland,Fantasyland,303,Casey Jr. Circus Train,15,True,2026-04-11T02:45:29.000Z
2026-04-10 19:50:25,Disneyland,Fantasyland,275,Dumbo the Flying Elephant,15,True,2026-04-11T02:45:29.000Z
2026-04-10 19:50:25,Disneyland,Fantasyland,277,King Arthur Carrousel,5,True,2026-04-11T02:45:29.000Z
2026-04-10 19:50:25,Disneyland,Fantasyland,278,Mad Tea Party,10,True,2026-04-11T02:45:29.000Z
2026-04-10 19:50:25,Disneyland,Fantasyland,279,Matterhorn Bobsleds,0,False,2026-04-11T02:45:29.000Z
2026-04-10 19:50:25,Disneyland,Fantasyland,6711,Meet Disney Princesses at Royal Hall,0,False,2026-04-11T02:45:29.000Z
2026-04-10 19:50:25,Disneyland,Fantasyland,280,Mr. Toad's Wild Ride,20,True,2026-04-11T02:45:29.000Z
2026-04-10 19:50:25,Disneyland,Fantasyland,281,Peter Pan's Flight,35,True,2026-04-11T02:45:29.000Z
2026-04-10 19:50:25,Disneyland,Fantasyland,282,Pinocchio's Daring Journey,15,True,2026-04-11T02:45:29.000Z
2026-04-10 19:50:25,Disneyland,Fantasyland,687,Sleeping Beauty Castle Walkthrough,0,False,2026-04-11T02:45:29.000Z
2026-04-10 19:50:25,Disneyland,Fantasyland,283,Snow White's Enchanted Wish,15,True,2026-04-11T02:45:29.000Z
2026-04-10 19:50:25,Disneyland,Fantasyland,305,Storybook Land Canal Boats,20,True,2026-04-11T02:45:29.000Z
2026-04-10 19:50:25,Disneyland,Frontierland,323,Big Thunder Mountain Railroad,55,True,2026-04-11T02:45:29.000Z
2026-04-10 19:50:25,Disneyland,Frontierland,679,Frontierland Shootin' Exposition,0,True,2026-04-11T02:45:29.000Z
2026-04-10 19:50:25,Disneyland,Frontierland,456,Mark Twain Riverboat,0,False,2026-04-11T02:45:29.000Z
2026-04-10 19:50:25,Disneyland,Frontierland,331,Pirate's Lair on Tom Sawyer Island,0,False,2026-04-11T02:45:29.000Z
2026-04-10 19:50:25,Disneyland,Frontierland,328,Sailing Ship Columbia,0,False,2026-04-11T02:45:29.000Z
2026-04-10 19:50:25,Disneyland,Main Street U.S.A,674,Disneyland Railroad,10,True,2026-04-11T02:45:29.000Z
2026-04-10 19:50:25,Disneyland,Main Street U.S.A,690,Great Moments with Mr. Lincoln,0,False,2026-04-11T02:45:29.000Z
2026-04-10 19:50:25,Disneyland,Main Street U.S.A,686,Main Street Cinema,0,True,2026-04-11T02:45:29.000Z
2026-04-10 19:50:25,Disneyland,Main Street U.S.A,691,Main Street Vehicles,0,True,2026-04-11T02:45:29.000Z
2026-04-10 19:50:25,Disneyland,Main Street U.S.A,14915,Opera House - Walt Disney - A Magical Life,0,True,2026-04-11T02:45:29.000Z
2026-04-10 19:50:25,Disneyland,Main Street U.S.A,695,The Disney Gallery,0,True,2026-04-11T02:45:29.000Z
2026-04-10 19:50:25,Disneyland,Main Street U.S.A,14923,Walt Disney - A Magical Life,0,True,2026-04-11T02:45:29.000Z
2026-04-10 19:50:25,Disneyland,Mickey's Toontown,324,Chip 'n' Dale's GADGETcoaster,30,True,2026-04-11T02:45:29.000Z
2026-04-10 19:50:25,Disneyland,Mickey's Toontown,13814,Donald's Duck Pond,0,True,2026-04-11T02:45:29.000Z
2026-04-10 19:50:25,Disneyland,Mickey's Toontown,11980,Goofy's How-to-Play Yard,0,True,2026-04-11T02:45:29.000Z
2026-04-10 19:50:25,Disneyland,Mickey's Toontown,11526,Mickey & Minnie's Runaway Railway,40,True,2026-04-11T02:45:29.000Z
2026-04-10 19:50:25,Disneyland,Mickey's Toontown,709,Mickey's House and Meet Mickey Mouse,0,False,2026-04-11T02:45:29.000Z
2026-04-10 19:50:25,Disneyland,Mickey's Toontown,327,Mickey's House and Meet Mickey Mouse,0,False,2026-04-11T02:45:29.000Z
2026-04-10 19:50:25,Disneyland,Mickey's Toontown,684,Minnie's House,0,True,2026-04-11T02:45:29.000Z
2026-04-10 19:50:25,Disneyland,Mickey's Toontown,332,Roger Rabbit's Car Toon Spin,0,False,2026-04-11T02:45:29.000Z
2026-04-10 19:50:25,Disneyland,New Orleans Square,13958,Haunted Mansion,45,True,2026-04-11T02:45:29.000Z
2026-04-10 19:50:25,Disneyland,New Orleans Square,289,Pirates of the Caribbean,30,True,2026-04-11T02:45:29.000Z
2026-04-10 19:50:25,Disneyland,Star Wars: Galaxy's Edge,6339,Millennium Falcon: Smugglers Run,40,True,2026-04-11T02:45:29.000Z
2026-04-10 19:50:25,Disneyland,Star Wars: Galaxy's Edge,10903,Millennium Falcon: Smugglers Run Single Rider,0,True,2026-04-11T02:45:29.000Z
2026-04-10 19:50:25,Disneyland,Star Wars: Galaxy's Edge,6340,Star Wars: Rise of the Resistance,75,True,2026-04-11T02:45:29.000Z
2026-04-10 19:50:25,Disneyland,Tomorrowland,287,Astro Orbitor,25,True,2026-04-11T02:45:29.000Z
2026-04-10 19:50:25,Disneyland,Tomorrowland,317,Autopia,35,True,2026-04-11T02:45:29.000Z
2026-04-10 19:50:25,Disneyland,Tomorrowland,273,Buzz Lightyear Astro Blasters,25,True,2026-04-11T02:45:29.000Z
2026-04-10 19:50:25,Disneyland,Tomorrowland,274,Disneyland Monorail,0,False,2026-04-11T02:45:29.000Z
2026-04-10 19:50:25,Disneyland,Tomorrowland,276,Finding Nemo Submarine Voyage,20,True,2026-04-11T02:45:29.000Z
2026-04-10 19:50:25,Disneyland,Tomorrowland,284,Space Mountain,65,True,2026-04-11T02:45:29.000Z
2026-04-10 19:50:25,Disneyland,Tomorrowland,286,Star Tours - The Adventures Continue,15,True,2026-04-11T02:45:29.000Z
2026-04-10 19:50:25,Disney California Adventure,Avengers Campus,329,Guardians of the Galaxy - Mission: BREAKOUT!,125,True,2026-04-11T02:45:40.000Z
2026-04-10 19:50:25,Disney California Adventure,Avengers Campus,8843,WEB SLINGERS: A Spider-Man Adventure,60,True,2026-04-11T02:45:40.000Z
2026-04-10 19:50:25,Disney California Adventure,Avengers Campus,10907,WEB SLINGERS: A Spider-Man Adventure Single Rider,0,True,2026-04-11T02:45:40.000Z
2026-04-10 19:50:25,Disney California Adventure,Cars Land,13961,Luigi's Rollickin' Roadsters,40,True,2026-04-11T02:45:40.000Z
2026-04-10 19:50:25,Disney California Adventure,Cars Land,315,Mater's Junkyard Jamboree,30,True,2026-04-11T02:45:40.000Z
2026-04-10 19:50:25,Disney California Adventure,Cars Land,295,Radiator Springs Racers,90,True,2026-04-11T02:45:40.000Z
2026-04-10 19:50:25,Disney California Adventure,Cars Land,10904,Radiator Springs Racers Single Rider,0,True,2026-04-11T02:45:40.000Z
2026-04-10 19:50:25,Disney California Adventure,Grizzly Peak,302,Grizzly River Run,20,True,2026-04-11T02:45:40.000Z
2026-04-10 19:50:25,Disney California Adventure,Grizzly Peak,293,Redwood Creek Challenge Trail,5,True,2026-04-11T02:45:40.000Z
2026-04-10 19:50:25,Disney California Adventure,Grizzly Peak,312,Soarin' Over California,80,True,2026-04-11T02:45:40.000Z
2026-04-10 19:50:25,Disney California Adventure,Hollywood Land,321,Animation Academy,0,True,2026-04-11T02:45:40.000Z
2026-04-10 19:50:25,Disney California Adventure,Hollywood Land,6440,Mickey's PhilharMagic,10,True,2026-04-11T02:45:40.000Z
2026-04-10 19:50:25,Disney California Adventure,Hollywood Land,291,"Monsters, Inc. Mike & Sulley to the Rescue!",60,True,2026-04-11T02:45:40.000Z
2026-04-10 19:50:25,Disney California Adventure,Hollywood Land,868,Sorcerer's Workshop,0,False,2026-04-11T02:45:40.000Z
2026-04-10 19:50:25,Disney California Adventure,Hollywood Land,294,Turtle Talk with Crush,0,True,2026-04-11T02:45:40.000Z
2026-04-10 19:50:25,Disney California Adventure,Paradise Gardens Park,298,Golden Zephyr,20,True,2026-04-11T02:45:40.000Z
2026-04-10 19:50:25,Disney California Adventure,Paradise Gardens Park,319,Goofy's Sky School,50,True,2026-04-11T02:45:40.000Z
2026-04-10 19:50:25,Disney California Adventure,Paradise Gardens Park,301,Silly Symphony Swings,0,False,2026-04-11T02:45:40.000Z
2026-04-10 19:50:25,Disney California Adventure,Paradise Gardens Park,10905,Silly Symphony Swings Single Rider,0,False,2026-04-11T02:45:40.000Z
2026-04-10 19:50:25,Disney California Adventure,Paradise Gardens Park,316,The Little Mermaid - Ariel's Undersea Adventure,35,True,2026-04-11T02:45:40.000Z
2026-04-10 19:50:25,Disney California Adventure,Paradise Gardens Park,14742,World of Color Happiness!,0,True,2026-04-11T02:45:40.000Z
2026-04-10 19:50:25,Disney California Adventure,Pixar Pier,13960,Games of Pixar Pier,0,True,2026-04-11T02:45:40.000Z
2026-04-10 19:50:25,Disney California Adventure,Pixar Pier,322,Incredicoaster,0,False,2026-04-11T02:45:40.000Z
2026-04-10 19:50:25,Disney California Adventure,Pixar Pier,10906,Incredicoaster Single Rider,0,False,2026-04-11T02:45:40.000Z
2026-04-10 19:50:25,Disney California Adventure,Pixar Pier,6643,Inside Out Emotional Whirlwind,0,False,2026-04-11T02:45:40.000Z
2026-04-10 19:50:25,Disney California Adventure,Pixar Pier,310,Jessie's Critter Carousel,15,True,2026-04-11T02:45:40.000Z
2026-04-10 19:50:25,Disney California Adventure,Pixar Pier,300,Jumpin' Jellyfish,10,True,2026-04-11T02:45:40.000Z
2026-04-10 19:50:25,Disney California Adventure,Pixar Pier,311,Pixar Pal-A-Round - Swinging,0,False,2026-04-11T02:45:40.000Z
2026-04-10 19:50:25,Disney California Adventure,Pixar Pier,5557,Pixar Pal-A-Round – Non-Swinging,0,False,2026-04-11T02:45:40.000Z
2026-04-10 19:50:25,Disney California Adventure,Pixar Pier,313,Toy Story Midway Mania!,0,False,2026-04-11T02:45:40.000Z
2026-04-10 19:50:25,Disney California Adventure,San Fransokyo Square,13959,The Bakery Tour,0,True,2026-04-11T02:45:40.000Z
2026-04-10 19:55:26,Disneyland,Adventureland,12428,Adventureland Treehouse inspired by Walt Disney’s Swiss Family Robinson,0,True,2026-04-11T02:50:31.000Z
2026-04-10 19:55:26,Disneyland,Adventureland,326,Indiana Jones™ Adventure,60,True,2026-04-11T02:50:31.000Z
2026-04-10 19:55:26,Disneyland,Adventureland,296,Jungle Cruise,0,False,2026-04-11T02:50:31.000Z
2026-04-10 19:55:26,Disneyland,Adventureland,288,Walt Disney's Enchanted Tiki Room,0,True,2026-04-11T02:50:31.000Z
2026-04-10 19:55:26,Disneyland,Bayou Country,304,Davy Crockett's Explorer Canoes,0,False,2026-04-11T02:50:31.000Z
2026-04-10 19:55:26,Disneyland,Bayou Country,306,The Many Adventures of Winnie the Pooh,25,True,2026-04-11T02:50:31.000Z
2026-04-10 19:55:26,Disneyland,Bayou Country,14168,Tiana's Bayou Adventure,40,True,2026-04-11T02:50:31.000Z
2026-04-10 19:55:26,Disneyland,Bayou Country,14326,Tiana's Bayou Adventure Single Rider,0,True,2026-04-11T02:50:31.000Z
2026-04-10 19:55:26,Disneyland,Fantasyland,307,"""it's a small world""",10,True,2026-04-11T02:50:31.000Z
2026-04-10 19:55:26,Disneyland,Fantasyland,285,Alice in Wonderland,30,True,2026-04-11T02:50:31.000Z
2026-04-10 19:55:26,Disneyland,Fantasyland,303,Casey Jr. Circus Train,15,True,2026-04-11T02:50:31.000Z
2026-04-10 19:55:26,Disneyland,Fantasyland,275,Dumbo the Flying Elephant,40,True,2026-04-11T02:50:31.000Z
2026-04-10 19:55:26,Disneyland,Fantasyland,277,King Arthur Carrousel,5,True,2026-04-11T02:50:31.000Z
2026-04-10 19:55:26,Disneyland,Fantasyland,278,Mad Tea Party,10,True,2026-04-11T02:50:31.000Z
2026-04-10 19:55:26,Disneyland,Fantasyland,279,Matterhorn Bobsleds,0,False,2026-04-11T02:50:31.000Z
2026-04-10 19:55:26,Disneyland,Fantasyland,6711,Meet Disney Princesses at Royal Hall,0,False,2026-04-11T02:50:31.000Z
2026-04-10 19:55:26,Disneyland,Fantasyland,280,Mr. Toad's Wild Ride,20,True,2026-04-11T02:50:31.000Z
2026-04-10 19:55:26,Disneyland,Fantasyland,281,Peter Pan's Flight,35,True,2026-04-11T02:50:31.000Z
2026-04-10 19:55:26,Disneyland,Fantasyland,282,Pinocchio's Daring Journey,15,True,2026-04-11T02:50:31.000Z
2026-04-10 19:55:26,Disneyland,Fantasyland,687,Sleeping Beauty Castle Walkthrough,0,False,2026-04-11T02:50:31.000Z
2026-04-10 19:55:26,Disneyland,Fantasyland,283,Snow White's Enchanted Wish,15,True,2026-04-11T02:50:31.000Z
2026-04-10 19:55:26,Disneyland,Fantasyland,305,Storybook Land Canal Boats,20,True,2026-04-11T02:50:31.000Z
2026-04-10 19:55:26,Disneyland,Frontierland,323,Big Thunder Mountain Railroad,55,True,2026-04-11T02:50:31.000Z
2026-04-10 19:55:26,Disneyland,Frontierland,679,Frontierland Shootin' Exposition,0,True,2026-04-11T02:50:31.000Z
2026-04-10 19:55:26,Disneyland,Frontierland,456,Mark Twain Riverboat,0,False,2026-04-11T02:50:31.000Z
2026-04-10 19:55:26,Disneyland,Frontierland,331,Pirate's Lair on Tom Sawyer Island,0,False,2026-04-11T02:50:31.000Z
2026-04-10 19:55:26,Disneyland,Frontierland,328,Sailing Ship Columbia,0,False,2026-04-11T02:50:31.000Z
2026-04-10 19:55:26,Disneyland,Main Street U.S.A,674,Disneyland Railroad,10,True,2026-04-11T02:50:31.000Z
2026-04-10 19:55:26,Disneyland,Main Street U.S.A,690,Great Moments with Mr. Lincoln,0,False,2026-04-11T02:50:31.000Z
2026-04-10 19:55:26,Disneyland,Main Street U.S.A,686,Main Street Cinema,0,True,2026-04-11T02:50:31.000Z
2026-04-10 19:55:26,Disneyland,Main Street U.S.A,691,Main Street Vehicles,0,True,2026-04-11T02:50:31.000Z
2026-04-10 19:55:26,Disneyland,Main Street U.S.A,14915,Opera House - Walt Disney - A Magical Life,0,True,2026-04-11T02:50:31.000Z
2026-04-10 19:55:26,Disneyland,Main Street U.S.A,695,The Disney Gallery,0,True,2026-04-11T02:50:31.000Z
2026-04-10 19:55:26,Disneyland,Main Street U.S.A,14923,Walt Disney - A Magical Life,0,True,2026-04-11T02:50:31.000Z
2026-04-10 19:55:26,Disneyland,Mickey's Toontown,324,Chip 'n' Dale's GADGETcoaster,30,True,2026-04-11T02:50:31.000Z
2026-04-10 19:55:26,Disneyland,Mickey's Toontown,13814,Donald's Duck Pond,0,True,2026-04-11T02:50:31.000Z
2026-04-10 19:55:26,Disneyland,Mickey's Toontown,11980,Goofy's How-to-Play Yard,0,True,2026-04-11T02:50:31.000Z
2026-04-10 19:55:26,Disneyland,Mickey's Toontown,11526,Mickey & Minnie's Runaway Railway,40,True,2026-04-11T02:50:31.000Z
2026-04-10 19:55:26,Disneyland,Mickey's Toontown,709,Mickey's House and Meet Mickey Mouse,0,False,2026-04-11T02:50:31.000Z
2026-04-10 19:55:26,Disneyland,Mickey's Toontown,327,Mickey's House and Meet Mickey Mouse,0,False,2026-04-11T02:50:31.000Z
2026-04-10 19:55:26,Disneyland,Mickey's Toontown,684,Minnie's House,0,True,2026-04-11T02:50:31.000Z
2026-04-10 19:55:26,Disneyland,Mickey's Toontown,332,Roger Rabbit's Car Toon Spin,0,False,2026-04-11T02:50:31.000Z
2026-04-10 19:55:26,Disneyland,New Orleans Square,13958,Haunted Mansion,60,True,2026-04-11T02:50:31.000Z
2026-04-10 19:55:26,Disneyland,New Orleans Square,289,Pirates of the Caribbean,30,True,2026-04-11T02:50:31.000Z
2026-04-10 19:55:26,Disneyland,Star Wars: Galaxy's Edge,6339,Millennium Falcon: Smugglers Run,40,True,2026-04-11T02:50:31.000Z
2026-04-10 19:55:26,Disneyland,Star Wars: Galaxy's Edge,10903,Millennium Falcon: Smugglers Run Single Rider,0,True,2026-04-11T02:50:31.000Z
2026-04-10 19:55:26,Disneyland,Star Wars: Galaxy's Edge,6340,Star Wars: Rise of the Resistance,65,True,2026-04-11T02:50:31.000Z
2026-04-10 19:55:26,Disneyland,Tomorrowland,287,Astro Orbitor,15,True,2026-04-11T02:50:31.000Z
2026-04-10 19:55:26,Disneyland,Tomorrowland,317,Autopia,35,True,2026-04-11T02:50:31.000Z
2026-04-10 19:55:26,Disneyland,Tomorrowland,273,Buzz Lightyear Astro Blasters,25,True,2026-04-11T02:50:31.000Z
2026-04-10 19:55:26,Disneyland,Tomorrowland,274,Disneyland Monorail,0,False,2026-04-11T02:50:31.000Z
2026-04-10 19:55:26,Disneyland,Tomorrowland,276,Finding Nemo Submarine Voyage,20,True,2026-04-11T02:50:31.000Z
2026-04-10 19:55:26,Disneyland,Tomorrowland,284,Space Mountain,70,True,2026-04-11T02:50:31.000Z
2026-04-10 19:55:26,Disneyland,Tomorrowland,286,Star Tours - The Adventures Continue,20,True,2026-04-11T02:50:31.000Z
2026-04-10 19:55:26,Disney California Adventure,Avengers Campus,329,Guardians of the Galaxy - Mission: BREAKOUT!,125,True,2026-04-11T02:50:40.000Z
2026-04-10 19:55:26,Disney California Adventure,Avengers Campus,8843,WEB SLINGERS: A Spider-Man Adventure,60,True,2026-04-11T02:50:40.000Z
2026-04-10 19:55:26,Disney California Adventure,Avengers Campus,10907,WEB SLINGERS: A Spider-Man Adventure Single Rider,0,True,2026-04-11T02:50:40.000Z
2026-04-10 19:55:26,Disney California Adventure,Cars Land,13961,Luigi's Rollickin' Roadsters,40,True,2026-04-11T02:50:40.000Z
2026-04-10 19:55:26,Disney California Adventure,Cars Land,315,Mater's Junkyard Jamboree,30,True,2026-04-11T02:50:40.000Z
2026-04-10 19:55:26,Disney California Adventure,Cars Land,295,Radiator Springs Racers,90,True,2026-04-11T02:50:40.000Z
2026-04-10 19:55:26,Disney California Adventure,Cars Land,10904,Radiator Springs Racers Single Rider,0,True,2026-04-11T02:50:40.000Z
2026-04-10 19:55:26,Disney California Adventure,Grizzly Peak,302,Grizzly River Run,20,True,2026-04-11T02:50:40.000Z
2026-04-10 19:55:26,Disney California Adventure,Grizzly Peak,293,Redwood Creek Challenge Trail,0,False,2026-04-11T02:50:40.000Z
2026-04-10 19:55:26,Disney California Adventure,Grizzly Peak,312,Soarin' Over California,80,True,2026-04-11T02:50:40.000Z
2026-04-10 19:55:26,Disney California Adventure,Hollywood Land,321,Animation Academy,0,True,2026-04-11T02:50:40.000Z
2026-04-10 19:55:26,Disney California Adventure,Hollywood Land,6440,Mickey's PhilharMagic,10,True,2026-04-11T02:50:40.000Z
2026-04-10 19:55:26,Disney California Adventure,Hollywood Land,291,"Monsters, Inc. Mike & Sulley to the Rescue!",60,True,2026-04-11T02:50:40.000Z
2026-04-10 19:55:26,Disney California Adventure,Hollywood Land,868,Sorcerer's Workshop,0,False,2026-04-11T02:50:40.000Z
2026-04-10 19:55:26,Disney California Adventure,Hollywood Land,294,Turtle Talk with Crush,0,True,2026-04-11T02:50:40.000Z
2026-04-10 19:55:26,Disney California Adventure,Paradise Gardens Park,298,Golden Zephyr,20,True,2026-04-11T02:50:40.000Z
2026-04-10 19:55:26,Disney California Adventure,Paradise Gardens Park,319,Goofy's Sky School,50,True,2026-04-11T02:50:40.000Z
2026-04-10 19:55:26,Disney California Adventure,Paradise Gardens Park,301,Silly Symphony Swings,0,False,2026-04-11T02:50:40.000Z
2026-04-10 19:55:26,Disney California Adventure,Paradise Gardens Park,10905,Silly Symphony Swings Single Rider,0,False,2026-04-11T02:50:40.000Z
2026-04-10 19:55:26,Disney California Adventure,Paradise Gardens Park,316,The Little Mermaid - Ariel's Undersea Adventure,35,True,2026-04-11T02:50:40.000Z
2026-04-10 19:55:26,Disney California Adventure,Paradise Gardens Park,14742,World of Color Happiness!,0,True,2026-04-11T02:50:40.000Z
2026-04-10 19:55:26,Disney California Adventure,Pixar Pier,13960,Games of Pixar Pier,0,True,2026-04-11T02:50:40.000Z
2026-04-10 19:55:26,Disney California Adventure,Pixar Pier,322,Incredicoaster,0,False,2026-04-11T02:50:40.000Z
2026-04-10 19:55:26,Disney California Adventure,Pixar Pier,10906,Incredicoaster Single Rider,0,False,2026-04-11T02:50:40.000Z
2026-04-10 19:55:26,Disney California Adventure,Pixar Pier,6643,Inside Out Emotional Whirlwind,0,False,2026-04-11T02:50:40.000Z
2026-04-10 19:55:26,Disney California Adventure,Pixar Pier,310,Jessie's Critter Carousel,15,True,2026-04-11T02:50:40.000Z
2026-04-10 19:55:26,Disney California Adventure,Pixar Pier,300,Jumpin' Jellyfish,25,True,2026-04-11T02:50:40.000Z
2026-04-10 19:55:26,Disney California Adventure,Pixar Pier,311,Pixar Pal-A-Round - Swinging,0,False,2026-04-11T02:50:40.000Z
2026-04-10 19:55:26,Disney California Adventure,Pixar Pier,5557,Pixar Pal-A-Round – Non-Swinging,0,False,2026-04-11T02:50:40.000Z
2026-04-10 19:55:26,Disney California Adventure,Pixar Pier,313,Toy Story Midway Mania!,0,False,2026-04-11T02:50:40.000Z
2026-04-10 19:55:26,Disney California Adventure,San Fransokyo Square,13959,The Bakery Tour,0,True,2026-04-11T02:50:40.000Z
2026-04-10 20:00:29,Disneyland,Adventureland,12428,Adventureland Treehouse inspired by Walt Disney’s Swiss Family Robinson,0,True,2026-04-11T02:55:29.000Z
2026-04-10 20:00:29,Disneyland,Adventureland,326,Indiana Jones™ Adventure,60,True,2026-04-11T02:55:29.000Z
2026-04-10 20:00:29,Disneyland,Adventureland,296,Jungle Cruise,0,False,2026-04-11T02:55:29.000Z
2026-04-10 20:00:29,Disneyland,Adventureland,288,Walt Disney's Enchanted Tiki Room,0,True,2026-04-11T02:55:29.000Z
2026-04-10 20:00:29,Disneyland,Bayou Country,304,Davy Crockett's Explorer Canoes,0,False,2026-04-11T02:55:29.000Z
2026-04-10 20:00:29,Disneyland,Bayou Country,306,The Many Adventures of Winnie the Pooh,25,True,2026-04-11T02:55:29.000Z
2026-04-10 20:00:29,Disneyland,Bayou Country,14168,Tiana's Bayou Adventure,30,True,2026-04-11T02:55:29.000Z
2026-04-10 20:00:29,Disneyland,Bayou Country,14326,Tiana's Bayou Adventure Single Rider,0,True,2026-04-11T02:55:29.000Z
2026-04-10 20:00:29,Disneyland,Fantasyland,307,"""it's a small world""",10,True,2026-04-11T02:55:29.000Z
2026-04-10 20:00:29,Disneyland,Fantasyland,285,Alice in Wonderland,30,True,2026-04-11T02:55:29.000Z
2026-04-10 20:00:29,Disneyland,Fantasyland,303,Casey Jr. Circus Train,15,True,2026-04-11T02:55:29.000Z
2026-04-10 20:00:29,Disneyland,Fantasyland,275,Dumbo the Flying Elephant,40,True,2026-04-11T02:55:29.000Z
2026-04-10 20:00:29,Disneyland,Fantasyland,277,King Arthur Carrousel,5,True,2026-04-11T02:55:29.000Z
2026-04-10 20:00:29,Disneyland,Fantasyland,278,Mad Tea Party,10,True,2026-04-11T02:55:29.000Z
2026-04-10 20:00:29,Disneyland,Fantasyland,279,Matterhorn Bobsleds,0,False,2026-04-11T02:55:29.000Z
2026-04-10 20:00:29,Disneyland,Fantasyland,6711,Meet Disney Princesses at Royal Hall,0,False,2026-04-11T02:55:29.000Z
2026-04-10 20:00:29,Disneyland,Fantasyland,280,Mr. Toad's Wild Ride,20,True,2026-04-11T02:55:29.000Z
2026-04-10 20:00:29,Disneyland,Fantasyland,281,Peter Pan's Flight,35,True,2026-04-11T02:55:29.000Z
2026-04-10 20:00:29,Disneyland,Fantasyland,282,Pinocchio's Daring Journey,15,True,2026-04-11T02:55:29.000Z
2026-04-10 20:00:29,Disneyland,Fantasyland,687,Sleeping Beauty Castle Walkthrough,0,False,2026-04-11T02:55:29.000Z
2026-04-10 20:00:29,Disneyland,Fantasyland,283,Snow White's Enchanted Wish,15,True,2026-04-11T02:55:29.000Z
2026-04-10 20:00:29,Disneyland,Fantasyland,305,Storybook Land Canal Boats,20,True,2026-04-11T02:55:29.000Z
2026-04-10 20:00:29,Disneyland,Frontierland,323,Big Thunder Mountain Railroad,60,True,2026-04-11T02:55:29.000Z
2026-04-10 20:00:29,Disneyland,Frontierland,679,Frontierland Shootin' Exposition,0,True,2026-04-11T02:55:29.000Z
2026-04-10 20:00:29,Disneyland,Frontierland,456,Mark Twain Riverboat,0,False,2026-04-11T02:55:29.000Z
2026-04-10 20:00:29,Disneyland,Frontierland,331,Pirate's Lair on Tom Sawyer Island,0,False,2026-04-11T02:55:29.000Z
2026-04-10 20:00:29,Disneyland,Frontierland,328,Sailing Ship Columbia,0,False,2026-04-11T02:55:29.000Z
2026-04-10 20:00:29,Disneyland,Main Street U.S.A,674,Disneyland Railroad,10,True,2026-04-11T02:55:29.000Z
2026-04-10 20:00:29,Disneyland,Main Street U.S.A,690,Great Moments with Mr. Lincoln,0,False,2026-04-11T02:55:29.000Z
2026-04-10 20:00:29,Disneyland,Main Street U.S.A,686,Main Street Cinema,0,True,2026-04-11T02:55:29.000Z
2026-04-10 20:00:29,Disneyland,Main Street U.S.A,691,Main Street Vehicles,0,True,2026-04-11T02:55:29.000Z
2026-04-10 20:00:29,Disneyland,Main Street U.S.A,14915,Opera House - Walt Disney - A Magical Life,0,True,2026-04-11T02:55:29.000Z
2026-04-10 20:00:29,Disneyland,Main Street U.S.A,695,The Disney Gallery,0,True,2026-04-11T02:55:29.000Z
2026-04-10 20:00:29,Disneyland,Main Street U.S.A,14923,Walt Disney - A Magical Life,0,True,2026-04-11T02:55:29.000Z
2026-04-10 20:00:29,Disneyland,Mickey's Toontown,324,Chip 'n' Dale's GADGETcoaster,30,True,2026-04-11T02:55:29.000Z
2026-04-10 20:00:29,Disneyland,Mickey's Toontown,13814,Donald's Duck Pond,0,True,2026-04-11T02:55:29.000Z
2026-04-10 20:00:29,Disneyland,Mickey's Toontown,11980,Goofy's How-to-Play Yard,0,True,2026-04-11T02:55:29.000Z
2026-04-10 20:00:29,Disneyland,Mickey's Toontown,11526,Mickey & Minnie's Runaway Railway,40,True,2026-04-11T02:55:29.000Z
2026-04-10 20:00:29,Disneyland,Mickey's Toontown,709,Mickey's House and Meet Mickey Mouse,0,False,2026-04-11T02:55:29.000Z
2026-04-10 20:00:29,Disneyland,Mickey's Toontown,327,Mickey's House and Meet Mickey Mouse,0,False,2026-04-11T02:55:29.000Z
2026-04-10 20:00:29,Disneyland,Mickey's Toontown,684,Minnie's House,0,True,2026-04-11T02:55:29.000Z
2026-04-10 20:00:29,Disneyland,Mickey's Toontown,332,Roger Rabbit's Car Toon Spin,0,False,2026-04-11T02:55:29.000Z
2026-04-10 20:00:29,Disneyland,New Orleans Square,13958,Haunted Mansion,60,True,2026-04-11T02:55:29.000Z
2026-04-10 20:00:29,Disneyland,New Orleans Square,289,Pirates of the Caribbean,30,True,2026-04-11T02:55:29.000Z
2026-04-10 20:00:29,Disneyland,Star Wars: Galaxy's Edge,6339,Millennium Falcon: Smugglers Run,40,True,2026-04-11T02:55:29.000Z
2026-04-10 20:00:29,Disneyland,Star Wars: Galaxy's Edge,10903,Millennium Falcon: Smugglers Run Single Rider,0,True,2026-04-11T02:55:29.000Z
2026-04-10 20:00:29,Disneyland,Star Wars: Galaxy's Edge,6340,Star Wars: Rise of the Resistance,65,True,2026-04-11T02:55:29.000Z
2026-04-10 20:00:29,Disneyland,Tomorrowland,287,Astro Orbitor,15,True,2026-04-11T02:55:29.000Z
2026-04-10 20:00:29,Disneyland,Tomorrowland,317,Autopia,35,True,2026-04-11T02:55:29.000Z
2026-04-10 20:00:29,Disneyland,Tomorrowland,273,Buzz Lightyear Astro Blasters,25,True,2026-04-11T02:55:29.000Z
2026-04-10 20:00:29,Disneyland,Tomorrowland,274,Disneyland Monorail,0,False,2026-04-11T02:55:29.000Z
2026-04-10 20:00:29,Disneyland,Tomorrowland,276,Finding Nemo Submarine Voyage,20,True,2026-04-11T02:55:29.000Z
2026-04-10 20:00:29,Disneyland,Tomorrowland,284,Space Mountain,70,True,2026-04-11T02:55:29.000Z
2026-04-10 20:00:29,Disneyland,Tomorrowland,286,Star Tours - The Adventures Continue,45,True,2026-04-11T02:55:29.000Z
2026-04-10 20:00:30,Disney California Adventure,Avengers Campus,329,Guardians of the Galaxy - Mission: BREAKOUT!,125,True,2026-04-11T02:55:39.000Z
2026-04-10 20:00:30,Disney California Adventure,Avengers Campus,8843,WEB SLINGERS: A Spider-Man Adventure,0,False,2026-04-11T02:55:39.000Z
2026-04-10 20:00:30,Disney California Adventure,Avengers Campus,10907,WEB SLINGERS: A Spider-Man Adventure Single Rider,0,False,2026-04-11T02:55:39.000Z
2026-04-10 20:00:30,Disney California Adventure,Cars Land,13961,Luigi's Rollickin' Roadsters,40,True,2026-04-11T02:55:39.000Z
2026-04-10 20:00:30,Disney California Adventure,Cars Land,315,Mater's Junkyard Jamboree,30,True,2026-04-11T02:55:39.000Z
2026-04-10 20:00:30,Disney California Adventure,Cars Land,295,Radiator Springs Racers,90,True,2026-04-11T02:55:39.000Z
2026-04-10 20:00:30,Disney California Adventure,Cars Land,10904,Radiator Springs Racers Single Rider,0,True,2026-04-11T02:55:39.000Z
2026-04-10 20:00:30,Disney California Adventure,Grizzly Peak,302,Grizzly River Run,20,True,2026-04-11T02:55:39.000Z
2026-04-10 20:00:30,Disney California Adventure,Grizzly Peak,293,Redwood Creek Challenge Trail,0,False,2026-04-11T02:55:39.000Z
2026-04-10 20:00:30,Disney California Adventure,Grizzly Peak,312,Soarin' Over California,80,True,2026-04-11T02:55:39.000Z
2026-04-10 20:00:30,Disney California Adventure,Hollywood Land,321,Animation Academy,0,True,2026-04-11T02:55:39.000Z
2026-04-10 20:00:30,Disney California Adventure,Hollywood Land,6440,Mickey's PhilharMagic,10,True,2026-04-11T02:55:39.000Z
2026-04-10 20:00:30,Disney California Adventure,Hollywood Land,291,"Monsters, Inc. Mike & Sulley to the Rescue!",0,False,2026-04-11T02:55:39.000Z
2026-04-10 20:00:30,Disney California Adventure,Hollywood Land,868,Sorcerer's Workshop,0,False,2026-04-11T02:55:39.000Z
2026-04-10 20:00:30,Disney California Adventure,Hollywood Land,294,Turtle Talk with Crush,0,True,2026-04-11T02:55:39.000Z
2026-04-10 20:00:30,Disney California Adventure,Paradise Gardens Park,298,Golden Zephyr,20,True,2026-04-11T02:55:39.000Z
2026-04-10 20:00:30,Disney California Adventure,Paradise Gardens Park,319,Goofy's Sky School,50,True,2026-04-11T02:55:39.000Z
2026-04-10 20:00:30,Disney California Adventure,Paradise Gardens Park,301,Silly Symphony Swings,25,True,2026-04-11T02:55:39.000Z
2026-04-10 20:00:30,Disney California Adventure,Paradise Gardens Park,10905,Silly Symphony Swings Single Rider,0,True,2026-04-11T02:55:39.000Z
2026-04-10 20:00:30,Disney California Adventure,Paradise Gardens Park,316,The Little Mermaid - Ariel's Undersea Adventure,35,True,2026-04-11T02:55:39.000Z
2026-04-10 20:00:30,Disney California Adventure,Paradise Gardens Park,14742,World of Color Happiness!,0,True,2026-04-11T02:55:39.000Z
2026-04-10 20:00:30,Disney California Adventure,Pixar Pier,13960,Games of Pixar Pier,0,True,2026-04-11T02:55:39.000Z
2026-04-10 20:00:30,Disney California Adventure,Pixar Pier,322,Incredicoaster,0,False,2026-04-11T02:55:39.000Z
2026-04-10 20:00:30,Disney California Adventure,Pixar Pier,10906,Incredicoaster Single Rider,0,False,2026-04-11T02:55:39.000Z
2026-04-10 20:00:30,Disney California Adventure,Pixar Pier,6643,Inside Out Emotional Whirlwind,0,False,2026-04-11T02:55:39.000Z
2026-04-10 20:00:30,Disney California Adventure,Pixar Pier,310,Jessie's Critter Carousel,5,True,2026-04-11T02:55:39.000Z
2026-04-10 20:00:30,Disney California Adventure,Pixar Pier,300,Jumpin' Jellyfish,25,True,2026-04-11T02:55:39.000Z
2026-04-10 20:00:30,Disney California Adventure,Pixar Pier,311,Pixar Pal-A-Round - Swinging,0,False,2026-04-11T02:55:39.000Z
2026-04-10 20:00:30,Disney California Adventure,Pixar Pier,5557,Pixar Pal-A-Round – Non-Swinging,0,False,2026-04-11T02:55:39.000Z
2026-04-10 20:00:30,Disney California Adventure,Pixar Pier,313,Toy Story Midway Mania!,0,False,2026-04-11T02:55:39.000Z
2026-04-10 20:00:30,Disney California Adventure,San Fransokyo Square,13959,The Bakery Tour,0,True,2026-04-11T02:55:39.000Z
2026-04-10 20:05:24,Disneyland,Adventureland,12428,Adventureland Treehouse inspired by Walt Disney’s Swiss Family Robinson,0,True,2026-04-11T03:00:37.000Z
2026-04-10 20:05:24,Disneyland,Adventureland,326,Indiana Jones™ Adventure,65,True,2026-04-11T03:00:37.000Z
2026-04-10 20:05:24,Disneyland,Adventureland,296,Jungle Cruise,0,False,2026-04-11T03:00:37.000Z
2026-04-10 20:05:24,Disneyland,Adventureland,288,Walt Disney's Enchanted Tiki Room,0,True,2026-04-11T03:00:37.000Z
2026-04-10 20:05:24,Disneyland,Bayou Country,304,Davy Crockett's Explorer Canoes,0,False,2026-04-11T03:00:37.000Z
2026-04-10 20:05:24,Disneyland,Bayou Country,306,The Many Adventures of Winnie the Pooh,25,True,2026-04-11T03:00:37.000Z
2026-04-10 20:05:24,Disneyland,Bayou Country,14168,Tiana's Bayou Adventure,30,True,2026-04-11T03:00:37.000Z
2026-04-10 20:05:24,Disneyland,Bayou Country,14326,Tiana's Bayou Adventure Single Rider,0,True,2026-04-11T03:00:37.000Z
2026-04-10 20:05:24,Disneyland,Fantasyland,307,"""it's a small world""",10,True,2026-04-11T03:00:37.000Z
2026-04-10 20:05:24,Disneyland,Fantasyland,285,Alice in Wonderland,30,True,2026-04-11T03:00:37.000Z
2026-04-10 20:05:24,Disneyland,Fantasyland,303,Casey Jr. Circus Train,15,True,2026-04-11T03:00:37.000Z
2026-04-10 20:05:24,Disneyland,Fantasyland,275,Dumbo the Flying Elephant,20,True,2026-04-11T03:00:37.000Z
2026-04-10 20:05:24,Disneyland,Fantasyland,277,King Arthur Carrousel,5,True,2026-04-11T03:00:37.000Z
2026-04-10 20:05:24,Disneyland,Fantasyland,278,Mad Tea Party,15,True,2026-04-11T03:00:37.000Z
2026-04-10 20:05:24,Disneyland,Fantasyland,279,Matterhorn Bobsleds,0,False,2026-04-11T03:00:37.000Z
2026-04-10 20:05:24,Disneyland,Fantasyland,6711,Meet Disney Princesses at Royal Hall,0,False,2026-04-11T03:00:37.000Z
2026-04-10 20:05:24,Disneyland,Fantasyland,280,Mr. Toad's Wild Ride,20,True,2026-04-11T03:00:37.000Z
2026-04-10 20:05:24,Disneyland,Fantasyland,281,Peter Pan's Flight,35,True,2026-04-11T03:00:37.000Z
2026-04-10 20:05:24,Disneyland,Fantasyland,282,Pinocchio's Daring Journey,10,True,2026-04-11T03:00:37.000Z
2026-04-10 20:05:24,Disneyland,Fantasyland,687,Sleeping Beauty Castle Walkthrough,0,False,2026-04-11T03:00:37.000Z
2026-04-10 20:05:24,Disneyland,Fantasyland,283,Snow White's Enchanted Wish,15,True,2026-04-11T03:00:37.000Z
2026-04-10 20:05:24,Disneyland,Fantasyland,305,Storybook Land Canal Boats,20,True,2026-04-11T03:00:37.000Z
2026-04-10 20:05:24,Disneyland,Frontierland,323,Big Thunder Mountain Railroad,60,True,2026-04-11T03:00:37.000Z
2026-04-10 20:05:24,Disneyland,Frontierland,679,Frontierland Shootin' Exposition,0,True,2026-04-11T03:00:37.000Z
2026-04-10 20:05:24,Disneyland,Frontierland,456,Mark Twain Riverboat,0,False,2026-04-11T03:00:37.000Z
2026-04-10 20:05:24,Disneyland,Frontierland,331,Pirate's Lair on Tom Sawyer Island,0,False,2026-04-11T03:00:37.000Z
2026-04-10 20:05:24,Disneyland,Frontierland,328,Sailing Ship Columbia,0,False,2026-04-11T03:00:37.000Z
2026-04-10 20:05:24,Disneyland,Main Street U.S.A,674,Disneyland Railroad,10,True,2026-04-11T03:00:37.000Z
2026-04-10 20:05:24,Disneyland,Main Street U.S.A,690,Great Moments with Mr. Lincoln,0,False,2026-04-11T03:00:37.000Z
2026-04-10 20:05:24,Disneyland,Main Street U.S.A,686,Main Street Cinema,0,True,2026-04-11T03:00:37.000Z
2026-04-10 20:05:24,Disneyland,Main Street U.S.A,691,Main Street Vehicles,0,True,2026-04-11T03:00:37.000Z
2026-04-10 20:05:24,Disneyland,Main Street U.S.A,14915,Opera House - Walt Disney - A Magical Life,0,True,2026-04-11T03:00:37.000Z
2026-04-10 20:05:24,Disneyland,Main Street U.S.A,695,The Disney Gallery,0,True,2026-04-11T03:00:37.000Z
2026-04-10 20:05:24,Disneyland,Main Street U.S.A,14923,Walt Disney - A Magical Life,0,True,2026-04-11T03:00:37.000Z
2026-04-10 20:05:24,Disneyland,Mickey's Toontown,324,Chip 'n' Dale's GADGETcoaster,30,True,2026-04-11T03:00:37.000Z
2026-04-10 20:05:24,Disneyland,Mickey's Toontown,13814,Donald's Duck Pond,0,True,2026-04-11T03:00:37.000Z
2026-04-10 20:05:24,Disneyland,Mickey's Toontown,11980,Goofy's How-to-Play Yard,0,True,2026-04-11T03:00:37.000Z
2026-04-10 20:05:24,Disneyland,Mickey's Toontown,11526,Mickey & Minnie's Runaway Railway,40,True,2026-04-11T03:00:37.000Z
2026-04-10 20:05:24,Disneyland,Mickey's Toontown,709,Mickey's House and Meet Mickey Mouse,0,False,2026-04-11T03:00:37.000Z
2026-04-10 20:05:24,Disneyland,Mickey's Toontown,327,Mickey's House and Meet Mickey Mouse,0,False,2026-04-11T03:00:37.000Z
2026-04-10 20:05:24,Disneyland,Mickey's Toontown,684,Minnie's House,0,True,2026-04-11T03:00:37.000Z
2026-04-10 20:05:24,Disneyland,Mickey's Toontown,332,Roger Rabbit's Car Toon Spin,0,False,2026-04-11T03:00:37.000Z
2026-04-10 20:05:24,Disneyland,New Orleans Square,13958,Haunted Mansion,60,True,2026-04-11T03:00:37.000Z
2026-04-10 20:05:24,Disneyland,New Orleans Square,289,Pirates of the Caribbean,30,True,2026-04-11T03:00:37.000Z
2026-04-10 20:05:24,Disneyland,Star Wars: Galaxy's Edge,6339,Millennium Falcon: Smugglers Run,40,True,2026-04-11T03:00:37.000Z
2026-04-10 20:05:24,Disneyland,Star Wars: Galaxy's Edge,10903,Millennium Falcon: Smugglers Run Single Rider,0,True,2026-04-11T03:00:37.000Z
2026-04-10 20:05:24,Disneyland,Star Wars: Galaxy's Edge,6340,Star Wars: Rise of the Resistance,65,True,2026-04-11T03:00:37.000Z
2026-04-10 20:05:24,Disneyland,Tomorrowland,287,Astro Orbitor,15,True,2026-04-11T03:00:37.000Z
2026-04-10 20:05:24,Disneyland,Tomorrowland,317,Autopia,35,True,2026-04-11T03:00:37.000Z
2026-04-10 20:05:24,Disneyland,Tomorrowland,273,Buzz Lightyear Astro Blasters,15,True,2026-04-11T03:00:37.000Z
2026-04-10 20:05:24,Disneyland,Tomorrowland,274,Disneyland Monorail,0,False,2026-04-11T03:00:37.000Z
2026-04-10 20:05:24,Disneyland,Tomorrowland,276,Finding Nemo Submarine Voyage,20,True,2026-04-11T03:00:37.000Z
2026-04-10 20:05:24,Disneyland,Tomorrowland,284,Space Mountain,70,True,2026-04-11T03:00:37.000Z
2026-04-10 20:05:24,Disneyland,Tomorrowland,286,Star Tours - The Adventures Continue,45,True,2026-04-11T03:00:37.000Z
2026-04-10 20:05:24,Disney California Adventure,Avengers Campus,329,Guardians of the Galaxy - Mission: BREAKOUT!,125,True,2026-04-11T03:00:48.000Z
2026-04-10 20:05:24,Disney California Adventure,Avengers Campus,8843,WEB SLINGERS: A Spider-Man Adventure,60,True,2026-04-11T03:00:48.000Z
2026-04-10 20:05:24,Disney California Adventure,Avengers Campus,10907,WEB SLINGERS: A Spider-Man Adventure Single Rider,0,True,2026-04-11T03:00:48.000Z
2026-04-10 20:05:24,Disney California Adventure,Cars Land,13961,Luigi's Rollickin' Roadsters,40,True,2026-04-11T03:00:48.000Z
2026-04-10 20:05:24,Disney California Adventure,Cars Land,315,Mater's Junkyard Jamboree,30,True,2026-04-11T03:00:48.000Z
2026-04-10 20:05:24,Disney California Adventure,Cars Land,295,Radiator Springs Racers,90,True,2026-04-11T03:00:48.000Z
2026-04-10 20:05:24,Disney California Adventure,Cars Land,10904,Radiator Springs Racers Single Rider,0,True,2026-04-11T03:00:48.000Z
2026-04-10 20:05:24,Disney California Adventure,Grizzly Peak,302,Grizzly River Run,20,True,2026-04-11T03:00:48.000Z
2026-04-10 20:05:24,Disney California Adventure,Grizzly Peak,293,Redwood Creek Challenge Trail,0,False,2026-04-11T03:00:48.000Z
2026-04-10 20:05:24,Disney California Adventure,Grizzly Peak,312,Soarin' Over California,80,True,2026-04-11T03:00:48.000Z
2026-04-10 20:05:24,Disney California Adventure,Hollywood Land,321,Animation Academy,0,True,2026-04-11T03:00:48.000Z
2026-04-10 20:05:24,Disney California Adventure,Hollywood Land,6440,Mickey's PhilharMagic,10,True,2026-04-11T03:00:48.000Z
2026-04-10 20:05:24,Disney California Adventure,Hollywood Land,291,"Monsters, Inc. Mike & Sulley to the Rescue!",0,False,2026-04-11T03:00:48.000Z
2026-04-10 20:05:24,Disney California Adventure,Hollywood Land,868,Sorcerer's Workshop,0,False,2026-04-11T03:00:48.000Z
2026-04-10 20:05:24,Disney California Adventure,Hollywood Land,294,Turtle Talk with Crush,0,True,2026-04-11T03:00:48.000Z
2026-04-10 20:05:24,Disney California Adventure,Paradise Gardens Park,298,Golden Zephyr,20,True,2026-04-11T03:00:48.000Z
2026-04-10 20:05:24,Disney California Adventure,Paradise Gardens Park,319,Goofy's Sky School,50,True,2026-04-11T03:00:48.000Z
2026-04-10 20:05:24,Disney California Adventure,Paradise Gardens Park,301,Silly Symphony Swings,25,True,2026-04-11T03:00:48.000Z
2026-04-10 20:05:24,Disney California Adventure,Paradise Gardens Park,10905,Silly Symphony Swings Single Rider,0,True,2026-04-11T03:00:48.000Z
2026-04-10 20:05:24,Disney California Adventure,Paradise Gardens Park,316,The Little Mermaid - Ariel's Undersea Adventure,35,True,2026-04-11T03:00:48.000Z
2026-04-10 20:05:24,Disney California Adventure,Paradise Gardens Park,14742,World of Color Happiness!,0,True,2026-04-11T03:00:48.000Z
2026-04-10 20:05:24,Disney California Adventure,Pixar Pier,13960,Games of Pixar Pier,0,True,2026-04-11T03:00:48.000Z
2026-04-10 20:05:24,Disney California Adventure,Pixar Pier,322,Incredicoaster,0,False,2026-04-11T03:00:48.000Z
2026-04-10 20:05:24,Disney California Adventure,Pixar Pier,10906,Incredicoaster Single Rider,0,False,2026-04-11T03:00:48.000Z
2026-04-10 20:05:24,Disney California Adventure,Pixar Pier,6643,Inside Out Emotional Whirlwind,0,False,2026-04-11T03:00:48.000Z
2026-04-10 20:05:24,Disney California Adventure,Pixar Pier,310,Jessie's Critter Carousel,5,True,2026-04-11T03:00:48.000Z
2026-04-10 20:05:24,Disney California Adventure,Pixar Pier,300,Jumpin' Jellyfish,0,False,2026-04-11T03:00:48.000Z
2026-04-10 20:05:24,Disney California Adventure,Pixar Pier,311,Pixar Pal-A-Round - Swinging,0,False,2026-04-11T03:00:48.000Z
2026-04-10 20:05:24,Disney California Adventure,Pixar Pier,5557,Pixar Pal-A-Round – Non-Swinging,0,False,2026-04-11T03:00:48.000Z
2026-04-10 20:05:24,Disney California Adventure,Pixar Pier,313,Toy Story Midway Mania!,0,False,2026-04-11T03:00:48.000Z
2026-04-10 20:05:24,Disney California Adventure,San Fransokyo Square,13959,The Bakery Tour,0,True,2026-04-11T03:00:48.000Z
2026-04-10 20:10:26,Disneyland,Adventureland,12428,Adventureland Treehouse inspired by Walt Disney’s Swiss Family Robinson,0,True,2026-04-11T03:05:34.000Z
2026-04-10 20:10:26,Disneyland,Adventureland,326,Indiana Jones™ Adventure,65,True,2026-04-11T03:05:34.000Z
2026-04-10 20:10:26,Disneyland,Adventureland,296,Jungle Cruise,0,False,2026-04-11T03:05:34.000Z
2026-04-10 20:10:26,Disneyland,Adventureland,288,Walt Disney's Enchanted Tiki Room,0,True,2026-04-11T03:05:34.000Z
2026-04-10 20:10:26,Disneyland,Bayou Country,304,Davy Crockett's Explorer Canoes,0,False,2026-04-11T03:05:34.000Z
2026-04-10 20:10:26,Disneyland,Bayou Country,306,The Many Adventures of Winnie the Pooh,25,True,2026-04-11T03:05:34.000Z
2026-04-10 20:10:26,Disneyland,Bayou Country,14168,Tiana's Bayou Adventure,30,True,2026-04-11T03:05:34.000Z
2026-04-10 20:10:26,Disneyland,Bayou Country,14326,Tiana's Bayou Adventure Single Rider,0,True,2026-04-11T03:05:34.000Z
2026-04-10 20:10:26,Disneyland,Fantasyland,307,"""it's a small world""",10,True,2026-04-11T03:05:34.000Z
2026-04-10 20:10:26,Disneyland,Fantasyland,285,Alice in Wonderland,0,False,2026-04-11T03:05:34.000Z
2026-04-10 20:10:26,Disneyland,Fantasyland,303,Casey Jr. Circus Train,15,True,2026-04-11T03:05:34.000Z
2026-04-10 20:10:26,Disneyland,Fantasyland,275,Dumbo the Flying Elephant,20,True,2026-04-11T03:05:34.000Z
2026-04-10 20:10:26,Disneyland,Fantasyland,277,King Arthur Carrousel,5,True,2026-04-11T03:05:34.000Z
2026-04-10 20:10:26,Disneyland,Fantasyland,278,Mad Tea Party,15,True,2026-04-11T03:05:34.000Z
2026-04-10 20:10:26,Disneyland,Fantasyland,279,Matterhorn Bobsleds,0,False,2026-04-11T03:05:34.000Z
2026-04-10 20:10:26,Disneyland,Fantasyland,6711,Meet Disney Princesses at Royal Hall,0,False,2026-04-11T03:05:34.000Z
2026-04-10 20:10:26,Disneyland,Fantasyland,280,Mr. Toad's Wild Ride,20,True,2026-04-11T03:05:34.000Z
2026-04-10 20:10:26,Disneyland,Fantasyland,281,Peter Pan's Flight,0,False,2026-04-11T03:05:34.000Z
2026-04-10 20:10:26,Disneyland,Fantasyland,282,Pinocchio's Daring Journey,10,True,2026-04-11T03:05:34.000Z
2026-04-10 20:10:26,Disneyland,Fantasyland,687,Sleeping Beauty Castle Walkthrough,0,False,2026-04-11T03:05:34.000Z
2026-04-10 20:10:26,Disneyland,Fantasyland,283,Snow White's Enchanted Wish,15,True,2026-04-11T03:05:34.000Z
2026-04-10 20:10:26,Disneyland,Fantasyland,305,Storybook Land Canal Boats,20,True,2026-04-11T03:05:34.000Z
2026-04-10 20:10:26,Disneyland,Frontierland,323,Big Thunder Mountain Railroad,60,True,2026-04-11T03:05:34.000Z
2026-04-10 20:10:26,Disneyland,Frontierland,679,Frontierland Shootin' Exposition,0,True,2026-04-11T03:05:34.000Z
2026-04-10 20:10:26,Disneyland,Frontierland,456,Mark Twain Riverboat,0,False,2026-04-11T03:05:34.000Z
2026-04-10 20:10:26,Disneyland,Frontierland,331,Pirate's Lair on Tom Sawyer Island,0,False,2026-04-11T03:05:34.000Z
2026-04-10 20:10:26,Disneyland,Frontierland,328,Sailing Ship Columbia,0,False,2026-04-11T03:05:34.000Z
2026-04-10 20:10:26,Disneyland,Main Street U.S.A,674,Disneyland Railroad,10,True,2026-04-11T03:05:34.000Z
2026-04-10 20:10:26,Disneyland,Main Street U.S.A,690,Great Moments with Mr. Lincoln,0,False,2026-04-11T03:05:34.000Z
2026-04-10 20:10:26,Disneyland,Main Street U.S.A,686,Main Street Cinema,0,True,2026-04-11T03:05:34.000Z
2026-04-10 20:10:26,Disneyland,Main Street U.S.A,691,Main Street Vehicles,0,True,2026-04-11T03:05:34.000Z
2026-04-10 20:10:26,Disneyland,Main Street U.S.A,14915,Opera House - Walt Disney - A Magical Life,0,False,2026-04-11T03:05:34.000Z
2026-04-10 20:10:26,Disneyland,Main Street U.S.A,695,The Disney Gallery,0,True,2026-04-11T03:05:34.000Z
2026-04-10 20:10:26,Disneyland,Main Street U.S.A,14923,Walt Disney - A Magical Life,0,False,2026-04-11T03:05:34.000Z
2026-04-10 20:10:26,Disneyland,Mickey's Toontown,324,Chip 'n' Dale's GADGETcoaster,0,False,2026-04-11T03:05:34.000Z
2026-04-10 20:10:26,Disneyland,Mickey's Toontown,13814,Donald's Duck Pond,0,True,2026-04-11T03:05:34.000Z
2026-04-10 20:10:26,Disneyland,Mickey's Toontown,11980,Goofy's How-to-Play Yard,0,False,2026-04-11T03:05:34.000Z
2026-04-10 20:10:26,Disneyland,Mickey's Toontown,11526,Mickey & Minnie's Runaway Railway,0,False,2026-04-11T03:05:34.000Z
2026-04-10 20:10:26,Disneyland,Mickey's Toontown,709,Mickey's House and Meet Mickey Mouse,0,False,2026-04-11T03:05:34.000Z
2026-04-10 20:10:26,Disneyland,Mickey's Toontown,327,Mickey's House and Meet Mickey Mouse,0,False,2026-04-11T03:05:34.000Z
2026-04-10 20:10:26,Disneyland,Mickey's Toontown,684,Minnie's House,0,True,2026-04-11T03:05:34.000Z
2026-04-10 20:10:26,Disneyland,Mickey's Toontown,332,Roger Rabbit's Car Toon Spin,0,False,2026-04-11T03:05:34.000Z
2026-04-10 20:10:26,Disneyland,New Orleans Square,13958,Haunted Mansion,35,True,2026-04-11T03:05:34.000Z
2026-04-10 20:10:26,Disneyland,New Orleans Square,289,Pirates of the Caribbean,20,True,2026-04-11T03:05:34.000Z
2026-04-10 20:10:26,Disneyland,Star Wars: Galaxy's Edge,6339,Millennium Falcon: Smugglers Run,40,True,2026-04-11T03:05:34.000Z
2026-04-10 20:10:26,Disneyland,Star Wars: Galaxy's Edge,10903,Millennium Falcon: Smugglers Run Single Rider,0,True,2026-04-11T03:05:34.000Z
2026-04-10 20:10:26,Disneyland,Star Wars: Galaxy's Edge,6340,Star Wars: Rise of the Resistance,65,True,2026-04-11T03:05:34.000Z
2026-04-10 20:10:26,Disneyland,Tomorrowland,287,Astro Orbitor,15,True,2026-04-11T03:05:34.000Z
2026-04-10 20:10:26,Disneyland,Tomorrowland,317,Autopia,35,True,2026-04-11T03:05:34.000Z
2026-04-10 20:10:26,Disneyland,Tomorrowland,273,Buzz Lightyear Astro Blasters,15,True,2026-04-11T03:05:34.000Z
2026-04-10 20:10:26,Disneyland,Tomorrowland,274,Disneyland Monorail,0,False,2026-04-11T03:05:34.000Z
2026-04-10 20:10:26,Disneyland,Tomorrowland,276,Finding Nemo Submarine Voyage,15,True,2026-04-11T03:05:34.000Z
2026-04-10 20:10:26,Disneyland,Tomorrowland,284,Space Mountain,75,True,2026-04-11T03:05:34.000Z
2026-04-10 20:10:26,Disneyland,Tomorrowland,286,Star Tours - The Adventures Continue,45,True,2026-04-11T03:05:34.000Z
2026-04-10 20:10:26,Disney California Adventure,Avengers Campus,329,Guardians of the Galaxy - Mission: BREAKOUT!,125,True,2026-04-11T03:05:34.000Z
2026-04-10 20:10:26,Disney California Adventure,Avengers Campus,8843,WEB SLINGERS: A Spider-Man Adventure,70,True,2026-04-11T03:05:34.000Z
2026-04-10 20:10:26,Disney California Adventure,Avengers Campus,10907,WEB SLINGERS: A Spider-Man Adventure Single Rider,0,True,2026-04-11T03:05:34.000Z
2026-04-10 20:10:26,Disney California Adventure,Cars Land,13961,Luigi's Rollickin' Roadsters,35,True,2026-04-11T03:05:34.000Z
2026-04-10 20:10:26,Disney California Adventure,Cars Land,315,Mater's Junkyard Jamboree,30,True,2026-04-11T03:05:34.000Z
2026-04-10 20:10:26,Disney California Adventure,Cars Land,295,Radiator Springs Racers,100,True,2026-04-11T03:05:34.000Z
2026-04-10 20:10:26,Disney California Adventure,Cars Land,10904,Radiator Springs Racers Single Rider,0,True,2026-04-11T03:05:34.000Z
2026-04-10 20:10:26,Disney California Adventure,Grizzly Peak,302,Grizzly River Run,5,True,2026-04-11T03:05:34.000Z
2026-04-10 20:10:26,Disney California Adventure,Grizzly Peak,293,Redwood Creek Challenge Trail,0,False,2026-04-11T03:05:34.000Z
2026-04-10 20:10:26,Disney California Adventure,Grizzly Peak,312,Soarin' Over California,80,True,2026-04-11T03:05:34.000Z
2026-04-10 20:10:26,Disney California Adventure,Hollywood Land,321,Animation Academy,0,True,2026-04-11T03:05:34.000Z
2026-04-10 20:10:26,Disney California Adventure,Hollywood Land,6440,Mickey's PhilharMagic,0,False,2026-04-11T03:05:34.000Z
2026-04-10 20:10:26,Disney California Adventure,Hollywood Land,291,"Monsters, Inc. Mike & Sulley to the Rescue!",0,False,2026-04-11T03:05:34.000Z
2026-04-10 20:10:26,Disney California Adventure,Hollywood Land,868,Sorcerer's Workshop,0,False,2026-04-11T03:05:34.000Z
2026-04-10 20:10:26,Disney California Adventure,Hollywood Land,294,Turtle Talk with Crush,0,True,2026-04-11T03:05:34.000Z
2026-04-10 20:10:26,Disney California Adventure,Paradise Gardens Park,298,Golden Zephyr,20,True,2026-04-11T03:05:34.000Z
2026-04-10 20:10:26,Disney California Adventure,Paradise Gardens Park,319,Goofy's Sky School,50,True,2026-04-11T03:05:34.000Z
2026-04-10 20:10:26,Disney California Adventure,Paradise Gardens Park,301,Silly Symphony Swings,25,True,2026-04-11T03:05:34.000Z
2026-04-10 20:10:26,Disney California Adventure,Paradise Gardens Park,10905,Silly Symphony Swings Single Rider,0,True,2026-04-11T03:05:34.000Z
2026-04-10 20:10:26,Disney California Adventure,Paradise Gardens Park,316,The Little Mermaid - Ariel's Undersea Adventure,35,True,2026-04-11T03:05:34.000Z
2026-04-10 20:10:26,Disney California Adventure,Paradise Gardens Park,14742,World of Color Happiness!,0,True,2026-04-11T03:05:34.000Z
2026-04-10 20:10:26,Disney California Adventure,Pixar Pier,13960,Games of Pixar Pier,0,True,2026-04-11T03:05:34.000Z
2026-04-10 20:10:26,Disney California Adventure,Pixar Pier,322,Incredicoaster,0,False,2026-04-11T03:05:34.000Z
2026-04-10 20:10:26,Disney California Adventure,Pixar Pier,10906,Incredicoaster Single Rider,0,False,2026-04-11T03:05:34.000Z
2026-04-10 20:10:26,Disney California Adventure,Pixar Pier,6643,Inside Out Emotional Whirlwind,0,False,2026-04-11T03:05:34.000Z
2026-04-10 20:10:26,Disney California Adventure,Pixar Pier,310,Jessie's Critter Carousel,5,True,2026-04-11T03:05:34.000Z
2026-04-10 20:10:26,Disney California Adventure,Pixar Pier,300,Jumpin' Jellyfish,0,False,2026-04-11T03:05:34.000Z
2026-04-10 20:10:26,Disney California Adventure,Pixar Pier,311,Pixar Pal-A-Round - Swinging,0,False,2026-04-11T03:05:34.000Z
2026-04-10 20:10:26,Disney California Adventure,Pixar Pier,5557,Pixar Pal-A-Round – Non-Swinging,0,False,2026-04-11T03:05:34.000Z
2026-04-10 20:10:26,Disney California Adventure,Pixar Pier,313,Toy Story Midway Mania!,0,False,2026-04-11T03:05:34.000Z
2026-04-10 20:10:26,Disney California Adventure,San Fransokyo Square,13959,The Bakery Tour,0,True,2026-04-11T03:05:34.000Z
2026-04-10 20:15:27,Disneyland,Adventureland,12428,Adventureland Treehouse inspired by Walt Disney’s Swiss Family Robinson,0,True,2026-04-11T03:10:37.000Z
2026-04-10 20:15:27,Disneyland,Adventureland,326,Indiana Jones™ Adventure,65,True,2026-04-11T03:10:37.000Z
2026-04-10 20:15:27,Disneyland,Adventureland,296,Jungle Cruise,0,False,2026-04-11T03:10:37.000Z
2026-04-10 20:15:27,Disneyland,Adventureland,288,Walt Disney's Enchanted Tiki Room,0,True,2026-04-11T03:10:37.000Z
2026-04-10 20:15:27,Disneyland,Bayou Country,304,Davy Crockett's Explorer Canoes,0,False,2026-04-11T03:10:37.000Z
2026-04-10 20:15:27,Disneyland,Bayou Country,306,The Many Adventures of Winnie the Pooh,25,True,2026-04-11T03:10:37.000Z
2026-04-10 20:15:27,Disneyland,Bayou Country,14168,Tiana's Bayou Adventure,30,True,2026-04-11T03:10:37.000Z
2026-04-10 20:15:27,Disneyland,Bayou Country,14326,Tiana's Bayou Adventure Single Rider,0,True,2026-04-11T03:10:37.000Z
2026-04-10 20:15:27,Disneyland,Fantasyland,307,"""it's a small world""",10,True,2026-04-11T03:10:37.000Z
2026-04-10 20:15:27,Disneyland,Fantasyland,285,Alice in Wonderland,0,False,2026-04-11T03:10:37.000Z
2026-04-10 20:15:27,Disneyland,Fantasyland,303,Casey Jr. Circus Train,15,True,2026-04-11T03:10:37.000Z
2026-04-10 20:15:27,Disneyland,Fantasyland,275,Dumbo the Flying Elephant,20,True,2026-04-11T03:10:37.000Z
2026-04-10 20:15:27,Disneyland,Fantasyland,277,King Arthur Carrousel,5,True,2026-04-11T03:10:37.000Z
2026-04-10 20:15:27,Disneyland,Fantasyland,278,Mad Tea Party,15,True,2026-04-11T03:10:37.000Z
2026-04-10 20:15:27,Disneyland,Fantasyland,279,Matterhorn Bobsleds,0,False,2026-04-11T03:10:37.000Z
2026-04-10 20:15:27,Disneyland,Fantasyland,6711,Meet Disney Princesses at Royal Hall,0,False,2026-04-11T03:10:37.000Z
2026-04-10 20:15:27,Disneyland,Fantasyland,280,Mr. Toad's Wild Ride,20,True,2026-04-11T03:10:37.000Z
2026-04-10 20:15:27,Disneyland,Fantasyland,281,Peter Pan's Flight,0,False,2026-04-11T03:10:37.000Z
2026-04-10 20:15:27,Disneyland,Fantasyland,282,Pinocchio's Daring Journey,10,True,2026-04-11T03:10:37.000Z
2026-04-10 20:15:27,Disneyland,Fantasyland,687,Sleeping Beauty Castle Walkthrough,0,False,2026-04-11T03:10:37.000Z
2026-04-10 20:15:27,Disneyland,Fantasyland,283,Snow White's Enchanted Wish,15,True,2026-04-11T03:10:37.000Z
2026-04-10 20:15:27,Disneyland,Fantasyland,305,Storybook Land Canal Boats,20,True,2026-04-11T03:10:37.000Z
2026-04-10 20:15:27,Disneyland,Frontierland,323,Big Thunder Mountain Railroad,60,True,2026-04-11T03:10:37.000Z
2026-04-10 20:15:27,Disneyland,Frontierland,679,Frontierland Shootin' Exposition,0,True,2026-04-11T03:10:37.000Z
2026-04-10 20:15:27,Disneyland,Frontierland,456,Mark Twain Riverboat,0,False,2026-04-11T03:10:37.000Z
2026-04-10 20:15:27,Disneyland,Frontierland,331,Pirate's Lair on Tom Sawyer Island,0,False,2026-04-11T03:10:37.000Z
2026-04-10 20:15:27,Disneyland,Frontierland,328,Sailing Ship Columbia,0,False,2026-04-11T03:10:37.000Z
2026-04-10 20:15:27,Disneyland,Main Street U.S.A,674,Disneyland Railroad,10,True,2026-04-11T03:10:37.000Z
2026-04-10 20:15:27,Disneyland,Main Street U.S.A,690,Great Moments with Mr. Lincoln,0,False,2026-04-11T03:10:37.000Z
2026-04-10 20:15:27,Disneyland,Main Street U.S.A,686,Main Street Cinema,0,True,2026-04-11T03:10:37.000Z
2026-04-10 20:15:27,Disneyland,Main Street U.S.A,691,Main Street Vehicles,0,True,2026-04-11T03:10:37.000Z
2026-04-10 20:15:27,Disneyland,Main Street U.S.A,14915,Opera House - Walt Disney - A Magical Life,0,False,2026-04-11T03:10:37.000Z
2026-04-10 20:15:27,Disneyland,Main Street U.S.A,695,The Disney Gallery,0,True,2026-04-11T03:10:37.000Z
2026-04-10 20:15:27,Disneyland,Main Street U.S.A,14923,Walt Disney - A Magical Life,0,False,2026-04-11T03:10:37.000Z
2026-04-10 20:15:27,Disneyland,Mickey's Toontown,324,Chip 'n' Dale's GADGETcoaster,0,False,2026-04-11T03:10:37.000Z
2026-04-10 20:15:27,Disneyland,Mickey's Toontown,13814,Donald's Duck Pond,0,True,2026-04-11T03:10:37.000Z
2026-04-10 20:15:27,Disneyland,Mickey's Toontown,11980,Goofy's How-to-Play Yard,0,False,2026-04-11T03:10:37.000Z
2026-04-10 20:15:27,Disneyland,Mickey's Toontown,11526,Mickey & Minnie's Runaway Railway,0,False,2026-04-11T03:10:37.000Z
2026-04-10 20:15:27,Disneyland,Mickey's Toontown,709,Mickey's House and Meet Mickey Mouse,0,False,2026-04-11T03:10:37.000Z
2026-04-10 20:15:27,Disneyland,Mickey's Toontown,327,Mickey's House and Meet Mickey Mouse,0,False,2026-04-11T03:10:37.000Z
2026-04-10 20:15:27,Disneyland,Mickey's Toontown,684,Minnie's House,0,True,2026-04-11T03:10:37.000Z
2026-04-10 20:15:27,Disneyland,Mickey's Toontown,332,Roger Rabbit's Car Toon Spin,0,False,2026-04-11T03:10:37.000Z
2026-04-10 20:15:27,Disneyland,New Orleans Square,13958,Haunted Mansion,35,True,2026-04-11T03:10:37.000Z
2026-04-10 20:15:27,Disneyland,New Orleans Square,289,Pirates of the Caribbean,20,True,2026-04-11T03:10:37.000Z
2026-04-10 20:15:27,Disneyland,Star Wars: Galaxy's Edge,6339,Millennium Falcon: Smugglers Run,35,True,2026-04-11T03:10:37.000Z
2026-04-10 20:15:27,Disneyland,Star Wars: Galaxy's Edge,10903,Millennium Falcon: Smugglers Run Single Rider,0,True,2026-04-11T03:10:37.000Z
2026-04-10 20:15:27,Disneyland,Star Wars: Galaxy's Edge,6340,Star Wars: Rise of the Resistance,45,True,2026-04-11T03:10:37.000Z
2026-04-10 20:15:27,Disneyland,Tomorrowland,287,Astro Orbitor,15,True,2026-04-11T03:10:37.000Z
2026-04-10 20:15:27,Disneyland,Tomorrowland,317,Autopia,35,True,2026-04-11T03:10:37.000Z
2026-04-10 20:15:27,Disneyland,Tomorrowland,273,Buzz Lightyear Astro Blasters,25,True,2026-04-11T03:10:37.000Z
2026-04-10 20:15:27,Disneyland,Tomorrowland,274,Disneyland Monorail,0,False,2026-04-11T03:10:37.000Z
2026-04-10 20:15:27,Disneyland,Tomorrowland,276,Finding Nemo Submarine Voyage,15,True,2026-04-11T03:10:37.000Z
2026-04-10 20:15:27,Disneyland,Tomorrowland,284,Space Mountain,80,True,2026-04-11T03:10:37.000Z
2026-04-10 20:15:27,Disneyland,Tomorrowland,286,Star Tours - The Adventures Continue,30,True,2026-04-11T03:10:37.000Z
2026-04-10 20:15:28,Disney California Adventure,Avengers Campus,329,Guardians of the Galaxy - Mission: BREAKOUT!,125,True,2026-04-11T03:10:48.000Z
2026-04-10 20:15:28,Disney California Adventure,Avengers Campus,8843,WEB SLINGERS: A Spider-Man Adventure,70,True,2026-04-11T03:10:48.000Z
2026-04-10 20:15:28,Disney California Adventure,Avengers Campus,10907,WEB SLINGERS: A Spider-Man Adventure Single Rider,0,True,2026-04-11T03:10:48.000Z
2026-04-10 20:15:28,Disney California Adventure,Cars Land,13961,Luigi's Rollickin' Roadsters,35,True,2026-04-11T03:10:48.000Z
2026-04-10 20:15:28,Disney California Adventure,Cars Land,315,Mater's Junkyard Jamboree,20,True,2026-04-11T03:10:48.000Z
2026-04-10 20:15:28,Disney California Adventure,Cars Land,295,Radiator Springs Racers,110,True,2026-04-11T03:10:48.000Z
2026-04-10 20:15:28,Disney California Adventure,Cars Land,10904,Radiator Springs Racers Single Rider,0,True,2026-04-11T03:10:48.000Z
2026-04-10 20:15:28,Disney California Adventure,Grizzly Peak,302,Grizzly River Run,5,True,2026-04-11T03:10:48.000Z
2026-04-10 20:15:28,Disney California Adventure,Grizzly Peak,293,Redwood Creek Challenge Trail,0,False,2026-04-11T03:10:48.000Z
2026-04-10 20:15:28,Disney California Adventure,Grizzly Peak,312,Soarin' Over California,80,True,2026-04-11T03:10:48.000Z
2026-04-10 20:15:28,Disney California Adventure,Hollywood Land,321,Animation Academy,0,True,2026-04-11T03:10:48.000Z
2026-04-10 20:15:28,Disney California Adventure,Hollywood Land,6440,Mickey's PhilharMagic,0,False,2026-04-11T03:10:48.000Z
2026-04-10 20:15:28,Disney California Adventure,Hollywood Land,291,"Monsters, Inc. Mike & Sulley to the Rescue!",0,False,2026-04-11T03:10:48.000Z
2026-04-10 20:15:28,Disney California Adventure,Hollywood Land,868,Sorcerer's Workshop,0,False,2026-04-11T03:10:48.000Z
2026-04-10 20:15:28,Disney California Adventure,Hollywood Land,294,Turtle Talk with Crush,0,True,2026-04-11T03:10:48.000Z
2026-04-10 20:15:28,Disney California Adventure,Paradise Gardens Park,298,Golden Zephyr,20,True,2026-04-11T03:10:48.000Z
2026-04-10 20:15:28,Disney California Adventure,Paradise Gardens Park,319,Goofy's Sky School,50,True,2026-04-11T03:10:48.000Z
2026-04-10 20:15:28,Disney California Adventure,Paradise Gardens Park,301,Silly Symphony Swings,25,True,2026-04-11T03:10:48.000Z
2026-04-10 20:15:28,Disney California Adventure,Paradise Gardens Park,10905,Silly Symphony Swings Single Rider,0,True,2026-04-11T03:10:48.000Z
2026-04-10 20:15:28,Disney California Adventure,Paradise Gardens Park,316,The Little Mermaid - Ariel's Undersea Adventure,35,True,2026-04-11T03:10:48.000Z
2026-04-10 20:15:28,Disney California Adventure,Paradise Gardens Park,14742,World of Color Happiness!,0,True,2026-04-11T03:10:48.000Z
2026-04-10 20:15:28,Disney California Adventure,Pixar Pier,13960,Games of Pixar Pier,0,True,2026-04-11T03:10:48.000Z
2026-04-10 20:15:28,Disney California Adventure,Pixar Pier,322,Incredicoaster,0,False,2026-04-11T03:10:48.000Z
2026-04-10 20:15:28,Disney California Adventure,Pixar Pier,10906,Incredicoaster Single Rider,0,False,2026-04-11T03:10:48.000Z
2026-04-10 20:15:28,Disney California Adventure,Pixar Pier,6643,Inside Out Emotional Whirlwind,0,False,2026-04-11T03:10:48.000Z
2026-04-10 20:15:28,Disney California Adventure,Pixar Pier,310,Jessie's Critter Carousel,5,True,2026-04-11T03:10:48.000Z
2026-04-10 20:15:28,Disney California Adventure,Pixar Pier,300,Jumpin' Jellyfish,25,True,2026-04-11T03:10:48.000Z
2026-04-10 20:15:28,Disney California Adventure,Pixar Pier,311,Pixar Pal-A-Round - Swinging,0,False,2026-04-11T03:10:48.000Z
2026-04-10 20:15:28,Disney California Adventure,Pixar Pier,5557,Pixar Pal-A-Round – Non-Swinging,0,False,2026-04-11T03:10:48.000Z
2026-04-10 20:15:28,Disney California Adventure,Pixar Pier,313,Toy Story Midway Mania!,0,False,2026-04-11T03:10:48.000Z
2026-04-10 20:15:28,Disney California Adventure,San Fransokyo Square,13959,The Bakery Tour,0,True,2026-04-11T03:10:48.000Z
2026-04-10 20:20:31,Disneyland,Adventureland,12428,Adventureland Treehouse inspired by Walt Disney’s Swiss Family Robinson,0,True,2026-04-11T03:15:57.000Z
2026-04-10 20:20:31,Disneyland,Adventureland,326,Indiana Jones™ Adventure,70,True,2026-04-11T03:15:57.000Z
2026-04-10 20:20:31,Disneyland,Adventureland,296,Jungle Cruise,0,False,2026-04-11T03:15:57.000Z
2026-04-10 20:20:31,Disneyland,Adventureland,288,Walt Disney's Enchanted Tiki Room,0,True,2026-04-11T03:15:57.000Z
2026-04-10 20:20:31,Disneyland,Bayou Country,304,Davy Crockett's Explorer Canoes,0,False,2026-04-11T03:15:57.000Z
2026-04-10 20:20:31,Disneyland,Bayou Country,306,The Many Adventures of Winnie the Pooh,15,True,2026-04-11T03:15:57.000Z
2026-04-10 20:20:31,Disneyland,Bayou Country,14168,Tiana's Bayou Adventure,30,True,2026-04-11T03:15:57.000Z
2026-04-10 20:20:31,Disneyland,Bayou Country,14326,Tiana's Bayou Adventure Single Rider,0,True,2026-04-11T03:15:57.000Z
2026-04-10 20:20:31,Disneyland,Fantasyland,307,"""it's a small world""",10,True,2026-04-11T03:15:57.000Z
2026-04-10 20:20:31,Disneyland,Fantasyland,285,Alice in Wonderland,0,False,2026-04-11T03:15:57.000Z
2026-04-10 20:20:31,Disneyland,Fantasyland,303,Casey Jr. Circus Train,15,True,2026-04-11T03:15:57.000Z
2026-04-10 20:20:31,Disneyland,Fantasyland,275,Dumbo the Flying Elephant,20,True,2026-04-11T03:15:57.000Z
2026-04-10 20:20:31,Disneyland,Fantasyland,277,King Arthur Carrousel,5,True,2026-04-11T03:15:57.000Z
2026-04-10 20:20:31,Disneyland,Fantasyland,278,Mad Tea Party,15,True,2026-04-11T03:15:57.000Z
2026-04-10 20:20:31,Disneyland,Fantasyland,279,Matterhorn Bobsleds,0,False,2026-04-11T03:15:57.000Z
2026-04-10 20:20:31,Disneyland,Fantasyland,6711,Meet Disney Princesses at Royal Hall,0,False,2026-04-11T03:15:57.000Z
2026-04-10 20:20:31,Disneyland,Fantasyland,280,Mr. Toad's Wild Ride,20,True,2026-04-11T03:15:57.000Z
2026-04-10 20:20:31,Disneyland,Fantasyland,281,Peter Pan's Flight,0,False,2026-04-11T03:15:57.000Z
2026-04-10 20:20:31,Disneyland,Fantasyland,282,Pinocchio's Daring Journey,10,True,2026-04-11T03:15:57.000Z
2026-04-10 20:20:31,Disneyland,Fantasyland,687,Sleeping Beauty Castle Walkthrough,0,False,2026-04-11T03:15:57.000Z
2026-04-10 20:20:31,Disneyland,Fantasyland,283,Snow White's Enchanted Wish,15,True,2026-04-11T03:15:57.000Z
2026-04-10 20:20:31,Disneyland,Fantasyland,305,Storybook Land Canal Boats,20,True,2026-04-11T03:15:57.000Z
2026-04-10 20:20:31,Disneyland,Frontierland,323,Big Thunder Mountain Railroad,60,True,2026-04-11T03:15:57.000Z
2026-04-10 20:20:31,Disneyland,Frontierland,679,Frontierland Shootin' Exposition,0,True,2026-04-11T03:15:57.000Z
2026-04-10 20:20:31,Disneyland,Frontierland,456,Mark Twain Riverboat,0,False,2026-04-11T03:15:57.000Z
2026-04-10 20:20:31,Disneyland,Frontierland,331,Pirate's Lair on Tom Sawyer Island,0,False,2026-04-11T03:15:57.000Z
2026-04-10 20:20:31,Disneyland,Frontierland,328,Sailing Ship Columbia,0,False,2026-04-11T03:15:57.000Z
2026-04-10 20:20:31,Disneyland,Main Street U.S.A,674,Disneyland Railroad,10,True,2026-04-11T03:15:57.000Z
2026-04-10 20:20:31,Disneyland,Main Street U.S.A,690,Great Moments with Mr. Lincoln,0,False,2026-04-11T03:15:57.000Z
2026-04-10 20:20:31,Disneyland,Main Street U.S.A,686,Main Street Cinema,0,True,2026-04-11T03:15:57.000Z
2026-04-10 20:20:31,Disneyland,Main Street U.S.A,691,Main Street Vehicles,0,True,2026-04-11T03:15:57.000Z
2026-04-10 20:20:31,Disneyland,Main Street U.S.A,14915,Opera House - Walt Disney - A Magical Life,0,False,2026-04-11T03:15:57.000Z
2026-04-10 20:20:31,Disneyland,Main Street U.S.A,695,The Disney Gallery,0,True,2026-04-11T03:15:57.000Z
2026-04-10 20:20:31,Disneyland,Main Street U.S.A,14923,Walt Disney - A Magical Life,0,False,2026-04-11T03:15:57.000Z
2026-04-10 20:20:31,Disneyland,Mickey's Toontown,324,Chip 'n' Dale's GADGETcoaster,0,False,2026-04-11T03:15:57.000Z
2026-04-10 20:20:31,Disneyland,Mickey's Toontown,13814,Donald's Duck Pond,0,True,2026-04-11T03:15:57.000Z
2026-04-10 20:20:31,Disneyland,Mickey's Toontown,11980,Goofy's How-to-Play Yard,0,False,2026-04-11T03:15:57.000Z
2026-04-10 20:20:31,Disneyland,Mickey's Toontown,11526,Mickey & Minnie's Runaway Railway,0,False,2026-04-11T03:15:57.000Z
2026-04-10 20:20:31,Disneyland,Mickey's Toontown,709,Mickey's House and Meet Mickey Mouse,0,False,2026-04-11T03:15:57.000Z
2026-04-10 20:20:31,Disneyland,Mickey's Toontown,327,Mickey's House and Meet Mickey Mouse,0,False,2026-04-11T03:15:57.000Z
2026-04-10 20:20:31,Disneyland,Mickey's Toontown,684,Minnie's House,0,True,2026-04-11T03:15:57.000Z
2026-04-10 20:20:31,Disneyland,Mickey's Toontown,332,Roger Rabbit's Car Toon Spin,0,False,2026-04-11T03:15:57.000Z
2026-04-10 20:20:31,Disneyland,New Orleans Square,13958,Haunted Mansion,35,True,2026-04-11T03:15:57.000Z
2026-04-10 20:20:31,Disneyland,New Orleans Square,289,Pirates of the Caribbean,20,True,2026-04-11T03:15:57.000Z
2026-04-10 20:20:31,Disneyland,Star Wars: Galaxy's Edge,6339,Millennium Falcon: Smugglers Run,35,True,2026-04-11T03:15:57.000Z
2026-04-10 20:20:31,Disneyland,Star Wars: Galaxy's Edge,10903,Millennium Falcon: Smugglers Run Single Rider,0,True,2026-04-11T03:15:57.000Z
2026-04-10 20:20:31,Disneyland,Star Wars: Galaxy's Edge,6340,Star Wars: Rise of the Resistance,45,True,2026-04-11T03:15:57.000Z
2026-04-10 20:20:31,Disneyland,Tomorrowland,287,Astro Orbitor,15,True,2026-04-11T03:15:57.000Z
2026-04-10 20:20:31,Disneyland,Tomorrowland,317,Autopia,35,True,2026-04-11T03:15:57.000Z
2026-04-10 20:20:31,Disneyland,Tomorrowland,273,Buzz Lightyear Astro Blasters,25,True,2026-04-11T03:15:57.000Z
2026-04-10 20:20:31,Disneyland,Tomorrowland,274,Disneyland Monorail,0,False,2026-04-11T03:15:57.000Z
2026-04-10 20:20:31,Disneyland,Tomorrowland,276,Finding Nemo Submarine Voyage,15,True,2026-04-11T03:15:57.000Z
2026-04-10 20:20:31,Disneyland,Tomorrowland,284,Space Mountain,85,True,2026-04-11T03:15:57.000Z
2026-04-10 20:20:31,Disneyland,Tomorrowland,286,Star Tours - The Adventures Continue,30,True,2026-04-11T03:15:57.000Z
2026-04-10 20:20:31,Disney California Adventure,Avengers Campus,329,Guardians of the Galaxy - Mission: BREAKOUT!,125,True,2026-04-11T03:15:59.000Z
2026-04-10 20:20:31,Disney California Adventure,Avengers Campus,8843,WEB SLINGERS: A Spider-Man Adventure,50,True,2026-04-11T03:15:59.000Z
2026-04-10 20:20:31,Disney California Adventure,Avengers Campus,10907,WEB SLINGERS: A Spider-Man Adventure Single Rider,0,True,2026-04-11T03:15:59.000Z
2026-04-10 20:20:31,Disney California Adventure,Cars Land,13961,Luigi's Rollickin' Roadsters,35,True,2026-04-11T03:15:59.000Z
2026-04-10 20:20:31,Disney California Adventure,Cars Land,315,Mater's Junkyard Jamboree,20,True,2026-04-11T03:15:59.000Z
2026-04-10 20:20:31,Disney California Adventure,Cars Land,295,Radiator Springs Racers,0,False,2026-04-11T03:15:59.000Z
2026-04-10 20:20:31,Disney California Adventure,Cars Land,10904,Radiator Springs Racers Single Rider,0,False,2026-04-11T03:15:59.000Z
2026-04-10 20:20:31,Disney California Adventure,Grizzly Peak,302,Grizzly River Run,5,True,2026-04-11T03:15:59.000Z
2026-04-10 20:20:31,Disney California Adventure,Grizzly Peak,293,Redwood Creek Challenge Trail,0,False,2026-04-11T03:15:59.000Z
2026-04-10 20:20:31,Disney California Adventure,Grizzly Peak,312,Soarin' Over California,80,True,2026-04-11T03:15:59.000Z
2026-04-10 20:20:31,Disney California Adventure,Hollywood Land,321,Animation Academy,0,True,2026-04-11T03:15:59.000Z
2026-04-10 20:20:31,Disney California Adventure,Hollywood Land,6440,Mickey's PhilharMagic,0,False,2026-04-11T03:15:59.000Z
2026-04-10 20:20:31,Disney California Adventure,Hollywood Land,291,"Monsters, Inc. Mike & Sulley to the Rescue!",0,False,2026-04-11T03:15:59.000Z
2026-04-10 20:20:31,Disney California Adventure,Hollywood Land,868,Sorcerer's Workshop,0,False,2026-04-11T03:15:59.000Z
2026-04-10 20:20:31,Disney California Adventure,Hollywood Land,294,Turtle Talk with Crush,0,True,2026-04-11T03:15:59.000Z
2026-04-10 20:20:31,Disney California Adventure,Paradise Gardens Park,298,Golden Zephyr,20,True,2026-04-11T03:15:59.000Z
2026-04-10 20:20:31,Disney California Adventure,Paradise Gardens Park,319,Goofy's Sky School,50,True,2026-04-11T03:15:59.000Z
2026-04-10 20:20:31,Disney California Adventure,Paradise Gardens Park,301,Silly Symphony Swings,25,True,2026-04-11T03:15:59.000Z
2026-04-10 20:20:31,Disney California Adventure,Paradise Gardens Park,10905,Silly Symphony Swings Single Rider,0,True,2026-04-11T03:15:59.000Z
2026-04-10 20:20:31,Disney California Adventure,Paradise Gardens Park,316,The Little Mermaid - Ariel's Undersea Adventure,20,True,2026-04-11T03:15:59.000Z
2026-04-10 20:20:31,Disney California Adventure,Paradise Gardens Park,14742,World of Color Happiness!,0,True,2026-04-11T03:15:59.000Z
2026-04-10 20:20:31,Disney California Adventure,Pixar Pier,13960,Games of Pixar Pier,0,True,2026-04-11T03:15:59.000Z
2026-04-10 20:20:31,Disney California Adventure,Pixar Pier,322,Incredicoaster,0,False,2026-04-11T03:15:59.000Z
2026-04-10 20:20:31,Disney California Adventure,Pixar Pier,10906,Incredicoaster Single Rider,0,False,2026-04-11T03:15:59.000Z
2026-04-10 20:20:31,Disney California Adventure,Pixar Pier,6643,Inside Out Emotional Whirlwind,0,False,2026-04-11T03:15:59.000Z
2026-04-10 20:20:31,Disney California Adventure,Pixar Pier,310,Jessie's Critter Carousel,5,True,2026-04-11T03:15:59.000Z
2026-04-10 20:20:31,Disney California Adventure,Pixar Pier,300,Jumpin' Jellyfish,20,True,2026-04-11T03:15:59.000Z
2026-04-10 20:20:31,Disney California Adventure,Pixar Pier,311,Pixar Pal-A-Round - Swinging,0,False,2026-04-11T03:15:59.000Z
2026-04-10 20:20:31,Disney California Adventure,Pixar Pier,5557,Pixar Pal-A-Round – Non-Swinging,0,False,2026-04-11T03:15:59.000Z
2026-04-10 20:20:31,Disney California Adventure,Pixar Pier,313,Toy Story Midway Mania!,0,False,2026-04-11T03:15:59.000Z
2026-04-10 20:20:31,Disney California Adventure,San Fransokyo Square,13959,The Bakery Tour,0,True,2026-04-11T03:15:59.000Z
2026-04-10 20:25:27,Disneyland,Adventureland,12428,Adventureland Treehouse inspired by Walt Disney’s Swiss Family Robinson,0,False,2026-04-11T03:20:34.000Z
2026-04-10 20:25:27,Disneyland,Adventureland,326,Indiana Jones™ Adventure,70,True,2026-04-11T03:20:34.000Z
2026-04-10 20:25:27,Disneyland,Adventureland,296,Jungle Cruise,0,False,2026-04-11T03:20:34.000Z
2026-04-10 20:25:27,Disneyland,Adventureland,288,Walt Disney's Enchanted Tiki Room,0,True,2026-04-11T03:20:34.000Z
2026-04-10 20:25:27,Disneyland,Bayou Country,304,Davy Crockett's Explorer Canoes,0,False,2026-04-11T03:20:34.000Z
2026-04-10 20:25:27,Disneyland,Bayou Country,306,The Many Adventures of Winnie the Pooh,15,True,2026-04-11T03:20:34.000Z
2026-04-10 20:25:27,Disneyland,Bayou Country,14168,Tiana's Bayou Adventure,30,True,2026-04-11T03:20:34.000Z
2026-04-10 20:25:27,Disneyland,Bayou Country,14326,Tiana's Bayou Adventure Single Rider,0,True,2026-04-11T03:20:34.000Z
2026-04-10 20:25:27,Disneyland,Fantasyland,307,"""it's a small world""",0,False,2026-04-11T03:20:34.000Z
2026-04-10 20:25:27,Disneyland,Fantasyland,285,Alice in Wonderland,0,False,2026-04-11T03:20:34.000Z
2026-04-10 20:25:27,Disneyland,Fantasyland,303,Casey Jr. Circus Train,15,True,2026-04-11T03:20:34.000Z
2026-04-10 20:25:27,Disneyland,Fantasyland,275,Dumbo the Flying Elephant,35,True,2026-04-11T03:20:34.000Z
2026-04-10 20:25:27,Disneyland,Fantasyland,277,King Arthur Carrousel,5,True,2026-04-11T03:20:34.000Z
2026-04-10 20:25:27,Disneyland,Fantasyland,278,Mad Tea Party,15,True,2026-04-11T03:20:34.000Z
2026-04-10 20:25:27,Disneyland,Fantasyland,279,Matterhorn Bobsleds,0,False,2026-04-11T03:20:34.000Z
2026-04-10 20:25:27,Disneyland,Fantasyland,6711,Meet Disney Princesses at Royal Hall,0,False,2026-04-11T03:20:34.000Z
2026-04-10 20:25:27,Disneyland,Fantasyland,280,Mr. Toad's Wild Ride,20,True,2026-04-11T03:20:34.000Z
2026-04-10 20:25:27,Disneyland,Fantasyland,281,Peter Pan's Flight,0,False,2026-04-11T03:20:34.000Z
2026-04-10 20:25:27,Disneyland,Fantasyland,282,Pinocchio's Daring Journey,10,True,2026-04-11T03:20:34.000Z
2026-04-10 20:25:27,Disneyland,Fantasyland,687,Sleeping Beauty Castle Walkthrough,0,False,2026-04-11T03:20:34.000Z
2026-04-10 20:25:27,Disneyland,Fantasyland,283,Snow White's Enchanted Wish,15,True,2026-04-11T03:20:34.000Z
2026-04-10 20:25:27,Disneyland,Fantasyland,305,Storybook Land Canal Boats,20,True,2026-04-11T03:20:34.000Z
2026-04-10 20:25:27,Disneyland,Frontierland,323,Big Thunder Mountain Railroad,70,True,2026-04-11T03:20:34.000Z
2026-04-10 20:25:27,Disneyland,Frontierland,679,Frontierland Shootin' Exposition,0,True,2026-04-11T03:20:34.000Z
2026-04-10 20:25:27,Disneyland,Frontierland,456,Mark Twain Riverboat,0,False,2026-04-11T03:20:34.000Z
2026-04-10 20:25:27,Disneyland,Frontierland,331,Pirate's Lair on Tom Sawyer Island,0,False,2026-04-11T03:20:34.000Z
2026-04-10 20:25:27,Disneyland,Frontierland,328,Sailing Ship Columbia,0,False,2026-04-11T03:20:34.000Z
2026-04-10 20:25:27,Disneyland,Main Street U.S.A,674,Disneyland Railroad,10,True,2026-04-11T03:20:34.000Z
2026-04-10 20:25:27,Disneyland,Main Street U.S.A,690,Great Moments with Mr. Lincoln,0,False,2026-04-11T03:20:34.000Z
2026-04-10 20:25:27,Disneyland,Main Street U.S.A,686,Main Street Cinema,0,True,2026-04-11T03:20:34.000Z
2026-04-10 20:25:27,Disneyland,Main Street U.S.A,691,Main Street Vehicles,0,True,2026-04-11T03:20:34.000Z
2026-04-10 20:25:27,Disneyland,Main Street U.S.A,14915,Opera House - Walt Disney - A Magical Life,0,False,2026-04-11T03:20:34.000Z
2026-04-10 20:25:27,Disneyland,Main Street U.S.A,695,The Disney Gallery,0,True,2026-04-11T03:20:34.000Z
2026-04-10 20:25:27,Disneyland,Main Street U.S.A,14923,Walt Disney - A Magical Life,0,False,2026-04-11T03:20:34.000Z
2026-04-10 20:25:27,Disneyland,Mickey's Toontown,324,Chip 'n' Dale's GADGETcoaster,0,False,2026-04-11T03:20:34.000Z
2026-04-10 20:25:27,Disneyland,Mickey's Toontown,13814,Donald's Duck Pond,0,True,2026-04-11T03:20:34.000Z
2026-04-10 20:25:27,Disneyland,Mickey's Toontown,11980,Goofy's How-to-Play Yard,0,False,2026-04-11T03:20:34.000Z
2026-04-10 20:25:27,Disneyland,Mickey's Toontown,11526,Mickey & Minnie's Runaway Railway,0,False,2026-04-11T03:20:34.000Z
2026-04-10 20:25:27,Disneyland,Mickey's Toontown,709,Mickey's House and Meet Mickey Mouse,0,False,2026-04-11T03:20:34.000Z
2026-04-10 20:25:27,Disneyland,Mickey's Toontown,327,Mickey's House and Meet Mickey Mouse,0,False,2026-04-11T03:20:34.000Z
2026-04-10 20:25:27,Disneyland,Mickey's Toontown,684,Minnie's House,0,True,2026-04-11T03:20:34.000Z
2026-04-10 20:25:27,Disneyland,Mickey's Toontown,332,Roger Rabbit's Car Toon Spin,0,False,2026-04-11T03:20:34.000Z
2026-04-10 20:25:27,Disneyland,New Orleans Square,13958,Haunted Mansion,40,True,2026-04-11T03:20:34.000Z
2026-04-10 20:25:27,Disneyland,New Orleans Square,289,Pirates of the Caribbean,0,False,2026-04-11T03:20:34.000Z
2026-04-10 20:25:27,Disneyland,Star Wars: Galaxy's Edge,6339,Millennium Falcon: Smugglers Run,35,True,2026-04-11T03:20:34.000Z
2026-04-10 20:25:27,Disneyland,Star Wars: Galaxy's Edge,10903,Millennium Falcon: Smugglers Run Single Rider,0,True,2026-04-11T03:20:34.000Z
2026-04-10 20:25:27,Disneyland,Star Wars: Galaxy's Edge,6340,Star Wars: Rise of the Resistance,45,True,2026-04-11T03:20:34.000Z
2026-04-10 20:25:27,Disneyland,Tomorrowland,287,Astro Orbitor,15,True,2026-04-11T03:20:34.000Z
2026-04-10 20:25:27,Disneyland,Tomorrowland,317,Autopia,20,True,2026-04-11T03:20:34.000Z
2026-04-10 20:25:27,Disneyland,Tomorrowland,273,Buzz Lightyear Astro Blasters,30,True,2026-04-11T03:20:34.000Z
2026-04-10 20:25:27,Disneyland,Tomorrowland,274,Disneyland Monorail,0,False,2026-04-11T03:20:34.000Z
2026-04-10 20:25:27,Disneyland,Tomorrowland,276,Finding Nemo Submarine Voyage,15,True,2026-04-11T03:20:34.000Z
2026-04-10 20:25:27,Disneyland,Tomorrowland,284,Space Mountain,85,True,2026-04-11T03:20:34.000Z
2026-04-10 20:25:27,Disneyland,Tomorrowland,286,Star Tours - The Adventures Continue,30,True,2026-04-11T03:20:34.000Z
2026-04-10 20:25:27,Disney California Adventure,Avengers Campus,329,Guardians of the Galaxy - Mission: BREAKOUT!,125,True,2026-04-11T03:20:34.000Z
2026-04-10 20:25:27,Disney California Adventure,Avengers Campus,8843,WEB SLINGERS: A Spider-Man Adventure,50,True,2026-04-11T03:20:34.000Z
2026-04-10 20:25:27,Disney California Adventure,Avengers Campus,10907,WEB SLINGERS: A Spider-Man Adventure Single Rider,0,True,2026-04-11T03:20:34.000Z
2026-04-10 20:25:27,Disney California Adventure,Cars Land,13961,Luigi's Rollickin' Roadsters,35,True,2026-04-11T03:20:34.000Z
2026-04-10 20:25:27,Disney California Adventure,Cars Land,315,Mater's Junkyard Jamboree,20,True,2026-04-11T03:20:34.000Z
2026-04-10 20:25:27,Disney California Adventure,Cars Land,295,Radiator Springs Racers,110,True,2026-04-11T03:20:34.000Z
2026-04-10 20:25:27,Disney California Adventure,Cars Land,10904,Radiator Springs Racers Single Rider,0,True,2026-04-11T03:20:34.000Z
2026-04-10 20:25:27,Disney California Adventure,Grizzly Peak,302,Grizzly River Run,5,True,2026-04-11T03:20:34.000Z
2026-04-10 20:25:27,Disney California Adventure,Grizzly Peak,293,Redwood Creek Challenge Trail,0,False,2026-04-11T03:20:34.000Z
2026-04-10 20:25:27,Disney California Adventure,Grizzly Peak,312,Soarin' Over California,80,True,2026-04-11T03:20:34.000Z
2026-04-10 20:25:27,Disney California Adventure,Hollywood Land,321,Animation Academy,0,True,2026-04-11T03:20:34.000Z
2026-04-10 20:25:27,Disney California Adventure,Hollywood Land,6440,Mickey's PhilharMagic,0,False,2026-04-11T03:20:34.000Z
2026-04-10 20:25:27,Disney California Adventure,Hollywood Land,291,"Monsters, Inc. Mike & Sulley to the Rescue!",0,False,2026-04-11T03:20:34.000Z
2026-04-10 20:25:27,Disney California Adventure,Hollywood Land,868,Sorcerer's Workshop,0,False,2026-04-11T03:20:34.000Z
2026-04-10 20:25:27,Disney California Adventure,Hollywood Land,294,Turtle Talk with Crush,0,True,2026-04-11T03:20:34.000Z
2026-04-10 20:25:27,Disney California Adventure,Paradise Gardens Park,298,Golden Zephyr,20,True,2026-04-11T03:20:34.000Z
2026-04-10 20:25:27,Disney California Adventure,Paradise Gardens Park,319,Goofy's Sky School,40,True,2026-04-11T03:20:34.000Z
2026-04-10 20:25:27,Disney California Adventure,Paradise Gardens Park,301,Silly Symphony Swings,15,True,2026-04-11T03:20:34.000Z
2026-04-10 20:25:27,Disney California Adventure,Paradise Gardens Park,10905,Silly Symphony Swings Single Rider,0,True,2026-04-11T03:20:34.000Z
2026-04-10 20:25:27,Disney California Adventure,Paradise Gardens Park,316,The Little Mermaid - Ariel's Undersea Adventure,20,True,2026-04-11T03:20:34.000Z
2026-04-10 20:25:27,Disney California Adventure,Paradise Gardens Park,14742,World of Color Happiness!,0,True,2026-04-11T03:20:34.000Z
2026-04-10 20:25:27,Disney California Adventure,Pixar Pier,13960,Games of Pixar Pier,0,True,2026-04-11T03:20:34.000Z
2026-04-10 20:25:27,Disney California Adventure,Pixar Pier,322,Incredicoaster,0,False,2026-04-11T03:20:34.000Z
2026-04-10 20:25:27,Disney California Adventure,Pixar Pier,10906,Incredicoaster Single Rider,0,False,2026-04-11T03:20:34.000Z
2026-04-10 20:25:27,Disney California Adventure,Pixar Pier,6643,Inside Out Emotional Whirlwind,0,False,2026-04-11T03:20:34.000Z
2026-04-10 20:25:27,Disney California Adventure,Pixar Pier,310,Jessie's Critter Carousel,5,True,2026-04-11T03:20:34.000Z
2026-04-10 20:25:27,Disney California Adventure,Pixar Pier,300,Jumpin' Jellyfish,20,True,2026-04-11T03:20:34.000Z
2026-04-10 20:25:27,Disney California Adventure,Pixar Pier,311,Pixar Pal-A-Round - Swinging,0,False,2026-04-11T03:20:34.000Z
2026-04-10 20:25:27,Disney California Adventure,Pixar Pier,5557,Pixar Pal-A-Round – Non-Swinging,0,False,2026-04-11T03:20:34.000Z
2026-04-10 20:25:27,Disney California Adventure,Pixar Pier,313,Toy Story Midway Mania!,0,False,2026-04-11T03:20:34.000Z
2026-04-10 20:25:27,Disney California Adventure,San Fransokyo Square,13959,The Bakery Tour,0,True,2026-04-11T03:20:34.000Z
2026-04-10 20:30:30,Disneyland,Adventureland,12428,Adventureland Treehouse inspired by Walt Disney’s Swiss Family Robinson,0,False,2026-04-11T03:25:31.000Z
2026-04-10 20:30:30,Disneyland,Adventureland,326,Indiana Jones™ Adventure,70,True,2026-04-11T03:25:31.000Z
2026-04-10 20:30:30,Disneyland,Adventureland,296,Jungle Cruise,0,False,2026-04-11T03:25:31.000Z
2026-04-10 20:30:30,Disneyland,Adventureland,288,Walt Disney's Enchanted Tiki Room,0,True,2026-04-11T03:25:31.000Z
2026-04-10 20:30:30,Disneyland,Bayou Country,304,Davy Crockett's Explorer Canoes,0,False,2026-04-11T03:25:31.000Z
2026-04-10 20:30:30,Disneyland,Bayou Country,306,The Many Adventures of Winnie the Pooh,10,True,2026-04-11T03:25:31.000Z
2026-04-10 20:30:30,Disneyland,Bayou Country,14168,Tiana's Bayou Adventure,30,True,2026-04-11T03:25:31.000Z
2026-04-10 20:30:30,Disneyland,Bayou Country,14326,Tiana's Bayou Adventure Single Rider,0,True,2026-04-11T03:25:31.000Z
2026-04-10 20:30:30,Disneyland,Fantasyland,307,"""it's a small world""",0,False,2026-04-11T03:25:31.000Z
2026-04-10 20:30:30,Disneyland,Fantasyland,285,Alice in Wonderland,0,False,2026-04-11T03:25:31.000Z
2026-04-10 20:30:30,Disneyland,Fantasyland,303,Casey Jr. Circus Train,15,True,2026-04-11T03:25:31.000Z
2026-04-10 20:30:30,Disneyland,Fantasyland,275,Dumbo the Flying Elephant,35,True,2026-04-11T03:25:31.000Z
2026-04-10 20:30:30,Disneyland,Fantasyland,277,King Arthur Carrousel,5,True,2026-04-11T03:25:31.000Z
2026-04-10 20:30:30,Disneyland,Fantasyland,278,Mad Tea Party,15,True,2026-04-11T03:25:31.000Z
2026-04-10 20:30:30,Disneyland,Fantasyland,279,Matterhorn Bobsleds,0,False,2026-04-11T03:25:31.000Z
2026-04-10 20:30:30,Disneyland,Fantasyland,6711,Meet Disney Princesses at Royal Hall,0,False,2026-04-11T03:25:31.000Z
2026-04-10 20:30:30,Disneyland,Fantasyland,280,Mr. Toad's Wild Ride,20,True,2026-04-11T03:25:31.000Z
2026-04-10 20:30:30,Disneyland,Fantasyland,281,Peter Pan's Flight,0,False,2026-04-11T03:25:31.000Z
2026-04-10 20:30:30,Disneyland,Fantasyland,282,Pinocchio's Daring Journey,10,True,2026-04-11T03:25:31.000Z
2026-04-10 20:30:30,Disneyland,Fantasyland,687,Sleeping Beauty Castle Walkthrough,0,False,2026-04-11T03:25:31.000Z
2026-04-10 20:30:30,Disneyland,Fantasyland,283,Snow White's Enchanted Wish,15,True,2026-04-11T03:25:31.000Z
2026-04-10 20:30:30,Disneyland,Fantasyland,305,Storybook Land Canal Boats,15,True,2026-04-11T03:25:31.000Z
2026-04-10 20:30:30,Disneyland,Frontierland,323,Big Thunder Mountain Railroad,70,True,2026-04-11T03:25:31.000Z
2026-04-10 20:30:30,Disneyland,Frontierland,679,Frontierland Shootin' Exposition,0,True,2026-04-11T03:25:31.000Z
2026-04-10 20:30:30,Disneyland,Frontierland,456,Mark Twain Riverboat,0,False,2026-04-11T03:25:31.000Z
2026-04-10 20:30:30,Disneyland,Frontierland,331,Pirate's Lair on Tom Sawyer Island,0,False,2026-04-11T03:25:31.000Z
2026-04-10 20:30:30,Disneyland,Frontierland,328,Sailing Ship Columbia,0,False,2026-04-11T03:25:31.000Z
2026-04-10 20:30:30,Disneyland,Main Street U.S.A,674,Disneyland Railroad,10,True,2026-04-11T03:25:31.000Z
2026-04-10 20:30:30,Disneyland,Main Street U.S.A,690,Great Moments with Mr. Lincoln,0,False,2026-04-11T03:25:31.000Z
2026-04-10 20:30:30,Disneyland,Main Street U.S.A,686,Main Street Cinema,0,True,2026-04-11T03:25:31.000Z
2026-04-10 20:30:30,Disneyland,Main Street U.S.A,691,Main Street Vehicles,0,True,2026-04-11T03:25:31.000Z
2026-04-10 20:30:30,Disneyland,Main Street U.S.A,14915,Opera House - Walt Disney - A Magical Life,0,False,2026-04-11T03:25:31.000Z
2026-04-10 20:30:30,Disneyland,Main Street U.S.A,695,The Disney Gallery,0,True,2026-04-11T03:25:31.000Z
2026-04-10 20:30:30,Disneyland,Main Street U.S.A,14923,Walt Disney - A Magical Life,0,False,2026-04-11T03:25:31.000Z
2026-04-10 20:30:30,Disneyland,Mickey's Toontown,324,Chip 'n' Dale's GADGETcoaster,0,False,2026-04-11T03:25:31.000Z
2026-04-10 20:30:30,Disneyland,Mickey's Toontown,13814,Donald's Duck Pond,0,True,2026-04-11T03:25:31.000Z
2026-04-10 20:30:30,Disneyland,Mickey's Toontown,11980,Goofy's How-to-Play Yard,0,False,2026-04-11T03:25:31.000Z
2026-04-10 20:30:30,Disneyland,Mickey's Toontown,11526,Mickey & Minnie's Runaway Railway,0,False,2026-04-11T03:25:31.000Z
2026-04-10 20:30:30,Disneyland,Mickey's Toontown,709,Mickey's House and Meet Mickey Mouse,0,False,2026-04-11T03:25:31.000Z
2026-04-10 20:30:30,Disneyland,Mickey's Toontown,327,Mickey's House and Meet Mickey Mouse,0,False,2026-04-11T03:25:31.000Z
2026-04-10 20:30:30,Disneyland,Mickey's Toontown,684,Minnie's House,0,True,2026-04-11T03:25:31.000Z
2026-04-10 20:30:30,Disneyland,Mickey's Toontown,332,Roger Rabbit's Car Toon Spin,0,False,2026-04-11T03:25:31.000Z
2026-04-10 20:30:30,Disneyland,New Orleans Square,13958,Haunted Mansion,40,True,2026-04-11T03:25:31.000Z
2026-04-10 20:30:30,Disneyland,New Orleans Square,289,Pirates of the Caribbean,0,False,2026-04-11T03:25:31.000Z
2026-04-10 20:30:30,Disneyland,Star Wars: Galaxy's Edge,6339,Millennium Falcon: Smugglers Run,35,True,2026-04-11T03:25:31.000Z
2026-04-10 20:30:30,Disneyland,Star Wars: Galaxy's Edge,10903,Millennium Falcon: Smugglers Run Single Rider,0,True,2026-04-11T03:25:31.000Z
2026-04-10 20:30:30,Disneyland,Star Wars: Galaxy's Edge,6340,Star Wars: Rise of the Resistance,50,True,2026-04-11T03:25:31.000Z
2026-04-10 20:30:30,Disneyland,Tomorrowland,287,Astro Orbitor,15,True,2026-04-11T03:25:31.000Z
2026-04-10 20:30:30,Disneyland,Tomorrowland,317,Autopia,20,True,2026-04-11T03:25:31.000Z
2026-04-10 20:30:30,Disneyland,Tomorrowland,273,Buzz Lightyear Astro Blasters,30,True,2026-04-11T03:25:31.000Z
2026-04-10 20:30:30,Disneyland,Tomorrowland,274,Disneyland Monorail,0,False,2026-04-11T03:25:31.000Z
2026-04-10 20:30:30,Disneyland,Tomorrowland,276,Finding Nemo Submarine Voyage,15,True,2026-04-11T03:25:31.000Z
2026-04-10 20:30:30,Disneyland,Tomorrowland,284,Space Mountain,75,True,2026-04-11T03:25:31.000Z
2026-04-10 20:30:30,Disneyland,Tomorrowland,286,Star Tours - The Adventures Continue,30,True,2026-04-11T03:25:31.000Z
2026-04-10 20:30:30,Disney California Adventure,Avengers Campus,329,Guardians of the Galaxy - Mission: BREAKOUT!,125,True,2026-04-11T03:25:32.000Z
2026-04-10 20:30:30,Disney California Adventure,Avengers Campus,8843,WEB SLINGERS: A Spider-Man Adventure,50,True,2026-04-11T03:25:32.000Z
2026-04-10 20:30:30,Disney California Adventure,Avengers Campus,10907,WEB SLINGERS: A Spider-Man Adventure Single Rider,0,True,2026-04-11T03:25:32.000Z
2026-04-10 20:30:30,Disney California Adventure,Cars Land,13961,Luigi's Rollickin' Roadsters,35,True,2026-04-11T03:25:32.000Z
2026-04-10 20:30:30,Disney California Adventure,Cars Land,315,Mater's Junkyard Jamboree,20,True,2026-04-11T03:25:32.000Z
2026-04-10 20:30:30,Disney California Adventure,Cars Land,295,Radiator Springs Racers,110,True,2026-04-11T03:25:32.000Z
2026-04-10 20:30:30,Disney California Adventure,Cars Land,10904,Radiator Springs Racers Single Rider,0,True,2026-04-11T03:25:32.000Z
2026-04-10 20:30:30,Disney California Adventure,Grizzly Peak,302,Grizzly River Run,5,True,2026-04-11T03:25:32.000Z
2026-04-10 20:30:30,Disney California Adventure,Grizzly Peak,293,Redwood Creek Challenge Trail,0,False,2026-04-11T03:25:32.000Z
2026-04-10 20:30:30,Disney California Adventure,Grizzly Peak,312,Soarin' Over California,80,True,2026-04-11T03:25:32.000Z
2026-04-10 20:30:30,Disney California Adventure,Hollywood Land,321,Animation Academy,0,True,2026-04-11T03:25:32.000Z
2026-04-10 20:30:30,Disney California Adventure,Hollywood Land,6440,Mickey's PhilharMagic,0,False,2026-04-11T03:25:32.000Z
2026-04-10 20:30:30,Disney California Adventure,Hollywood Land,291,"Monsters, Inc. Mike & Sulley to the Rescue!",0,False,2026-04-11T03:25:32.000Z
2026-04-10 20:30:30,Disney California Adventure,Hollywood Land,868,Sorcerer's Workshop,0,False,2026-04-11T03:25:32.000Z
2026-04-10 20:30:30,Disney California Adventure,Hollywood Land,294,Turtle Talk with Crush,0,True,2026-04-11T03:25:32.000Z
2026-04-10 20:30:30,Disney California Adventure,Paradise Gardens Park,298,Golden Zephyr,20,True,2026-04-11T03:25:32.000Z
2026-04-10 20:30:30,Disney California Adventure,Paradise Gardens Park,319,Goofy's Sky School,35,True,2026-04-11T03:25:32.000Z
2026-04-10 20:30:30,Disney California Adventure,Paradise Gardens Park,301,Silly Symphony Swings,15,True,2026-04-11T03:25:32.000Z
2026-04-10 20:30:30,Disney California Adventure,Paradise Gardens Park,10905,Silly Symphony Swings Single Rider,0,True,2026-04-11T03:25:32.000Z
2026-04-10 20:30:30,Disney California Adventure,Paradise Gardens Park,316,The Little Mermaid - Ariel's Undersea Adventure,20,True,2026-04-11T03:25:32.000Z
2026-04-10 20:30:30,Disney California Adventure,Paradise Gardens Park,14742,World of Color Happiness!,0,True,2026-04-11T03:25:32.000Z
2026-04-10 20:30:30,Disney California Adventure,Pixar Pier,13960,Games of Pixar Pier,0,True,2026-04-11T03:25:32.000Z
2026-04-10 20:30:30,Disney California Adventure,Pixar Pier,322,Incredicoaster,0,False,2026-04-11T03:25:32.000Z
2026-04-10 20:30:30,Disney California Adventure,Pixar Pier,10906,Incredicoaster Single Rider,0,False,2026-04-11T03:25:32.000Z
2026-04-10 20:30:30,Disney California Adventure,Pixar Pier,6643,Inside Out Emotional Whirlwind,0,False,2026-04-11T03:25:32.000Z
2026-04-10 20:30:30,Disney California Adventure,Pixar Pier,310,Jessie's Critter Carousel,5,True,2026-04-11T03:25:32.000Z
2026-04-10 20:30:30,Disney California Adventure,Pixar Pier,300,Jumpin' Jellyfish,20,True,2026-04-11T03:25:32.000Z
2026-04-10 20:30:30,Disney California Adventure,Pixar Pier,311,Pixar Pal-A-Round - Swinging,0,False,2026-04-11T03:25:32.000Z
2026-04-10 20:30:30,Disney California Adventure,Pixar Pier,5557,Pixar Pal-A-Round – Non-Swinging,0,False,2026-04-11T03:25:32.000Z
2026-04-10 20:30:30,Disney California Adventure,Pixar Pier,313,Toy Story Midway Mania!,0,False,2026-04-11T03:25:32.000Z
2026-04-10 20:30:30,Disney California Adventure,San Fransokyo Square,13959,The Bakery Tour,0,True,2026-04-11T03:25:32.000Z
2026-04-10 20:35:28,Disneyland,Adventureland,12428,Adventureland Treehouse inspired by Walt Disney’s Swiss Family Robinson,0,False,2026-04-11T03:30:38.000Z
2026-04-10 20:35:28,Disneyland,Adventureland,326,Indiana Jones™ Adventure,70,True,2026-04-11T03:30:38.000Z
2026-04-10 20:35:28,Disneyland,Adventureland,296,Jungle Cruise,0,False,2026-04-11T03:30:38.000Z
2026-04-10 20:35:28,Disneyland,Adventureland,288,Walt Disney's Enchanted Tiki Room,0,True,2026-04-11T03:30:38.000Z
2026-04-10 20:35:28,Disneyland,Bayou Country,304,Davy Crockett's Explorer Canoes,0,False,2026-04-11T03:30:38.000Z
2026-04-10 20:35:28,Disneyland,Bayou Country,306,The Many Adventures of Winnie the Pooh,10,True,2026-04-11T03:30:38.000Z
2026-04-10 20:35:28,Disneyland,Bayou Country,14168,Tiana's Bayou Adventure,30,True,2026-04-11T03:30:38.000Z
2026-04-10 20:35:28,Disneyland,Bayou Country,14326,Tiana's Bayou Adventure Single Rider,0,True,2026-04-11T03:30:38.000Z
2026-04-10 20:35:28,Disneyland,Fantasyland,307,"""it's a small world""",0,False,2026-04-11T03:30:38.000Z
2026-04-10 20:35:28,Disneyland,Fantasyland,285,Alice in Wonderland,0,False,2026-04-11T03:30:38.000Z
2026-04-10 20:35:28,Disneyland,Fantasyland,303,Casey Jr. Circus Train,15,True,2026-04-11T03:30:38.000Z
2026-04-10 20:35:28,Disneyland,Fantasyland,275,Dumbo the Flying Elephant,35,True,2026-04-11T03:30:38.000Z
2026-04-10 20:35:28,Disneyland,Fantasyland,277,King Arthur Carrousel,5,True,2026-04-11T03:30:38.000Z
2026-04-10 20:35:28,Disneyland,Fantasyland,278,Mad Tea Party,15,True,2026-04-11T03:30:38.000Z
2026-04-10 20:35:28,Disneyland,Fantasyland,279,Matterhorn Bobsleds,0,False,2026-04-11T03:30:38.000Z
2026-04-10 20:35:28,Disneyland,Fantasyland,6711,Meet Disney Princesses at Royal Hall,0,False,2026-04-11T03:30:38.000Z
2026-04-10 20:35:28,Disneyland,Fantasyland,280,Mr. Toad's Wild Ride,20,True,2026-04-11T03:30:38.000Z
2026-04-10 20:35:28,Disneyland,Fantasyland,281,Peter Pan's Flight,0,False,2026-04-11T03:30:38.000Z
2026-04-10 20:35:28,Disneyland,Fantasyland,282,Pinocchio's Daring Journey,10,True,2026-04-11T03:30:38.000Z
2026-04-10 20:35:28,Disneyland,Fantasyland,687,Sleeping Beauty Castle Walkthrough,0,False,2026-04-11T03:30:38.000Z
2026-04-10 20:35:28,Disneyland,Fantasyland,283,Snow White's Enchanted Wish,15,True,2026-04-11T03:30:38.000Z
2026-04-10 20:35:28,Disneyland,Fantasyland,305,Storybook Land Canal Boats,15,True,2026-04-11T03:30:38.000Z
2026-04-10 20:35:28,Disneyland,Frontierland,323,Big Thunder Mountain Railroad,70,True,2026-04-11T03:30:38.000Z
2026-04-10 20:35:28,Disneyland,Frontierland,679,Frontierland Shootin' Exposition,0,True,2026-04-11T03:30:38.000Z
2026-04-10 20:35:28,Disneyland,Frontierland,456,Mark Twain Riverboat,0,False,2026-04-11T03:30:38.000Z
2026-04-10 20:35:28,Disneyland,Frontierland,331,Pirate's Lair on Tom Sawyer Island,0,False,2026-04-11T03:30:38.000Z
2026-04-10 20:35:28,Disneyland,Frontierland,328,Sailing Ship Columbia,0,False,2026-04-11T03:30:38.000Z
2026-04-10 20:35:28,Disneyland,Main Street U.S.A,674,Disneyland Railroad,10,True,2026-04-11T03:30:38.000Z
2026-04-10 20:35:28,Disneyland,Main Street U.S.A,690,Great Moments with Mr. Lincoln,0,False,2026-04-11T03:30:38.000Z
2026-04-10 20:35:28,Disneyland,Main Street U.S.A,686,Main Street Cinema,0,True,2026-04-11T03:30:38.000Z
2026-04-10 20:35:28,Disneyland,Main Street U.S.A,691,Main Street Vehicles,0,True,2026-04-11T03:30:38.000Z
2026-04-10 20:35:28,Disneyland,Main Street U.S.A,14915,Opera House - Walt Disney - A Magical Life,0,False,2026-04-11T03:30:38.000Z
2026-04-10 20:35:28,Disneyland,Main Street U.S.A,695,The Disney Gallery,0,True,2026-04-11T03:30:38.000Z
2026-04-10 20:35:28,Disneyland,Main Street U.S.A,14923,Walt Disney - A Magical Life,0,False,2026-04-11T03:30:38.000Z
2026-04-10 20:35:28,Disneyland,Mickey's Toontown,324,Chip 'n' Dale's GADGETcoaster,0,False,2026-04-11T03:30:38.000Z
2026-04-10 20:35:28,Disneyland,Mickey's Toontown,13814,Donald's Duck Pond,0,True,2026-04-11T03:30:38.000Z
2026-04-10 20:35:28,Disneyland,Mickey's Toontown,11980,Goofy's How-to-Play Yard,0,False,2026-04-11T03:30:38.000Z
2026-04-10 20:35:28,Disneyland,Mickey's Toontown,11526,Mickey & Minnie's Runaway Railway,0,False,2026-04-11T03:30:38.000Z
2026-04-10 20:35:28,Disneyland,Mickey's Toontown,709,Mickey's House and Meet Mickey Mouse,0,False,2026-04-11T03:30:38.000Z
2026-04-10 20:35:28,Disneyland,Mickey's Toontown,327,Mickey's House and Meet Mickey Mouse,0,False,2026-04-11T03:30:38.000Z
2026-04-10 20:35:28,Disneyland,Mickey's Toontown,684,Minnie's House,0,True,2026-04-11T03:30:38.000Z
2026-04-10 20:35:28,Disneyland,Mickey's Toontown,332,Roger Rabbit's Car Toon Spin,0,False,2026-04-11T03:30:38.000Z
2026-04-10 20:35:28,Disneyland,New Orleans Square,13958,Haunted Mansion,40,True,2026-04-11T03:30:38.000Z
2026-04-10 20:35:28,Disneyland,New Orleans Square,289,Pirates of the Caribbean,0,False,2026-04-11T03:30:38.000Z
2026-04-10 20:35:28,Disneyland,Star Wars: Galaxy's Edge,6339,Millennium Falcon: Smugglers Run,35,True,2026-04-11T03:30:38.000Z
2026-04-10 20:35:28,Disneyland,Star Wars: Galaxy's Edge,10903,Millennium Falcon: Smugglers Run Single Rider,0,True,2026-04-11T03:30:38.000Z
2026-04-10 20:35:28,Disneyland,Star Wars: Galaxy's Edge,6340,Star Wars: Rise of the Resistance,60,True,2026-04-11T03:30:38.000Z
2026-04-10 20:35:28,Disneyland,Tomorrowland,287,Astro Orbitor,15,True,2026-04-11T03:30:38.000Z
2026-04-10 20:35:28,Disneyland,Tomorrowland,317,Autopia,20,True,2026-04-11T03:30:38.000Z
2026-04-10 20:35:28,Disneyland,Tomorrowland,273,Buzz Lightyear Astro Blasters,30,True,2026-04-11T03:30:38.000Z
2026-04-10 20:35:28,Disneyland,Tomorrowland,274,Disneyland Monorail,0,False,2026-04-11T03:30:38.000Z
2026-04-10 20:35:28,Disneyland,Tomorrowland,276,Finding Nemo Submarine Voyage,15,True,2026-04-11T03:30:38.000Z
2026-04-10 20:35:28,Disneyland,Tomorrowland,284,Space Mountain,75,True,2026-04-11T03:30:38.000Z
2026-04-10 20:35:28,Disneyland,Tomorrowland,286,Star Tours - The Adventures Continue,30,True,2026-04-11T03:30:38.000Z
2026-04-10 20:35:28,Disney California Adventure,Avengers Campus,329,Guardians of the Galaxy - Mission: BREAKOUT!,125,True,2026-04-11T03:30:38.000Z
2026-04-10 20:35:28,Disney California Adventure,Avengers Campus,8843,WEB SLINGERS: A Spider-Man Adventure,40,True,2026-04-11T03:30:38.000Z
2026-04-10 20:35:28,Disney California Adventure,Avengers Campus,10907,WEB SLINGERS: A Spider-Man Adventure Single Rider,0,True,2026-04-11T03:30:38.000Z
2026-04-10 20:35:28,Disney California Adventure,Cars Land,13961,Luigi's Rollickin' Roadsters,35,True,2026-04-11T03:30:38.000Z
2026-04-10 20:35:28,Disney California Adventure,Cars Land,315,Mater's Junkyard Jamboree,20,True,2026-04-11T03:30:38.000Z
2026-04-10 20:35:28,Disney California Adventure,Cars Land,295,Radiator Springs Racers,110,True,2026-04-11T03:30:38.000Z
2026-04-10 20:35:28,Disney California Adventure,Cars Land,10904,Radiator Springs Racers Single Rider,0,True,2026-04-11T03:30:38.000Z
2026-04-10 20:35:28,Disney California Adventure,Grizzly Peak,302,Grizzly River Run,5,True,2026-04-11T03:30:38.000Z
2026-04-10 20:35:28,Disney California Adventure,Grizzly Peak,293,Redwood Creek Challenge Trail,0,False,2026-04-11T03:30:38.000Z
2026-04-10 20:35:28,Disney California Adventure,Grizzly Peak,312,Soarin' Over California,80,True,2026-04-11T03:30:38.000Z
2026-04-10 20:35:28,Disney California Adventure,Hollywood Land,321,Animation Academy,0,True,2026-04-11T03:30:38.000Z
2026-04-10 20:35:28,Disney California Adventure,Hollywood Land,6440,Mickey's PhilharMagic,0,False,2026-04-11T03:30:38.000Z
2026-04-10 20:35:28,Disney California Adventure,Hollywood Land,291,"Monsters, Inc. Mike & Sulley to the Rescue!",0,False,2026-04-11T03:30:38.000Z
2026-04-10 20:35:28,Disney California Adventure,Hollywood Land,868,Sorcerer's Workshop,0,False,2026-04-11T03:30:38.000Z
2026-04-10 20:35:28,Disney California Adventure,Hollywood Land,294,Turtle Talk with Crush,0,True,2026-04-11T03:30:38.000Z
2026-04-10 20:35:28,Disney California Adventure,Paradise Gardens Park,298,Golden Zephyr,20,True,2026-04-11T03:30:38.000Z
2026-04-10 20:35:28,Disney California Adventure,Paradise Gardens Park,319,Goofy's Sky School,35,True,2026-04-11T03:30:38.000Z
2026-04-10 20:35:28,Disney California Adventure,Paradise Gardens Park,301,Silly Symphony Swings,10,True,2026-04-11T03:30:38.000Z
2026-04-10 20:35:28,Disney California Adventure,Paradise Gardens Park,10905,Silly Symphony Swings Single Rider,0,True,2026-04-11T03:30:38.000Z
2026-04-10 20:35:28,Disney California Adventure,Paradise Gardens Park,316,The Little Mermaid - Ariel's Undersea Adventure,20,True,2026-04-11T03:30:38.000Z
2026-04-10 20:35:28,Disney California Adventure,Paradise Gardens Park,14742,World of Color Happiness!,0,True,2026-04-11T03:30:38.000Z
2026-04-10 20:35:28,Disney California Adventure,Pixar Pier,13960,Games of Pixar Pier,0,True,2026-04-11T03:30:38.000Z
2026-04-10 20:35:28,Disney California Adventure,Pixar Pier,322,Incredicoaster,80,True,2026-04-11T03:30:38.000Z
2026-04-10 20:35:28,Disney California Adventure,Pixar Pier,10906,Incredicoaster Single Rider,0,True,2026-04-11T03:30:38.000Z
2026-04-10 20:35:28,Disney California Adventure,Pixar Pier,6643,Inside Out Emotional Whirlwind,0,False,2026-04-11T03:30:38.000Z
2026-04-10 20:35:28,Disney California Adventure,Pixar Pier,310,Jessie's Critter Carousel,5,True,2026-04-11T03:30:38.000Z
2026-04-10 20:35:28,Disney California Adventure,Pixar Pier,300,Jumpin' Jellyfish,20,True,2026-04-11T03:30:38.000Z
2026-04-10 20:35:28,Disney California Adventure,Pixar Pier,311,Pixar Pal-A-Round - Swinging,0,False,2026-04-11T03:30:38.000Z
2026-04-10 20:35:28,Disney California Adventure,Pixar Pier,5557,Pixar Pal-A-Round – Non-Swinging,0,False,2026-04-11T03:30:38.000Z
2026-04-10 20:35:28,Disney California Adventure,Pixar Pier,313,Toy Story Midway Mania!,0,False,2026-04-11T03:30:38.000Z
2026-04-10 20:35:28,Disney California Adventure,San Fransokyo Square,13959,The Bakery Tour,0,True,2026-04-11T03:30:38.000Z
2026-04-10 20:40:29,Disneyland,Adventureland,12428,Adventureland Treehouse inspired by Walt Disney’s Swiss Family Robinson,0,False,2026-04-11T03:35:32.000Z
2026-04-10 20:40:29,Disneyland,Adventureland,326,Indiana Jones™ Adventure,70,True,2026-04-11T03:35:32.000Z
2026-04-10 20:40:29,Disneyland,Adventureland,296,Jungle Cruise,0,False,2026-04-11T03:35:32.000Z
2026-04-10 20:40:29,Disneyland,Adventureland,288,Walt Disney's Enchanted Tiki Room,0,True,2026-04-11T03:35:32.000Z
2026-04-10 20:40:29,Disneyland,Bayou Country,304,Davy Crockett's Explorer Canoes,0,False,2026-04-11T03:35:32.000Z
2026-04-10 20:40:29,Disneyland,Bayou Country,306,The Many Adventures of Winnie the Pooh,10,True,2026-04-11T03:35:32.000Z
2026-04-10 20:40:29,Disneyland,Bayou Country,14168,Tiana's Bayou Adventure,30,True,2026-04-11T03:35:32.000Z
2026-04-10 20:40:29,Disneyland,Bayou Country,14326,Tiana's Bayou Adventure Single Rider,0,True,2026-04-11T03:35:32.000Z
2026-04-10 20:40:29,Disneyland,Fantasyland,307,"""it's a small world""",0,False,2026-04-11T03:35:32.000Z
2026-04-10 20:40:29,Disneyland,Fantasyland,285,Alice in Wonderland,0,False,2026-04-11T03:35:32.000Z
2026-04-10 20:40:29,Disneyland,Fantasyland,303,Casey Jr. Circus Train,15,True,2026-04-11T03:35:32.000Z
2026-04-10 20:40:29,Disneyland,Fantasyland,275,Dumbo the Flying Elephant,35,True,2026-04-11T03:35:32.000Z
2026-04-10 20:40:29,Disneyland,Fantasyland,277,King Arthur Carrousel,5,True,2026-04-11T03:35:32.000Z
2026-04-10 20:40:29,Disneyland,Fantasyland,278,Mad Tea Party,15,True,2026-04-11T03:35:32.000Z
2026-04-10 20:40:29,Disneyland,Fantasyland,279,Matterhorn Bobsleds,0,False,2026-04-11T03:35:32.000Z
2026-04-10 20:40:29,Disneyland,Fantasyland,6711,Meet Disney Princesses at Royal Hall,0,False,2026-04-11T03:35:32.000Z
2026-04-10 20:40:29,Disneyland,Fantasyland,280,Mr. Toad's Wild Ride,0,False,2026-04-11T03:35:32.000Z
2026-04-10 20:40:29,Disneyland,Fantasyland,281,Peter Pan's Flight,0,False,2026-04-11T03:35:32.000Z
2026-04-10 20:40:29,Disneyland,Fantasyland,282,Pinocchio's Daring Journey,0,False,2026-04-11T03:35:32.000Z
2026-04-10 20:40:29,Disneyland,Fantasyland,687,Sleeping Beauty Castle Walkthrough,0,False,2026-04-11T03:35:32.000Z
2026-04-10 20:40:29,Disneyland,Fantasyland,283,Snow White's Enchanted Wish,0,False,2026-04-11T03:35:32.000Z
2026-04-10 20:40:29,Disneyland,Fantasyland,305,Storybook Land Canal Boats,15,True,2026-04-11T03:35:32.000Z
2026-04-10 20:40:29,Disneyland,Frontierland,323,Big Thunder Mountain Railroad,70,True,2026-04-11T03:35:32.000Z
2026-04-10 20:40:29,Disneyland,Frontierland,679,Frontierland Shootin' Exposition,0,True,2026-04-11T03:35:32.000Z
2026-04-10 20:40:29,Disneyland,Frontierland,456,Mark Twain Riverboat,0,False,2026-04-11T03:35:32.000Z
2026-04-10 20:40:29,Disneyland,Frontierland,331,Pirate's Lair on Tom Sawyer Island,0,False,2026-04-11T03:35:32.000Z
2026-04-10 20:40:29,Disneyland,Frontierland,328,Sailing Ship Columbia,0,False,2026-04-11T03:35:32.000Z
2026-04-10 20:40:29,Disneyland,Main Street U.S.A,674,Disneyland Railroad,10,True,2026-04-11T03:35:32.000Z
2026-04-10 20:40:29,Disneyland,Main Street U.S.A,690,Great Moments with Mr. Lincoln,0,False,2026-04-11T03:35:32.000Z
2026-04-10 20:40:29,Disneyland,Main Street U.S.A,686,Main Street Cinema,0,True,2026-04-11T03:35:32.000Z
2026-04-10 20:40:29,Disneyland,Main Street U.S.A,691,Main Street Vehicles,0,True,2026-04-11T03:35:32.000Z
2026-04-10 20:40:29,Disneyland,Main Street U.S.A,14915,Opera House - Walt Disney - A Magical Life,0,False,2026-04-11T03:35:32.000Z
2026-04-10 20:40:29,Disneyland,Main Street U.S.A,695,The Disney Gallery,0,True,2026-04-11T03:35:32.000Z
2026-04-10 20:40:29,Disneyland,Main Street U.S.A,14923,Walt Disney - A Magical Life,0,False,2026-04-11T03:35:32.000Z
2026-04-10 20:40:29,Disneyland,Mickey's Toontown,324,Chip 'n' Dale's GADGETcoaster,0,False,2026-04-11T03:35:32.000Z
2026-04-10 20:40:29,Disneyland,Mickey's Toontown,13814,Donald's Duck Pond,0,True,2026-04-11T03:35:32.000Z
2026-04-10 20:40:29,Disneyland,Mickey's Toontown,11980,Goofy's How-to-Play Yard,0,False,2026-04-11T03:35:32.000Z
2026-04-10 20:40:29,Disneyland,Mickey's Toontown,11526,Mickey & Minnie's Runaway Railway,0,False,2026-04-11T03:35:32.000Z
2026-04-10 20:40:29,Disneyland,Mickey's Toontown,709,Mickey's House and Meet Mickey Mouse,0,False,2026-04-11T03:35:32.000Z
2026-04-10 20:40:29,Disneyland,Mickey's Toontown,327,Mickey's House and Meet Mickey Mouse,0,False,2026-04-11T03:35:32.000Z
2026-04-10 20:40:29,Disneyland,Mickey's Toontown,684,Minnie's House,0,True,2026-04-11T03:35:32.000Z
2026-04-10 20:40:29,Disneyland,Mickey's Toontown,332,Roger Rabbit's Car Toon Spin,0,False,2026-04-11T03:35:32.000Z
2026-04-10 20:40:29,Disneyland,New Orleans Square,13958,Haunted Mansion,50,True,2026-04-11T03:35:32.000Z
2026-04-10 20:40:29,Disneyland,New Orleans Square,289,Pirates of the Caribbean,0,False,2026-04-11T03:35:32.000Z
2026-04-10 20:40:29,Disneyland,Star Wars: Galaxy's Edge,6339,Millennium Falcon: Smugglers Run,35,True,2026-04-11T03:35:32.000Z
2026-04-10 20:40:29,Disneyland,Star Wars: Galaxy's Edge,10903,Millennium Falcon: Smugglers Run Single Rider,0,True,2026-04-11T03:35:32.000Z
2026-04-10 20:40:29,Disneyland,Star Wars: Galaxy's Edge,6340,Star Wars: Rise of the Resistance,55,True,2026-04-11T03:35:32.000Z
2026-04-10 20:40:29,Disneyland,Tomorrowland,287,Astro Orbitor,15,True,2026-04-11T03:35:32.000Z
2026-04-10 20:40:29,Disneyland,Tomorrowland,317,Autopia,20,True,2026-04-11T03:35:32.000Z
2026-04-10 20:40:29,Disneyland,Tomorrowland,273,Buzz Lightyear Astro Blasters,30,True,2026-04-11T03:35:32.000Z
2026-04-10 20:40:29,Disneyland,Tomorrowland,274,Disneyland Monorail,0,False,2026-04-11T03:35:32.000Z
2026-04-10 20:40:29,Disneyland,Tomorrowland,276,Finding Nemo Submarine Voyage,15,True,2026-04-11T03:35:32.000Z
2026-04-10 20:40:29,Disneyland,Tomorrowland,284,Space Mountain,75,True,2026-04-11T03:35:32.000Z
2026-04-10 20:40:29,Disneyland,Tomorrowland,286,Star Tours - The Adventures Continue,30,True,2026-04-11T03:35:32.000Z
2026-04-10 20:40:29,Disney California Adventure,Avengers Campus,329,Guardians of the Galaxy - Mission: BREAKOUT!,125,True,2026-04-11T03:35:39.000Z
2026-04-10 20:40:29,Disney California Adventure,Avengers Campus,8843,WEB SLINGERS: A Spider-Man Adventure,40,True,2026-04-11T03:35:39.000Z
2026-04-10 20:40:29,Disney California Adventure,Avengers Campus,10907,WEB SLINGERS: A Spider-Man Adventure Single Rider,0,True,2026-04-11T03:35:39.000Z
2026-04-10 20:40:29,Disney California Adventure,Cars Land,13961,Luigi's Rollickin' Roadsters,35,True,2026-04-11T03:35:39.000Z
2026-04-10 20:40:29,Disney California Adventure,Cars Land,315,Mater's Junkyard Jamboree,20,True,2026-04-11T03:35:39.000Z
2026-04-10 20:40:29,Disney California Adventure,Cars Land,295,Radiator Springs Racers,110,True,2026-04-11T03:35:39.000Z
2026-04-10 20:40:29,Disney California Adventure,Cars Land,10904,Radiator Springs Racers Single Rider,0,True,2026-04-11T03:35:39.000Z
2026-04-10 20:40:29,Disney California Adventure,Grizzly Peak,302,Grizzly River Run,5,True,2026-04-11T03:35:39.000Z
2026-04-10 20:40:29,Disney California Adventure,Grizzly Peak,293,Redwood Creek Challenge Trail,0,False,2026-04-11T03:35:39.000Z
2026-04-10 20:40:29,Disney California Adventure,Grizzly Peak,312,Soarin' Over California,80,True,2026-04-11T03:35:39.000Z
2026-04-10 20:40:29,Disney California Adventure,Hollywood Land,321,Animation Academy,0,True,2026-04-11T03:35:39.000Z
2026-04-10 20:40:29,Disney California Adventure,Hollywood Land,6440,Mickey's PhilharMagic,0,False,2026-04-11T03:35:39.000Z
2026-04-10 20:40:29,Disney California Adventure,Hollywood Land,291,"Monsters, Inc. Mike & Sulley to the Rescue!",0,False,2026-04-11T03:35:39.000Z
2026-04-10 20:40:29,Disney California Adventure,Hollywood Land,868,Sorcerer's Workshop,0,False,2026-04-11T03:35:39.000Z
2026-04-10 20:40:29,Disney California Adventure,Hollywood Land,294,Turtle Talk with Crush,0,True,2026-04-11T03:35:39.000Z
2026-04-10 20:40:29,Disney California Adventure,Paradise Gardens Park,298,Golden Zephyr,20,True,2026-04-11T03:35:39.000Z
2026-04-10 20:40:29,Disney California Adventure,Paradise Gardens Park,319,Goofy's Sky School,35,True,2026-04-11T03:35:39.000Z
2026-04-10 20:40:29,Disney California Adventure,Paradise Gardens Park,301,Silly Symphony Swings,10,True,2026-04-11T03:35:39.000Z
2026-04-10 20:40:29,Disney California Adventure,Paradise Gardens Park,10905,Silly Symphony Swings Single Rider,0,True,2026-04-11T03:35:39.000Z
2026-04-10 20:40:29,Disney California Adventure,Paradise Gardens Park,316,The Little Mermaid - Ariel's Undersea Adventure,20,True,2026-04-11T03:35:39.000Z
2026-04-10 20:40:29,Disney California Adventure,Paradise Gardens Park,14742,World of Color Happiness!,0,True,2026-04-11T03:35:39.000Z
2026-04-10 20:40:29,Disney California Adventure,Pixar Pier,13960,Games of Pixar Pier,0,True,2026-04-11T03:35:39.000Z
2026-04-10 20:40:29,Disney California Adventure,Pixar Pier,322,Incredicoaster,80,True,2026-04-11T03:35:39.000Z
2026-04-10 20:40:29,Disney California Adventure,Pixar Pier,10906,Incredicoaster Single Rider,0,True,2026-04-11T03:35:39.000Z
2026-04-10 20:40:29,Disney California Adventure,Pixar Pier,6643,Inside Out Emotional Whirlwind,0,False,2026-04-11T03:35:39.000Z
2026-04-10 20:40:29,Disney California Adventure,Pixar Pier,310,Jessie's Critter Carousel,5,True,2026-04-11T03:35:39.000Z
2026-04-10 20:40:29,Disney California Adventure,Pixar Pier,300,Jumpin' Jellyfish,20,True,2026-04-11T03:35:39.000Z
2026-04-10 20:40:29,Disney California Adventure,Pixar Pier,311,Pixar Pal-A-Round - Swinging,0,False,2026-04-11T03:35:39.000Z
2026-04-10 20:40:29,Disney California Adventure,Pixar Pier,5557,Pixar Pal-A-Round – Non-Swinging,0,False,2026-04-11T03:35:39.000Z
2026-04-10 20:40:29,Disney California Adventure,Pixar Pier,313,Toy Story Midway Mania!,0,False,2026-04-11T03:35:39.000Z
2026-04-10 20:40:29,Disney California Adventure,San Fransokyo Square,13959,The Bakery Tour,0,True,2026-04-11T03:35:39.000Z
2026-04-10 20:45:30,Disneyland,Adventureland,12428,Adventureland Treehouse inspired by Walt Disney’s Swiss Family Robinson,0,False,2026-04-11T03:40:29.000Z
2026-04-10 20:45:30,Disneyland,Adventureland,326,Indiana Jones™ Adventure,70,True,2026-04-11T03:40:29.000Z
2026-04-10 20:45:30,Disneyland,Adventureland,296,Jungle Cruise,0,False,2026-04-11T03:40:29.000Z
2026-04-10 20:45:30,Disneyland,Adventureland,288,Walt Disney's Enchanted Tiki Room,0,True,2026-04-11T03:40:29.000Z
2026-04-10 20:45:30,Disneyland,Bayou Country,304,Davy Crockett's Explorer Canoes,0,False,2026-04-11T03:40:29.000Z
2026-04-10 20:45:30,Disneyland,Bayou Country,306,The Many Adventures of Winnie the Pooh,10,True,2026-04-11T03:40:29.000Z
2026-04-10 20:45:30,Disneyland,Bayou Country,14168,Tiana's Bayou Adventure,30,True,2026-04-11T03:40:29.000Z
2026-04-10 20:45:30,Disneyland,Bayou Country,14326,Tiana's Bayou Adventure Single Rider,0,True,2026-04-11T03:40:29.000Z
2026-04-10 20:45:30,Disneyland,Fantasyland,307,"""it's a small world""",0,False,2026-04-11T03:40:29.000Z
2026-04-10 20:45:30,Disneyland,Fantasyland,285,Alice in Wonderland,0,False,2026-04-11T03:40:29.000Z
2026-04-10 20:45:30,Disneyland,Fantasyland,303,Casey Jr. Circus Train,15,True,2026-04-11T03:40:29.000Z
2026-04-10 20:45:30,Disneyland,Fantasyland,275,Dumbo the Flying Elephant,30,True,2026-04-11T03:40:29.000Z
2026-04-10 20:45:30,Disneyland,Fantasyland,277,King Arthur Carrousel,5,True,2026-04-11T03:40:29.000Z
2026-04-10 20:45:30,Disneyland,Fantasyland,278,Mad Tea Party,15,True,2026-04-11T03:40:29.000Z
2026-04-10 20:45:30,Disneyland,Fantasyland,279,Matterhorn Bobsleds,0,False,2026-04-11T03:40:29.000Z
2026-04-10 20:45:30,Disneyland,Fantasyland,6711,Meet Disney Princesses at Royal Hall,0,False,2026-04-11T03:40:29.000Z
2026-04-10 20:45:30,Disneyland,Fantasyland,280,Mr. Toad's Wild Ride,0,False,2026-04-11T03:40:29.000Z
2026-04-10 20:45:30,Disneyland,Fantasyland,281,Peter Pan's Flight,0,False,2026-04-11T03:40:29.000Z
2026-04-10 20:45:30,Disneyland,Fantasyland,282,Pinocchio's Daring Journey,0,False,2026-04-11T03:40:29.000Z
2026-04-10 20:45:30,Disneyland,Fantasyland,687,Sleeping Beauty Castle Walkthrough,0,False,2026-04-11T03:40:29.000Z
2026-04-10 20:45:30,Disneyland,Fantasyland,283,Snow White's Enchanted Wish,0,False,2026-04-11T03:40:29.000Z
2026-04-10 20:45:30,Disneyland,Fantasyland,305,Storybook Land Canal Boats,15,True,2026-04-11T03:40:29.000Z
2026-04-10 20:45:30,Disneyland,Frontierland,323,Big Thunder Mountain Railroad,70,True,2026-04-11T03:40:29.000Z
2026-04-10 20:45:30,Disneyland,Frontierland,679,Frontierland Shootin' Exposition,0,True,2026-04-11T03:40:29.000Z
2026-04-10 20:45:30,Disneyland,Frontierland,456,Mark Twain Riverboat,0,False,2026-04-11T03:40:29.000Z
2026-04-10 20:45:30,Disneyland,Frontierland,331,Pirate's Lair on Tom Sawyer Island,0,False,2026-04-11T03:40:29.000Z
2026-04-10 20:45:30,Disneyland,Frontierland,328,Sailing Ship Columbia,0,False,2026-04-11T03:40:29.000Z
2026-04-10 20:45:30,Disneyland,Main Street U.S.A,674,Disneyland Railroad,10,True,2026-04-11T03:40:29.000Z
2026-04-10 20:45:30,Disneyland,Main Street U.S.A,690,Great Moments with Mr. Lincoln,0,False,2026-04-11T03:40:29.000Z
2026-04-10 20:45:30,Disneyland,Main Street U.S.A,686,Main Street Cinema,0,True,2026-04-11T03:40:29.000Z
2026-04-10 20:45:30,Disneyland,Main Street U.S.A,691,Main Street Vehicles,0,True,2026-04-11T03:40:29.000Z
2026-04-10 20:45:30,Disneyland,Main Street U.S.A,14915,Opera House - Walt Disney - A Magical Life,0,False,2026-04-11T03:40:29.000Z
2026-04-10 20:45:30,Disneyland,Main Street U.S.A,695,The Disney Gallery,0,True,2026-04-11T03:40:29.000Z
2026-04-10 20:45:30,Disneyland,Main Street U.S.A,14923,Walt Disney - A Magical Life,0,False,2026-04-11T03:40:29.000Z
2026-04-10 20:45:30,Disneyland,Mickey's Toontown,324,Chip 'n' Dale's GADGETcoaster,0,False,2026-04-11T03:40:29.000Z
2026-04-10 20:45:30,Disneyland,Mickey's Toontown,13814,Donald's Duck Pond,0,True,2026-04-11T03:40:29.000Z
2026-04-10 20:45:30,Disneyland,Mickey's Toontown,11980,Goofy's How-to-Play Yard,0,False,2026-04-11T03:40:29.000Z
2026-04-10 20:45:30,Disneyland,Mickey's Toontown,11526,Mickey & Minnie's Runaway Railway,0,False,2026-04-11T03:40:29.000Z
2026-04-10 20:45:30,Disneyland,Mickey's Toontown,709,Mickey's House and Meet Mickey Mouse,0,False,2026-04-11T03:40:29.000Z
2026-04-10 20:45:30,Disneyland,Mickey's Toontown,327,Mickey's House and Meet Mickey Mouse,0,False,2026-04-11T03:40:29.000Z
2026-04-10 20:45:30,Disneyland,Mickey's Toontown,684,Minnie's House,0,True,2026-04-11T03:40:29.000Z
2026-04-10 20:45:30,Disneyland,Mickey's Toontown,332,Roger Rabbit's Car Toon Spin,0,False,2026-04-11T03:40:29.000Z
2026-04-10 20:45:30,Disneyland,New Orleans Square,13958,Haunted Mansion,50,True,2026-04-11T03:40:29.000Z
2026-04-10 20:45:30,Disneyland,New Orleans Square,289,Pirates of the Caribbean,0,False,2026-04-11T03:40:29.000Z
2026-04-10 20:45:30,Disneyland,Star Wars: Galaxy's Edge,6339,Millennium Falcon: Smugglers Run,35,True,2026-04-11T03:40:29.000Z
2026-04-10 20:45:30,Disneyland,Star Wars: Galaxy's Edge,10903,Millennium Falcon: Smugglers Run Single Rider,0,True,2026-04-11T03:40:29.000Z
2026-04-10 20:45:30,Disneyland,Star Wars: Galaxy's Edge,6340,Star Wars: Rise of the Resistance,60,True,2026-04-11T03:40:29.000Z
2026-04-10 20:45:30,Disneyland,Tomorrowland,287,Astro Orbitor,15,True,2026-04-11T03:40:29.000Z
2026-04-10 20:45:30,Disneyland,Tomorrowland,317,Autopia,20,True,2026-04-11T03:40:29.000Z
2026-04-10 20:45:30,Disneyland,Tomorrowland,273,Buzz Lightyear Astro Blasters,20,True,2026-04-11T03:40:29.000Z
2026-04-10 20:45:30,Disneyland,Tomorrowland,274,Disneyland Monorail,0,False,2026-04-11T03:40:29.000Z
2026-04-10 20:45:30,Disneyland,Tomorrowland,276,Finding Nemo Submarine Voyage,15,True,2026-04-11T03:40:29.000Z
2026-04-10 20:45:30,Disneyland,Tomorrowland,284,Space Mountain,75,True,2026-04-11T03:40:29.000Z
2026-04-10 20:45:30,Disneyland,Tomorrowland,286,Star Tours - The Adventures Continue,30,True,2026-04-11T03:40:29.000Z
2026-04-10 20:45:30,Disney California Adventure,Avengers Campus,329,Guardians of the Galaxy - Mission: BREAKOUT!,125,True,2026-04-11T03:40:38.000Z
2026-04-10 20:45:30,Disney California Adventure,Avengers Campus,8843,WEB SLINGERS: A Spider-Man Adventure,40,True,2026-04-11T03:40:38.000Z
2026-04-10 20:45:30,Disney California Adventure,Avengers Campus,10907,WEB SLINGERS: A Spider-Man Adventure Single Rider,0,True,2026-04-11T03:40:38.000Z
2026-04-10 20:45:30,Disney California Adventure,Cars Land,13961,Luigi's Rollickin' Roadsters,35,True,2026-04-11T03:40:38.000Z
2026-04-10 20:45:30,Disney California Adventure,Cars Land,315,Mater's Junkyard Jamboree,20,True,2026-04-11T03:40:38.000Z
2026-04-10 20:45:30,Disney California Adventure,Cars Land,295,Radiator Springs Racers,110,True,2026-04-11T03:40:38.000Z
2026-04-10 20:45:30,Disney California Adventure,Cars Land,10904,Radiator Springs Racers Single Rider,0,True,2026-04-11T03:40:38.000Z
2026-04-10 20:45:30,Disney California Adventure,Grizzly Peak,302,Grizzly River Run,5,True,2026-04-11T03:40:38.000Z
2026-04-10 20:45:30,Disney California Adventure,Grizzly Peak,293,Redwood Creek Challenge Trail,0,False,2026-04-11T03:40:38.000Z
2026-04-10 20:45:30,Disney California Adventure,Grizzly Peak,312,Soarin' Over California,80,True,2026-04-11T03:40:38.000Z
2026-04-10 20:45:30,Disney California Adventure,Hollywood Land,321,Animation Academy,0,True,2026-04-11T03:40:38.000Z
2026-04-10 20:45:30,Disney California Adventure,Hollywood Land,6440,Mickey's PhilharMagic,0,False,2026-04-11T03:40:38.000Z
2026-04-10 20:45:30,Disney California Adventure,Hollywood Land,291,"Monsters, Inc. Mike & Sulley to the Rescue!",0,False,2026-04-11T03:40:38.000Z
2026-04-10 20:45:30,Disney California Adventure,Hollywood Land,868,Sorcerer's Workshop,0,False,2026-04-11T03:40:38.000Z
2026-04-10 20:45:30,Disney California Adventure,Hollywood Land,294,Turtle Talk with Crush,0,True,2026-04-11T03:40:38.000Z
2026-04-10 20:45:30,Disney California Adventure,Paradise Gardens Park,298,Golden Zephyr,20,True,2026-04-11T03:40:38.000Z
2026-04-10 20:45:30,Disney California Adventure,Paradise Gardens Park,319,Goofy's Sky School,35,True,2026-04-11T03:40:38.000Z
2026-04-10 20:45:30,Disney California Adventure,Paradise Gardens Park,301,Silly Symphony Swings,10,True,2026-04-11T03:40:38.000Z
2026-04-10 20:45:30,Disney California Adventure,Paradise Gardens Park,10905,Silly Symphony Swings Single Rider,0,True,2026-04-11T03:40:38.000Z
2026-04-10 20:45:30,Disney California Adventure,Paradise Gardens Park,316,The Little Mermaid - Ariel's Undersea Adventure,5,True,2026-04-11T03:40:38.000Z
2026-04-10 20:45:30,Disney California Adventure,Paradise Gardens Park,14742,World of Color Happiness!,0,True,2026-04-11T03:40:38.000Z
2026-04-10 20:45:30,Disney California Adventure,Pixar Pier,13960,Games of Pixar Pier,0,True,2026-04-11T03:40:38.000Z
2026-04-10 20:45:30,Disney California Adventure,Pixar Pier,322,Incredicoaster,80,True,2026-04-11T03:40:38.000Z
2026-04-10 20:45:30,Disney California Adventure,Pixar Pier,10906,Incredicoaster Single Rider,0,True,2026-04-11T03:40:38.000Z
2026-04-10 20:45:30,Disney California Adventure,Pixar Pier,6643,Inside Out Emotional Whirlwind,0,False,2026-04-11T03:40:38.000Z
2026-04-10 20:45:30,Disney California Adventure,Pixar Pier,310,Jessie's Critter Carousel,5,True,2026-04-11T03:40:38.000Z
2026-04-10 20:45:30,Disney California Adventure,Pixar Pier,300,Jumpin' Jellyfish,25,True,2026-04-11T03:40:38.000Z
2026-04-10 20:45:30,Disney California Adventure,Pixar Pier,311,Pixar Pal-A-Round - Swinging,0,False,2026-04-11T03:40:38.000Z
2026-04-10 20:45:30,Disney California Adventure,Pixar Pier,5557,Pixar Pal-A-Round – Non-Swinging,0,False,2026-04-11T03:40:38.000Z
2026-04-10 20:45:30,Disney California Adventure,Pixar Pier,313,Toy Story Midway Mania!,0,False,2026-04-11T03:40:38.000Z
2026-04-10 20:45:30,Disney California Adventure,San Fransokyo Square,13959,The Bakery Tour,0,True,2026-04-11T03:40:38.000Z
